trade_date,root_code,phase,event_id,file_name_clean,phase_anchor_utc,pre_last_endpoint_utc,normal_pre_last_endpoint_utc,post_first_endpoint_utc,post_last_endpoint_utc,price_status,primary_asset,n_pre_returns,n_post_returns,us_0830_candidate,verified_us_release,us_calendar_status,schatz_aligned_available,schatz_bobl_aligned_available,ois1y_expost_available,ea_pc1_expost_available,BV_log_available,RV_log_available
2013-01-10,fx,PR,ECB_20130110,fxh13_intraday-5min_historical-data-03-24-2026_clean.csv,2013-01-10T12:45:00+00:00,2013-01-10T12:40:00+00:00,2013-01-10T12:40:00+00:00,2013-01-10T12:50:00+00:00,2013-01-10T13:10:00+00:00,eligible,True,11,5,False,False,candidate_screen_only,True,True,True,True,True,True
2013-01-10,fx,PC,ECB_20130110,fxh13_intraday-5min_historical-data-03-24-2026_clean.csv,2013-01-10T13:30:00+00:00,2013-01-10T12:40:00+00:00,2013-01-10T13:25:00+00:00,2013-01-10T13:35:00+00:00,2013-01-10T14:15:00+00:00,eligible,True,11,9,True,False,candidate_screen_only,True,True,True,True,True,True
2013-01-10,gg,PR,ECB_20130110,ggh13_intraday-5min_historical-data-03-24-2026_clean.csv,2013-01-10T12:45:00+00:00,2013-01-10T12:40:00+00:00,2013-01-10T12:40:00+00:00,2013-01-10T12:50:00+00:00,2013-01-10T13:10:00+00:00,eligible,True,11,5,False,False,candidate_screen_only,True,True,True,True,True,True
2013-01-10,gg,PC,ECB_20130110,ggh13_intraday-5min_historical-data-03-24-2026_clean.csv,2013-01-10T13:30:00+00:00,2013-01-10T12:40:00+00:00,2013-01-10T13:25:00+00:00,2013-01-10T13:35:00+00:00,2013-01-10T14:15:00+00:00,eligible,True,11,9,True,False,candidate_screen_only,True,True,True,True,True,True
2013-01-10,hf,PR,ECB_20130110,hfh13_intraday-5min_historical-data-09-05-2026_clean.csv,2013-01-10T12:45:00+00:00,2013-01-10T12:40:00+00:00,2013-01-10T12:40:00+00:00,2013-01-10T12:50:00+00:00,2013-01-10T13:10:00+00:00,eligible,False,11,5,False,False,candidate_screen_only,True,True,True,True,True,True
2013-01-10,hf,PC,ECB_20130110,hfh13_intraday-5min_historical-data-09-05-2026_clean.csv,2013-01-10T13:30:00+00:00,2013-01-10T12:40:00+00:00,2013-01-10T13:25:00+00:00,2013-01-10T13:35:00+00:00,2013-01-10T14:15:00+00:00,eligible,False,11,9,True,False,candidate_screen_only,True,True,True,True,True,True
2013-01-10,hr,PR,ECB_20130110,hrh13_intraday-5min_historical-data-09-05-2026_clean.csv,2013-01-10T12:45:00+00:00,2013-01-10T12:40:00+00:00,2013-01-10T12:40:00+00:00,2013-01-10T12:50:00+00:00,2013-01-10T13:10:00+00:00,eligible,False,11,5,False,False,candidate_screen_only,True,True,True,True,True,True
2013-01-10,hr,PC,ECB_20130110,hrh13_intraday-5min_historical-data-09-05-2026_clean.csv,2013-01-10T13:30:00+00:00,2013-01-10T12:40:00+00:00,2013-01-10T13:25:00+00:00,2013-01-10T13:35:00+00:00,2013-01-10T14:15:00+00:00,eligible,False,11,9,True,False,candidate_screen_only,True,True,True,True,True,True
2013-02-07,fx,PR,ECB_20130207,fxh13_intraday-5min_historical-data-03-24-2026_clean.csv,2013-02-07T12:45:00+00:00,2013-02-07T12:40:00+00:00,2013-02-07T12:40:00+00:00,2013-02-07T12:50:00+00:00,2013-02-07T13:10:00+00:00,eligible,True,11,5,False,False,candidate_screen_only,True,True,True,True,True,True
2013-02-07,fx,PC,ECB_20130207,fxh13_intraday-5min_historical-data-03-24-2026_clean.csv,2013-02-07T13:30:00+00:00,2013-02-07T12:40:00+00:00,2013-02-07T13:25:00+00:00,2013-02-07T13:35:00+00:00,2013-02-07T14:15:00+00:00,eligible,True,11,9,True,False,candidate_screen_only,True,True,True,True,True,True
2013-02-07,gg,PR,ECB_20130207,ggh13_intraday-5min_historical-data-03-24-2026_clean.csv,2013-02-07T12:45:00+00:00,2013-02-07T12:40:00+00:00,2013-02-07T12:40:00+00:00,2013-02-07T12:50:00+00:00,2013-02-07T13:10:00+00:00,eligible,True,11,5,False,False,candidate_screen_only,True,True,True,True,True,True
2013-02-07,gg,PC,ECB_20130207,ggh13_intraday-5min_historical-data-03-24-2026_clean.csv,2013-02-07T13:30:00+00:00,2013-02-07T12:40:00+00:00,2013-02-07T13:25:00+00:00,2013-02-07T13:35:00+00:00,2013-02-07T14:15:00+00:00,eligible,True,11,9,True,False,candidate_screen_only,True,True,True,True,True,True
2013-02-07,hf,PR,ECB_20130207,hfh13_intraday-5min_historical-data-09-05-2026_clean.csv,2013-02-07T12:45:00+00:00,2013-02-07T12:40:00+00:00,2013-02-07T12:40:00+00:00,2013-02-07T12:50:00+00:00,2013-02-07T13:10:00+00:00,eligible,False,11,5,False,False,candidate_screen_only,True,True,True,True,True,True
2013-02-07,hf,PC,ECB_20130207,hfh13_intraday-5min_historical-data-09-05-2026_clean.csv,2013-02-07T13:30:00+00:00,2013-02-07T12:40:00+00:00,2013-02-07T13:25:00+00:00,2013-02-07T13:35:00+00:00,2013-02-07T14:15:00+00:00,eligible,False,11,9,True,False,candidate_screen_only,True,True,True,True,True,True
2013-02-07,hr,PR,ECB_20130207,hrh13_intraday-5min_historical-data-09-05-2026_clean.csv,2013-02-07T12:45:00+00:00,2013-02-07T12:40:00+00:00,2013-02-07T12:40:00+00:00,2013-02-07T12:50:00+00:00,2013-02-07T13:10:00+00:00,eligible,False,11,5,False,False,candidate_screen_only,True,True,True,True,True,True
2013-02-07,hr,PC,ECB_20130207,hrh13_intraday-5min_historical-data-09-05-2026_clean.csv,2013-02-07T13:30:00+00:00,2013-02-07T12:40:00+00:00,2013-02-07T13:25:00+00:00,2013-02-07T13:35:00+00:00,2013-02-07T14:15:00+00:00,eligible,False,11,9,True,False,candidate_screen_only,True,True,True,True,True,True
2013-03-07,fx,PR,ECB_20130307,fxh13_intraday-5min_historical-data-03-24-2026_clean.csv,2013-03-07T12:45:00+00:00,2013-03-07T12:40:00+00:00,2013-03-07T12:40:00+00:00,2013-03-07T12:50:00+00:00,2013-03-07T13:10:00+00:00,eligible,True,11,5,False,False,candidate_screen_only,True,True,True,True,True,True
2013-03-07,fx,PC,ECB_20130307,fxh13_intraday-5min_historical-data-03-24-2026_clean.csv,2013-03-07T13:30:00+00:00,2013-03-07T12:40:00+00:00,2013-03-07T13:25:00+00:00,2013-03-07T13:35:00+00:00,2013-03-07T14:15:00+00:00,eligible,True,11,9,True,False,candidate_screen_only,True,True,True,True,True,True
2013-03-07,gg,PR,ECB_20130307,ggm13_intraday-5min_historical-data-03-24-2026_clean.csv,2013-03-07T12:45:00+00:00,2013-03-07T12:40:00+00:00,2013-03-07T12:40:00+00:00,2013-03-07T12:50:00+00:00,2013-03-07T13:10:00+00:00,eligible,True,11,5,False,False,candidate_screen_only,True,True,True,True,True,True
2013-03-07,gg,PC,ECB_20130307,ggm13_intraday-5min_historical-data-03-24-2026_clean.csv,2013-03-07T13:30:00+00:00,2013-03-07T12:40:00+00:00,2013-03-07T13:25:00+00:00,2013-03-07T13:35:00+00:00,2013-03-07T14:15:00+00:00,eligible,True,11,9,True,False,candidate_screen_only,True,True,True,True,True,True
2013-03-07,hf,PR,ECB_20130307,hfm13_intraday-5min_historical-data-09-05-2026_clean.csv,2013-03-07T12:45:00+00:00,2013-03-07T12:40:00+00:00,2013-03-07T12:40:00+00:00,2013-03-07T12:50:00+00:00,2013-03-07T13:10:00+00:00,eligible,False,11,5,False,False,candidate_screen_only,True,True,True,True,True,True
2013-03-07,hf,PC,ECB_20130307,hfm13_intraday-5min_historical-data-09-05-2026_clean.csv,2013-03-07T13:30:00+00:00,2013-03-07T12:40:00+00:00,2013-03-07T13:25:00+00:00,2013-03-07T13:35:00+00:00,2013-03-07T14:15:00+00:00,eligible,False,11,9,True,False,candidate_screen_only,True,True,True,True,True,True
2013-03-07,hr,PR,ECB_20130307,hrm13_intraday-5min_historical-data-09-05-2026_clean.csv,2013-03-07T12:45:00+00:00,2013-03-07T12:40:00+00:00,2013-03-07T12:40:00+00:00,2013-03-07T12:50:00+00:00,2013-03-07T13:10:00+00:00,eligible,False,11,5,False,False,candidate_screen_only,True,True,True,True,False,True
2013-03-07,hr,PC,ECB_20130307,hrm13_intraday-5min_historical-data-09-05-2026_clean.csv,2013-03-07T13:30:00+00:00,2013-03-07T12:40:00+00:00,2013-03-07T13:25:00+00:00,2013-03-07T13:35:00+00:00,2013-03-07T14:15:00+00:00,eligible,False,11,9,True,False,candidate_screen_only,True,True,True,True,True,True
2013-04-04,fx,PR,ECB_20130404,fxm13_intraday-5min_historical-data-03-24-2026_clean.csv,2013-04-04T11:45:00+00:00,2013-04-04T11:40:00+00:00,2013-04-04T11:40:00+00:00,2013-04-04T11:50:00+00:00,2013-04-04T12:10:00+00:00,eligible,True,11,5,False,False,candidate_screen_only,True,True,True,True,True,True
2013-04-04,fx,PC,ECB_20130404,fxm13_intraday-5min_historical-data-03-24-2026_clean.csv,2013-04-04T12:30:00+00:00,2013-04-04T11:40:00+00:00,2013-04-04T12:25:00+00:00,2013-04-04T12:35:00+00:00,2013-04-04T13:15:00+00:00,eligible,True,11,9,True,False,candidate_screen_only,True,True,True,True,True,True
2013-04-04,gg,PR,ECB_20130404,ggm13_intraday-5min_historical-data-03-24-2026_clean.csv,2013-04-04T11:45:00+00:00,2013-04-04T11:40:00+00:00,2013-04-04T11:40:00+00:00,2013-04-04T11:50:00+00:00,2013-04-04T12:10:00+00:00,eligible,True,11,5,False,False,candidate_screen_only,True,True,True,True,True,True
2013-04-04,gg,PC,ECB_20130404,ggm13_intraday-5min_historical-data-03-24-2026_clean.csv,2013-04-04T12:30:00+00:00,2013-04-04T11:40:00+00:00,2013-04-04T12:25:00+00:00,2013-04-04T12:35:00+00:00,2013-04-04T13:15:00+00:00,eligible,True,11,9,True,False,candidate_screen_only,True,True,True,True,True,True
2013-04-04,hf,PR,ECB_20130404,hfm13_intraday-5min_historical-data-09-05-2026_clean.csv,2013-04-04T11:45:00+00:00,2013-04-04T11:40:00+00:00,2013-04-04T11:40:00+00:00,2013-04-04T11:50:00+00:00,2013-04-04T12:10:00+00:00,eligible,False,11,5,False,False,candidate_screen_only,True,True,True,True,True,True
2013-04-04,hf,PC,ECB_20130404,hfm13_intraday-5min_historical-data-09-05-2026_clean.csv,2013-04-04T12:30:00+00:00,2013-04-04T11:40:00+00:00,2013-04-04T12:25:00+00:00,2013-04-04T12:35:00+00:00,2013-04-04T13:15:00+00:00,eligible,False,11,9,True,False,candidate_screen_only,True,True,True,True,True,True
2013-04-04,hr,PR,ECB_20130404,hrm13_intraday-5min_historical-data-09-05-2026_clean.csv,2013-04-04T11:45:00+00:00,2013-04-04T11:40:00+00:00,2013-04-04T11:40:00+00:00,2013-04-04T11:50:00+00:00,2013-04-04T12:10:00+00:00,eligible,False,11,5,False,False,candidate_screen_only,True,True,True,True,True,True
2013-04-04,hr,PC,ECB_20130404,hrm13_intraday-5min_historical-data-09-05-2026_clean.csv,2013-04-04T12:30:00+00:00,2013-04-04T11:40:00+00:00,2013-04-04T12:25:00+00:00,2013-04-04T12:35:00+00:00,2013-04-04T13:15:00+00:00,eligible,False,11,9,True,False,candidate_screen_only,True,True,True,True,True,True
2013-05-02,fx,PR,ECB_20130502,fxm13_intraday-5min_historical-data-03-24-2026_clean.csv,2013-05-02T11:45:00+00:00,2013-05-02T11:40:00+00:00,2013-05-02T11:40:00+00:00,2013-05-02T11:50:00+00:00,2013-05-02T12:10:00+00:00,eligible,True,11,5,False,False,candidate_screen_only,True,True,True,True,True,True
2013-05-02,fx,PC,ECB_20130502,fxm13_intraday-5min_historical-data-03-24-2026_clean.csv,2013-05-02T12:30:00+00:00,2013-05-02T11:40:00+00:00,2013-05-02T12:25:00+00:00,2013-05-02T12:35:00+00:00,2013-05-02T13:15:00+00:00,eligible,True,11,9,True,False,candidate_screen_only,True,True,True,True,True,True
2013-05-02,gg,PR,ECB_20130502,ggm13_intraday-5min_historical-data-03-24-2026_clean.csv,2013-05-02T11:45:00+00:00,2013-05-02T11:40:00+00:00,2013-05-02T11:40:00+00:00,2013-05-02T11:50:00+00:00,2013-05-02T12:10:00+00:00,eligible,True,11,5,False,False,candidate_screen_only,True,True,True,True,True,True
2013-05-02,gg,PC,ECB_20130502,ggm13_intraday-5min_historical-data-03-24-2026_clean.csv,2013-05-02T12:30:00+00:00,2013-05-02T11:40:00+00:00,2013-05-02T12:25:00+00:00,2013-05-02T12:35:00+00:00,2013-05-02T13:15:00+00:00,eligible,True,11,9,True,False,candidate_screen_only,True,True,True,True,True,True
2013-05-02,hf,PR,ECB_20130502,hfm13_intraday-5min_historical-data-09-05-2026_clean.csv,2013-05-02T11:45:00+00:00,2013-05-02T11:40:00+00:00,2013-05-02T11:40:00+00:00,2013-05-02T11:50:00+00:00,2013-05-02T12:10:00+00:00,eligible,False,11,5,False,False,candidate_screen_only,True,True,True,True,True,True
2013-05-02,hf,PC,ECB_20130502,hfm13_intraday-5min_historical-data-09-05-2026_clean.csv,2013-05-02T12:30:00+00:00,2013-05-02T11:40:00+00:00,2013-05-02T12:25:00+00:00,2013-05-02T12:35:00+00:00,2013-05-02T13:15:00+00:00,eligible,False,11,9,True,False,candidate_screen_only,True,True,True,True,True,True
2013-05-02,hr,PR,ECB_20130502,hrm13_intraday-5min_historical-data-09-05-2026_clean.csv,2013-05-02T11:45:00+00:00,2013-05-02T11:40:00+00:00,2013-05-02T11:40:00+00:00,2013-05-02T11:50:00+00:00,2013-05-02T12:10:00+00:00,eligible,False,11,5,False,False,candidate_screen_only,True,True,True,True,True,True
2013-05-02,hr,PC,ECB_20130502,hrm13_intraday-5min_historical-data-09-05-2026_clean.csv,2013-05-02T12:30:00+00:00,2013-05-02T11:40:00+00:00,2013-05-02T12:25:00+00:00,2013-05-02T12:35:00+00:00,2013-05-02T13:15:00+00:00,eligible,False,11,9,True,False,candidate_screen_only,True,True,True,True,True,True
2013-06-06,fx,PR,ECB_20130606,fxm13_intraday-5min_historical-data-03-24-2026_clean.csv,2013-06-06T11:45:00+00:00,2013-06-06T11:40:00+00:00,2013-06-06T11:40:00+00:00,2013-06-06T11:50:00+00:00,2013-06-06T12:10:00+00:00,eligible,True,11,5,False,False,candidate_screen_only,True,True,True,True,False,True
2013-06-06,fx,PC,ECB_20130606,fxm13_intraday-5min_historical-data-03-24-2026_clean.csv,2013-06-06T12:30:00+00:00,2013-06-06T11:40:00+00:00,2013-06-06T12:25:00+00:00,2013-06-06T12:35:00+00:00,2013-06-06T13:15:00+00:00,eligible,True,11,9,True,False,candidate_screen_only,True,True,True,True,True,True
2013-06-06,gg,PR,ECB_20130606,ggu13_intraday-5min_historical-data-03-24-2026_clean.csv,2013-06-06T11:45:00+00:00,2013-06-06T11:40:00+00:00,2013-06-06T11:40:00+00:00,2013-06-06T11:50:00+00:00,2013-06-06T12:10:00+00:00,eligible,True,11,5,False,False,candidate_screen_only,True,True,True,True,True,True
2013-06-06,gg,PC,ECB_20130606,ggu13_intraday-5min_historical-data-03-24-2026_clean.csv,2013-06-06T12:30:00+00:00,2013-06-06T11:40:00+00:00,2013-06-06T12:25:00+00:00,2013-06-06T12:35:00+00:00,2013-06-06T13:15:00+00:00,eligible,True,11,9,True,False,candidate_screen_only,True,True,True,True,True,True
2013-06-06,hf,PR,ECB_20130606,hfu13_intraday-5min_historical-data-09-05-2026_clean.csv,2013-06-06T11:45:00+00:00,2013-06-06T11:40:00+00:00,2013-06-06T11:40:00+00:00,2013-06-06T11:50:00+00:00,2013-06-06T12:10:00+00:00,eligible,False,11,5,False,False,candidate_screen_only,True,True,True,True,True,True
2013-06-06,hf,PC,ECB_20130606,hfu13_intraday-5min_historical-data-09-05-2026_clean.csv,2013-06-06T12:30:00+00:00,2013-06-06T11:40:00+00:00,2013-06-06T12:25:00+00:00,2013-06-06T12:35:00+00:00,2013-06-06T13:15:00+00:00,eligible,False,11,9,True,False,candidate_screen_only,True,True,True,True,True,True
2013-06-06,hr,PR,ECB_20130606,hru13_intraday-5min_historical-data-09-05-2026_clean.csv,2013-06-06T11:45:00+00:00,2013-06-06T11:40:00+00:00,2013-06-06T11:40:00+00:00,2013-06-06T11:50:00+00:00,2013-06-06T12:10:00+00:00,eligible,False,11,5,False,False,candidate_screen_only,True,True,True,True,True,True
2013-06-06,hr,PC,ECB_20130606,hru13_intraday-5min_historical-data-09-05-2026_clean.csv,2013-06-06T12:30:00+00:00,2013-06-06T11:40:00+00:00,2013-06-06T12:25:00+00:00,2013-06-06T12:35:00+00:00,2013-06-06T13:15:00+00:00,eligible,False,11,9,True,False,candidate_screen_only,True,True,True,True,True,True
2013-07-04,fx,PR,ECB_20130704,fxu13_intraday-5min_historical-data-03-24-2026_clean.csv,2013-07-04T11:45:00+00:00,2013-07-04T11:40:00+00:00,2013-07-04T11:40:00+00:00,2013-07-04T11:50:00+00:00,2013-07-04T12:10:00+00:00,eligible,True,11,5,False,False,candidate_screen_only,True,True,True,True,True,True
2013-07-04,fx,PC,ECB_20130704,fxu13_intraday-5min_historical-data-03-24-2026_clean.csv,2013-07-04T12:30:00+00:00,2013-07-04T11:40:00+00:00,2013-07-04T12:25:00+00:00,2013-07-04T12:35:00+00:00,2013-07-04T13:15:00+00:00,eligible,True,11,9,True,False,candidate_screen_only,True,True,True,True,True,True
2013-07-04,gg,PR,ECB_20130704,ggu13_intraday-5min_historical-data-03-24-2026_clean.csv,2013-07-04T11:45:00+00:00,2013-07-04T11:40:00+00:00,2013-07-04T11:40:00+00:00,2013-07-04T11:50:00+00:00,2013-07-04T12:10:00+00:00,eligible,True,11,5,False,False,candidate_screen_only,True,True,True,True,True,True
2013-07-04,gg,PC,ECB_20130704,ggu13_intraday-5min_historical-data-03-24-2026_clean.csv,2013-07-04T12:30:00+00:00,2013-07-04T11:40:00+00:00,2013-07-04T12:25:00+00:00,2013-07-04T12:35:00+00:00,2013-07-04T13:15:00+00:00,eligible,True,11,9,True,False,candidate_screen_only,True,True,True,True,True,True
2013-07-04,hf,PR,ECB_20130704,hfu13_intraday-5min_historical-data-09-05-2026_clean.csv,2013-07-04T11:45:00+00:00,2013-07-04T11:40:00+00:00,2013-07-04T11:40:00+00:00,2013-07-04T11:50:00+00:00,2013-07-04T12:10:00+00:00,eligible,False,11,5,False,False,candidate_screen_only,True,True,True,True,True,True
2013-07-04,hf,PC,ECB_20130704,hfu13_intraday-5min_historical-data-09-05-2026_clean.csv,2013-07-04T12:30:00+00:00,2013-07-04T11:40:00+00:00,2013-07-04T12:25:00+00:00,2013-07-04T12:35:00+00:00,2013-07-04T13:15:00+00:00,eligible,False,11,9,True,False,candidate_screen_only,True,True,True,True,True,True
2013-07-04,hr,PR,ECB_20130704,hru13_intraday-5min_historical-data-09-05-2026_clean.csv,2013-07-04T11:45:00+00:00,2013-07-04T11:40:00+00:00,2013-07-04T11:40:00+00:00,2013-07-04T11:50:00+00:00,2013-07-04T12:10:00+00:00,eligible,False,11,5,False,False,candidate_screen_only,True,True,True,True,True,True
2013-07-04,hr,PC,ECB_20130704,hru13_intraday-5min_historical-data-09-05-2026_clean.csv,2013-07-04T12:30:00+00:00,2013-07-04T11:40:00+00:00,2013-07-04T12:25:00+00:00,2013-07-04T12:35:00+00:00,2013-07-04T13:15:00+00:00,eligible,False,11,9,True,False,candidate_screen_only,True,True,True,True,True,True
2013-08-01,fx,PR,ECB_20130801,fxu13_intraday-5min_historical-data-03-24-2026_clean.csv,2013-08-01T11:45:00+00:00,2013-08-01T11:40:00+00:00,2013-08-01T11:40:00+00:00,2013-08-01T11:50:00+00:00,2013-08-01T12:10:00+00:00,eligible,True,11,5,False,False,candidate_screen_only,True,True,True,True,True,True
2013-08-01,fx,PC,ECB_20130801,fxu13_intraday-5min_historical-data-03-24-2026_clean.csv,2013-08-01T12:30:00+00:00,2013-08-01T11:40:00+00:00,2013-08-01T12:25:00+00:00,2013-08-01T12:35:00+00:00,2013-08-01T13:15:00+00:00,eligible,True,11,9,True,False,candidate_screen_only,True,True,True,True,True,True
2013-08-01,gg,PR,ECB_20130801,ggu13_intraday-5min_historical-data-03-24-2026_clean.csv,2013-08-01T11:45:00+00:00,2013-08-01T11:40:00+00:00,2013-08-01T11:40:00+00:00,2013-08-01T11:50:00+00:00,2013-08-01T12:10:00+00:00,eligible,True,11,5,False,False,candidate_screen_only,True,True,True,True,True,True
2013-08-01,gg,PC,ECB_20130801,ggu13_intraday-5min_historical-data-03-24-2026_clean.csv,2013-08-01T12:30:00+00:00,2013-08-01T11:40:00+00:00,2013-08-01T12:25:00+00:00,2013-08-01T12:35:00+00:00,2013-08-01T13:15:00+00:00,eligible,True,11,9,True,False,candidate_screen_only,True,True,True,True,True,True
2013-08-01,hf,PR,ECB_20130801,hfu13_intraday-5min_historical-data-09-05-2026_clean.csv,2013-08-01T11:45:00+00:00,2013-08-01T11:40:00+00:00,2013-08-01T11:40:00+00:00,2013-08-01T11:50:00+00:00,2013-08-01T12:10:00+00:00,eligible,False,11,5,False,False,candidate_screen_only,True,True,True,True,True,True
2013-08-01,hf,PC,ECB_20130801,hfu13_intraday-5min_historical-data-09-05-2026_clean.csv,2013-08-01T12:30:00+00:00,2013-08-01T11:40:00+00:00,2013-08-01T12:25:00+00:00,2013-08-01T12:35:00+00:00,2013-08-01T13:15:00+00:00,eligible,False,11,9,True,False,candidate_screen_only,True,True,True,True,True,True
2013-08-01,hr,PR,ECB_20130801,hru13_intraday-5min_historical-data-09-05-2026_clean.csv,2013-08-01T11:45:00+00:00,2013-08-01T11:40:00+00:00,2013-08-01T11:40:00+00:00,2013-08-01T11:50:00+00:00,2013-08-01T12:10:00+00:00,eligible,False,11,5,False,False,candidate_screen_only,True,True,True,True,True,True
2013-08-01,hr,PC,ECB_20130801,hru13_intraday-5min_historical-data-09-05-2026_clean.csv,2013-08-01T12:30:00+00:00,2013-08-01T11:40:00+00:00,2013-08-01T12:25:00+00:00,2013-08-01T12:35:00+00:00,2013-08-01T13:15:00+00:00,eligible,False,11,9,True,False,candidate_screen_only,True,True,True,True,True,True
2013-09-05,fx,PR,ECB_20130905,fxu13_intraday-5min_historical-data-03-24-2026_clean.csv,2013-09-05T11:45:00+00:00,2013-09-05T11:40:00+00:00,2013-09-05T11:40:00+00:00,2013-09-05T11:50:00+00:00,2013-09-05T12:10:00+00:00,eligible,True,11,5,False,False,candidate_screen_only,True,True,True,True,True,True
2013-09-05,fx,PC,ECB_20130905,fxu13_intraday-5min_historical-data-03-24-2026_clean.csv,2013-09-05T12:30:00+00:00,2013-09-05T11:40:00+00:00,2013-09-05T12:25:00+00:00,2013-09-05T12:35:00+00:00,2013-09-05T13:15:00+00:00,eligible,True,11,9,True,False,candidate_screen_only,True,True,True,True,True,True
2013-09-05,gg,PR,ECB_20130905,ggz13_intraday-5min_historical-data-03-24-2026_clean.csv,2013-09-05T11:45:00+00:00,2013-09-05T11:40:00+00:00,2013-09-05T11:40:00+00:00,2013-09-05T11:50:00+00:00,2013-09-05T12:10:00+00:00,eligible,True,11,5,False,False,candidate_screen_only,True,True,True,True,True,True
2013-09-05,gg,PC,ECB_20130905,ggz13_intraday-5min_historical-data-03-24-2026_clean.csv,2013-09-05T12:30:00+00:00,2013-09-05T11:40:00+00:00,2013-09-05T12:25:00+00:00,2013-09-05T12:35:00+00:00,2013-09-05T13:15:00+00:00,eligible,True,11,9,True,False,candidate_screen_only,True,True,True,True,True,True
2013-09-05,hf,PR,ECB_20130905,hfz13_intraday-5min_historical-data-09-05-2026_clean.csv,2013-09-05T11:45:00+00:00,2013-09-05T11:40:00+00:00,2013-09-05T11:40:00+00:00,2013-09-05T11:50:00+00:00,2013-09-05T12:10:00+00:00,eligible,False,11,5,False,False,candidate_screen_only,True,True,True,True,True,True
2013-09-05,hf,PC,ECB_20130905,hfz13_intraday-5min_historical-data-09-05-2026_clean.csv,2013-09-05T12:30:00+00:00,2013-09-05T11:40:00+00:00,2013-09-05T12:25:00+00:00,2013-09-05T12:35:00+00:00,2013-09-05T13:15:00+00:00,eligible,False,11,9,True,False,candidate_screen_only,True,True,True,True,True,True
2013-09-05,hr,PR,ECB_20130905,hrz13_intraday-5min_historical-data-09-05-2026_clean.csv,2013-09-05T11:45:00+00:00,2013-09-05T11:40:00+00:00,2013-09-05T11:40:00+00:00,2013-09-05T11:50:00+00:00,2013-09-05T12:10:00+00:00,eligible,False,11,5,False,False,candidate_screen_only,True,True,True,True,True,True
2013-09-05,hr,PC,ECB_20130905,hrz13_intraday-5min_historical-data-09-05-2026_clean.csv,2013-09-05T12:30:00+00:00,2013-09-05T11:40:00+00:00,2013-09-05T12:25:00+00:00,2013-09-05T12:35:00+00:00,2013-09-05T13:15:00+00:00,eligible,False,11,9,True,False,candidate_screen_only,True,True,True,True,True,True
2013-10-02,fx,PR,ECB_20131002,fxz13_intraday-5min_historical-data-03-24-2026_clean.csv,2013-10-02T11:45:00+00:00,2013-10-02T11:40:00+00:00,2013-10-02T11:40:00+00:00,2013-10-02T11:50:00+00:00,2013-10-02T12:10:00+00:00,eligible,True,11,5,False,False,candidate_screen_only,True,True,True,True,True,True
2013-10-02,fx,PC,ECB_20131002,fxz13_intraday-5min_historical-data-03-24-2026_clean.csv,2013-10-02T12:30:00+00:00,2013-10-02T11:40:00+00:00,2013-10-02T12:25:00+00:00,2013-10-02T12:35:00+00:00,2013-10-02T13:15:00+00:00,eligible,True,11,9,True,False,candidate_screen_only,True,True,True,True,True,True
2013-10-02,gg,PR,ECB_20131002,ggz13_intraday-5min_historical-data-03-24-2026_clean.csv,2013-10-02T11:45:00+00:00,2013-10-02T11:40:00+00:00,2013-10-02T11:40:00+00:00,2013-10-02T11:50:00+00:00,2013-10-02T12:10:00+00:00,eligible,True,11,5,False,False,candidate_screen_only,True,True,True,True,True,True
2013-10-02,gg,PC,ECB_20131002,ggz13_intraday-5min_historical-data-03-24-2026_clean.csv,2013-10-02T12:30:00+00:00,2013-10-02T11:40:00+00:00,2013-10-02T12:25:00+00:00,2013-10-02T12:35:00+00:00,2013-10-02T13:15:00+00:00,eligible,True,11,9,True,False,candidate_screen_only,True,True,True,True,True,True
2013-10-02,hf,PR,ECB_20131002,hfz13_intraday-5min_historical-data-09-05-2026_clean.csv,2013-10-02T11:45:00+00:00,2013-10-02T11:40:00+00:00,2013-10-02T11:40:00+00:00,2013-10-02T11:50:00+00:00,2013-10-02T12:10:00+00:00,eligible,False,11,5,False,False,candidate_screen_only,True,True,True,True,False,True
2013-10-02,hf,PC,ECB_20131002,hfz13_intraday-5min_historical-data-09-05-2026_clean.csv,2013-10-02T12:30:00+00:00,2013-10-02T11:40:00+00:00,2013-10-02T12:25:00+00:00,2013-10-02T12:35:00+00:00,2013-10-02T13:15:00+00:00,eligible,False,11,9,True,False,candidate_screen_only,True,True,True,True,True,True
2013-10-02,hr,PR,ECB_20131002,hrz13_intraday-5min_historical-data-09-05-2026_clean.csv,2013-10-02T11:45:00+00:00,2013-10-02T11:40:00+00:00,2013-10-02T11:40:00+00:00,2013-10-02T11:50:00+00:00,2013-10-02T12:10:00+00:00,eligible,False,11,5,False,False,candidate_screen_only,True,True,True,True,True,True
2013-10-02,hr,PC,ECB_20131002,hrz13_intraday-5min_historical-data-09-05-2026_clean.csv,2013-10-02T12:30:00+00:00,2013-10-02T11:40:00+00:00,2013-10-02T12:25:00+00:00,2013-10-02T12:35:00+00:00,2013-10-02T13:15:00+00:00,eligible,False,11,9,True,False,candidate_screen_only,True,True,True,True,True,True
2013-11-07,fx,PR,ECB_20131107,fxz13_intraday-5min_historical-data-03-24-2026_clean.csv,2013-11-07T12:45:00+00:00,2013-11-07T12:40:00+00:00,2013-11-07T12:40:00+00:00,2013-11-07T12:50:00+00:00,2013-11-07T13:10:00+00:00,eligible,True,11,5,False,False,candidate_screen_only,True,True,True,True,True,True
2013-11-07,fx,PC,ECB_20131107,fxz13_intraday-5min_historical-data-03-24-2026_clean.csv,2013-11-07T13:30:00+00:00,2013-11-07T12:40:00+00:00,2013-11-07T13:25:00+00:00,2013-11-07T13:35:00+00:00,2013-11-07T14:15:00+00:00,eligible,True,11,9,True,False,candidate_screen_only,True,True,True,True,True,True
2013-11-07,gg,PR,ECB_20131107,ggz13_intraday-5min_historical-data-03-24-2026_clean.csv,2013-11-07T12:45:00+00:00,2013-11-07T12:40:00+00:00,2013-11-07T12:40:00+00:00,2013-11-07T12:50:00+00:00,2013-11-07T13:10:00+00:00,eligible,True,11,5,False,False,candidate_screen_only,True,True,True,True,True,True
2013-11-07,gg,PC,ECB_20131107,ggz13_intraday-5min_historical-data-03-24-2026_clean.csv,2013-11-07T13:30:00+00:00,2013-11-07T12:40:00+00:00,2013-11-07T13:25:00+00:00,2013-11-07T13:35:00+00:00,2013-11-07T14:15:00+00:00,eligible,True,11,9,True,False,candidate_screen_only,True,True,True,True,True,True
2013-11-07,hf,PR,ECB_20131107,hfz13_intraday-5min_historical-data-09-05-2026_clean.csv,2013-11-07T12:45:00+00:00,2013-11-07T12:40:00+00:00,2013-11-07T12:40:00+00:00,2013-11-07T12:50:00+00:00,2013-11-07T13:10:00+00:00,eligible,False,11,5,False,False,candidate_screen_only,True,True,True,True,True,True
2013-11-07,hf,PC,ECB_20131107,hfz13_intraday-5min_historical-data-09-05-2026_clean.csv,2013-11-07T13:30:00+00:00,2013-11-07T12:40:00+00:00,2013-11-07T13:25:00+00:00,2013-11-07T13:35:00+00:00,2013-11-07T14:15:00+00:00,eligible,False,11,9,True,False,candidate_screen_only,True,True,True,True,True,True
2013-11-07,hr,PR,ECB_20131107,hrz13_intraday-5min_historical-data-09-05-2026_clean.csv,2013-11-07T12:45:00+00:00,2013-11-07T12:40:00+00:00,2013-11-07T12:40:00+00:00,2013-11-07T12:50:00+00:00,2013-11-07T13:10:00+00:00,eligible,False,11,5,False,False,candidate_screen_only,True,True,True,True,True,True
2013-11-07,hr,PC,ECB_20131107,hrz13_intraday-5min_historical-data-09-05-2026_clean.csv,2013-11-07T13:30:00+00:00,2013-11-07T12:40:00+00:00,2013-11-07T13:25:00+00:00,2013-11-07T13:35:00+00:00,2013-11-07T14:15:00+00:00,eligible,False,11,9,True,False,candidate_screen_only,True,True,True,True,True,True
2013-12-05,fx,PR,ECB_20131205,fxz13_intraday-5min_historical-data-03-24-2026_clean.csv,2013-12-05T12:45:00+00:00,2013-12-05T12:40:00+00:00,2013-12-05T12:40:00+00:00,2013-12-05T12:50:00+00:00,2013-12-05T13:10:00+00:00,eligible,True,11,5,False,False,candidate_screen_only,True,True,True,True,True,True
2013-12-05,fx,PC,ECB_20131205,fxz13_intraday-5min_historical-data-03-24-2026_clean.csv,2013-12-05T13:30:00+00:00,2013-12-05T12:40:00+00:00,2013-12-05T13:25:00+00:00,2013-12-05T13:35:00+00:00,2013-12-05T14:15:00+00:00,eligible,True,11,9,True,False,candidate_screen_only,True,True,True,True,True,True
2013-12-05,gg,PR,ECB_20131205,ggh14_intraday-5min_historical-data-03-24-2026_clean.csv,2013-12-05T12:45:00+00:00,2013-12-05T12:40:00+00:00,2013-12-05T12:40:00+00:00,2013-12-05T12:50:00+00:00,2013-12-05T13:10:00+00:00,eligible,True,11,5,False,False,candidate_screen_only,True,True,True,True,True,True
2013-12-05,gg,PC,ECB_20131205,ggh14_intraday-5min_historical-data-03-24-2026_clean.csv,2013-12-05T13:30:00+00:00,2013-12-05T12:40:00+00:00,2013-12-05T13:25:00+00:00,2013-12-05T13:35:00+00:00,2013-12-05T14:15:00+00:00,eligible,True,11,9,True,False,candidate_screen_only,True,True,True,True,True,True
2013-12-05,hf,PR,ECB_20131205,hfh14_intraday-5min_historical-data-09-05-2026_clean.csv,2013-12-05T12:45:00+00:00,2013-12-05T12:40:00+00:00,2013-12-05T12:40:00+00:00,2013-12-05T12:50:00+00:00,2013-12-05T13:10:00+00:00,eligible,False,11,5,False,False,candidate_screen_only,True,True,True,True,True,True
2013-12-05,hf,PC,ECB_20131205,hfh14_intraday-5min_historical-data-09-05-2026_clean.csv,2013-12-05T13:30:00+00:00,2013-12-05T12:40:00+00:00,2013-12-05T13:25:00+00:00,2013-12-05T13:35:00+00:00,2013-12-05T14:15:00+00:00,eligible,False,11,9,True,False,candidate_screen_only,True,True,True,True,True,True
2013-12-05,hr,PR,ECB_20131205,hrh14_intraday-5min_historical-data-09-05-2026_clean.csv,2013-12-05T12:45:00+00:00,2013-12-05T12:40:00+00:00,2013-12-05T12:40:00+00:00,2013-12-05T12:50:00+00:00,2013-12-05T13:10:00+00:00,eligible,False,11,5,False,False,candidate_screen_only,True,True,True,True,True,True
2013-12-05,hr,PC,ECB_20131205,hrh14_intraday-5min_historical-data-09-05-2026_clean.csv,2013-12-05T13:30:00+00:00,2013-12-05T12:40:00+00:00,2013-12-05T13:25:00+00:00,2013-12-05T13:35:00+00:00,2013-12-05T14:15:00+00:00,eligible,False,11,9,True,False,candidate_screen_only,True,True,True,True,True,True
2014-01-09,fx,PR,ECB_20140109,fxh14_intraday-5min_historical-data-03-24-2026_clean.csv,2014-01-09T12:45:00+00:00,2014-01-09T12:40:00+00:00,2014-01-09T12:40:00+00:00,2014-01-09T12:50:00+00:00,2014-01-09T13:10:00+00:00,eligible,True,11,5,False,False,candidate_screen_only,True,True,True,True,True,True
2014-01-09,fx,PC,ECB_20140109,fxh14_intraday-5min_historical-data-03-24-2026_clean.csv,2014-01-09T13:30:00+00:00,2014-01-09T12:40:00+00:00,2014-01-09T13:25:00+00:00,2014-01-09T13:35:00+00:00,2014-01-09T14:15:00+00:00,eligible,True,11,9,True,False,candidate_screen_only,True,True,True,True,True,True
2014-01-09,gg,PR,ECB_20140109,ggh14_intraday-5min_historical-data-03-24-2026_clean.csv,2014-01-09T12:45:00+00:00,2014-01-09T12:40:00+00:00,2014-01-09T12:40:00+00:00,2014-01-09T12:50:00+00:00,2014-01-09T13:10:00+00:00,eligible,True,11,5,False,False,candidate_screen_only,True,True,True,True,True,True
2014-01-09,gg,PC,ECB_20140109,ggh14_intraday-5min_historical-data-03-24-2026_clean.csv,2014-01-09T13:30:00+00:00,2014-01-09T12:40:00+00:00,2014-01-09T13:25:00+00:00,2014-01-09T13:35:00+00:00,2014-01-09T14:15:00+00:00,eligible,True,11,9,True,False,candidate_screen_only,True,True,True,True,True,True
2014-01-09,hf,PR,ECB_20140109,hfh14_intraday-5min_historical-data-09-05-2026_clean.csv,2014-01-09T12:45:00+00:00,2014-01-09T12:40:00+00:00,2014-01-09T12:40:00+00:00,2014-01-09T12:50:00+00:00,2014-01-09T13:10:00+00:00,eligible,False,11,5,False,False,candidate_screen_only,True,True,True,True,True,True
2014-01-09,hf,PC,ECB_20140109,hfh14_intraday-5min_historical-data-09-05-2026_clean.csv,2014-01-09T13:30:00+00:00,2014-01-09T12:40:00+00:00,2014-01-09T13:25:00+00:00,2014-01-09T13:35:00+00:00,2014-01-09T14:15:00+00:00,eligible,False,11,9,True,False,candidate_screen_only,True,True,True,True,True,True
2014-01-09,hr,PR,ECB_20140109,hrh14_intraday-5min_historical-data-09-05-2026_clean.csv,2014-01-09T12:45:00+00:00,2014-01-09T12:40:00+00:00,2014-01-09T12:40:00+00:00,2014-01-09T12:50:00+00:00,2014-01-09T13:10:00+00:00,eligible,False,11,5,False,False,candidate_screen_only,True,True,True,True,True,True
2014-01-09,hr,PC,ECB_20140109,hrh14_intraday-5min_historical-data-09-05-2026_clean.csv,2014-01-09T13:30:00+00:00,2014-01-09T12:40:00+00:00,2014-01-09T13:25:00+00:00,2014-01-09T13:35:00+00:00,2014-01-09T14:15:00+00:00,eligible,False,11,9,True,False,candidate_screen_only,True,True,True,True,True,True
2014-02-06,fx,PR,ECB_20140206,fxh14_intraday-5min_historical-data-03-24-2026_clean.csv,2014-02-06T12:45:00+00:00,2014-02-06T12:40:00+00:00,2014-02-06T12:40:00+00:00,2014-02-06T12:50:00+00:00,2014-02-06T13:10:00+00:00,eligible,True,11,5,False,False,candidate_screen_only,True,True,True,True,True,True
2014-02-06,fx,PC,ECB_20140206,fxh14_intraday-5min_historical-data-03-24-2026_clean.csv,2014-02-06T13:30:00+00:00,2014-02-06T12:40:00+00:00,2014-02-06T13:25:00+00:00,2014-02-06T13:35:00+00:00,2014-02-06T14:15:00+00:00,eligible,True,11,9,True,False,candidate_screen_only,True,True,True,True,True,True
2014-02-06,gg,PR,ECB_20140206,ggh14_intraday-5min_historical-data-03-24-2026_clean.csv,2014-02-06T12:45:00+00:00,2014-02-06T12:40:00+00:00,2014-02-06T12:40:00+00:00,2014-02-06T12:50:00+00:00,2014-02-06T13:10:00+00:00,eligible,True,11,5,False,False,candidate_screen_only,True,True,True,True,True,True
2014-02-06,gg,PC,ECB_20140206,ggh14_intraday-5min_historical-data-03-24-2026_clean.csv,2014-02-06T13:30:00+00:00,2014-02-06T12:40:00+00:00,2014-02-06T13:25:00+00:00,2014-02-06T13:35:00+00:00,2014-02-06T14:15:00+00:00,eligible,True,11,9,True,False,candidate_screen_only,True,True,True,True,True,True
2014-02-06,hf,PR,ECB_20140206,hfh14_intraday-5min_historical-data-09-05-2026_clean.csv,2014-02-06T12:45:00+00:00,2014-02-06T12:40:00+00:00,2014-02-06T12:40:00+00:00,2014-02-06T12:50:00+00:00,2014-02-06T13:10:00+00:00,eligible,False,11,5,False,False,candidate_screen_only,True,True,True,True,True,True
2014-02-06,hf,PC,ECB_20140206,hfh14_intraday-5min_historical-data-09-05-2026_clean.csv,2014-02-06T13:30:00+00:00,2014-02-06T12:40:00+00:00,2014-02-06T13:25:00+00:00,2014-02-06T13:35:00+00:00,2014-02-06T14:15:00+00:00,eligible,False,11,9,True,False,candidate_screen_only,True,True,True,True,True,True
2014-02-06,hr,PR,ECB_20140206,hrh14_intraday-5min_historical-data-09-05-2026_clean.csv,2014-02-06T12:45:00+00:00,2014-02-06T12:40:00+00:00,2014-02-06T12:40:00+00:00,2014-02-06T12:50:00+00:00,2014-02-06T13:10:00+00:00,eligible,False,11,5,False,False,candidate_screen_only,True,True,True,True,True,True
2014-02-06,hr,PC,ECB_20140206,hrh14_intraday-5min_historical-data-09-05-2026_clean.csv,2014-02-06T13:30:00+00:00,2014-02-06T12:40:00+00:00,2014-02-06T13:25:00+00:00,2014-02-06T13:35:00+00:00,2014-02-06T14:15:00+00:00,eligible,False,11,9,True,False,candidate_screen_only,True,True,True,True,True,True
2014-03-06,fx,PR,ECB_20140306,fxh14_intraday-5min_historical-data-03-24-2026_clean.csv,2014-03-06T12:45:00+00:00,2014-03-06T12:40:00+00:00,2014-03-06T12:40:00+00:00,2014-03-06T12:50:00+00:00,2014-03-06T13:10:00+00:00,eligible,True,11,5,False,False,candidate_screen_only,True,True,True,True,True,True
2014-03-06,fx,PC,ECB_20140306,fxh14_intraday-5min_historical-data-03-24-2026_clean.csv,2014-03-06T13:30:00+00:00,2014-03-06T12:40:00+00:00,2014-03-06T13:25:00+00:00,2014-03-06T13:35:00+00:00,2014-03-06T14:15:00+00:00,eligible,True,11,9,True,False,candidate_screen_only,True,True,True,True,True,True
2014-03-06,gg,PR,ECB_20140306,ggm14_intraday-5min_historical-data-03-24-2026_clean.csv,2014-03-06T12:45:00+00:00,2014-03-06T12:40:00+00:00,2014-03-06T12:40:00+00:00,2014-03-06T12:50:00+00:00,2014-03-06T13:10:00+00:00,eligible,True,11,5,False,False,candidate_screen_only,True,True,True,True,True,True
2014-03-06,gg,PC,ECB_20140306,ggm14_intraday-5min_historical-data-03-24-2026_clean.csv,2014-03-06T13:30:00+00:00,2014-03-06T12:40:00+00:00,2014-03-06T13:25:00+00:00,2014-03-06T13:35:00+00:00,2014-03-06T14:15:00+00:00,eligible,True,11,9,True,False,candidate_screen_only,True,True,True,True,True,True
2014-03-06,hf,PR,ECB_20140306,hfm14_intraday-5min_historical-data-09-05-2026_clean.csv,2014-03-06T12:45:00+00:00,2014-03-06T12:40:00+00:00,2014-03-06T12:40:00+00:00,2014-03-06T12:50:00+00:00,2014-03-06T13:10:00+00:00,eligible,False,11,5,False,False,candidate_screen_only,True,True,True,True,True,True
2014-03-06,hf,PC,ECB_20140306,hfm14_intraday-5min_historical-data-09-05-2026_clean.csv,2014-03-06T13:30:00+00:00,2014-03-06T12:40:00+00:00,2014-03-06T13:25:00+00:00,2014-03-06T13:35:00+00:00,2014-03-06T14:15:00+00:00,eligible,False,11,9,True,False,candidate_screen_only,True,True,True,True,True,True
2014-03-06,hr,PR,ECB_20140306,hrm14_intraday-5min_historical-data-09-05-2026_clean.csv,2014-03-06T12:45:00+00:00,2014-03-06T12:40:00+00:00,2014-03-06T12:40:00+00:00,2014-03-06T12:50:00+00:00,2014-03-06T13:10:00+00:00,eligible,False,11,5,False,False,candidate_screen_only,True,True,True,True,True,True
2014-03-06,hr,PC,ECB_20140306,hrm14_intraday-5min_historical-data-09-05-2026_clean.csv,2014-03-06T13:30:00+00:00,2014-03-06T12:40:00+00:00,2014-03-06T13:25:00+00:00,2014-03-06T13:35:00+00:00,2014-03-06T14:15:00+00:00,eligible,False,11,9,True,False,candidate_screen_only,True,True,True,True,True,True
2014-04-03,fx,PR,ECB_20140403,fxm14_intraday-5min_historical-data-03-24-2026_clean.csv,2014-04-03T11:45:00+00:00,2014-04-03T11:40:00+00:00,2014-04-03T11:40:00+00:00,2014-04-03T11:50:00+00:00,2014-04-03T12:10:00+00:00,eligible,True,11,5,False,False,candidate_screen_only,True,True,True,True,True,True
2014-04-03,fx,PC,ECB_20140403,fxm14_intraday-5min_historical-data-03-24-2026_clean.csv,2014-04-03T12:30:00+00:00,2014-04-03T11:40:00+00:00,2014-04-03T12:25:00+00:00,2014-04-03T12:35:00+00:00,2014-04-03T13:15:00+00:00,eligible,True,11,9,True,False,candidate_screen_only,True,True,True,True,True,True
2014-04-03,gg,PR,ECB_20140403,ggm14_intraday-5min_historical-data-03-24-2026_clean.csv,2014-04-03T11:45:00+00:00,2014-04-03T11:40:00+00:00,2014-04-03T11:40:00+00:00,2014-04-03T11:50:00+00:00,2014-04-03T12:10:00+00:00,eligible,True,11,5,False,False,candidate_screen_only,True,True,True,True,True,True
2014-04-03,gg,PC,ECB_20140403,ggm14_intraday-5min_historical-data-03-24-2026_clean.csv,2014-04-03T12:30:00+00:00,2014-04-03T11:40:00+00:00,2014-04-03T12:25:00+00:00,2014-04-03T12:35:00+00:00,2014-04-03T13:15:00+00:00,eligible,True,11,9,True,False,candidate_screen_only,True,True,True,True,True,True
2014-04-03,hf,PR,ECB_20140403,hfm14_intraday-5min_historical-data-09-05-2026_clean.csv,2014-04-03T11:45:00+00:00,2014-04-03T11:40:00+00:00,2014-04-03T11:40:00+00:00,2014-04-03T11:50:00+00:00,2014-04-03T12:10:00+00:00,eligible,False,11,5,False,False,candidate_screen_only,True,True,True,True,True,True
2014-04-03,hf,PC,ECB_20140403,hfm14_intraday-5min_historical-data-09-05-2026_clean.csv,2014-04-03T12:30:00+00:00,2014-04-03T11:40:00+00:00,2014-04-03T12:25:00+00:00,2014-04-03T12:35:00+00:00,2014-04-03T13:15:00+00:00,eligible,False,11,9,True,False,candidate_screen_only,True,True,True,True,True,True
2014-04-03,hr,PR,ECB_20140403,hrm14_intraday-5min_historical-data-09-05-2026_clean.csv,2014-04-03T11:45:00+00:00,2014-04-03T11:40:00+00:00,2014-04-03T11:40:00+00:00,2014-04-03T11:50:00+00:00,2014-04-03T12:10:00+00:00,eligible,False,11,5,False,False,candidate_screen_only,True,True,True,True,True,True
2014-04-03,hr,PC,ECB_20140403,hrm14_intraday-5min_historical-data-09-05-2026_clean.csv,2014-04-03T12:30:00+00:00,2014-04-03T11:40:00+00:00,2014-04-03T12:25:00+00:00,2014-04-03T12:35:00+00:00,2014-04-03T13:15:00+00:00,eligible,False,11,9,True,False,candidate_screen_only,True,True,True,True,True,True
2014-05-08,fx,PR,ECB_20140508,fxm14_intraday-5min_historical-data-03-24-2026_clean.csv,2014-05-08T11:45:00+00:00,2014-05-08T11:40:00+00:00,2014-05-08T11:40:00+00:00,2014-05-08T11:50:00+00:00,2014-05-08T12:10:00+00:00,eligible,True,11,5,False,False,candidate_screen_only,True,True,True,True,True,True
2014-05-08,fx,PC,ECB_20140508,fxm14_intraday-5min_historical-data-03-24-2026_clean.csv,2014-05-08T12:30:00+00:00,2014-05-08T11:40:00+00:00,2014-05-08T12:25:00+00:00,2014-05-08T12:35:00+00:00,2014-05-08T13:15:00+00:00,eligible,True,11,9,True,False,candidate_screen_only,True,True,True,True,True,True
2014-05-08,gg,PR,ECB_20140508,ggm14_intraday-5min_historical-data-03-24-2026_clean.csv,2014-05-08T11:45:00+00:00,2014-05-08T11:40:00+00:00,2014-05-08T11:40:00+00:00,2014-05-08T11:50:00+00:00,2014-05-08T12:10:00+00:00,eligible,True,11,5,False,False,candidate_screen_only,True,True,True,True,True,True
2014-05-08,gg,PC,ECB_20140508,ggm14_intraday-5min_historical-data-03-24-2026_clean.csv,2014-05-08T12:30:00+00:00,2014-05-08T11:40:00+00:00,2014-05-08T12:25:00+00:00,2014-05-08T12:35:00+00:00,2014-05-08T13:15:00+00:00,eligible,True,11,9,True,False,candidate_screen_only,True,True,True,True,True,True
2014-05-08,hf,PR,ECB_20140508,hfm14_intraday-5min_historical-data-09-05-2026_clean.csv,2014-05-08T11:45:00+00:00,2014-05-08T11:40:00+00:00,2014-05-08T11:40:00+00:00,2014-05-08T11:50:00+00:00,2014-05-08T12:10:00+00:00,eligible,False,11,5,False,False,candidate_screen_only,True,True,True,True,True,True
2014-05-08,hf,PC,ECB_20140508,hfm14_intraday-5min_historical-data-09-05-2026_clean.csv,2014-05-08T12:30:00+00:00,2014-05-08T11:40:00+00:00,2014-05-08T12:25:00+00:00,2014-05-08T12:35:00+00:00,2014-05-08T13:15:00+00:00,eligible,False,11,9,True,False,candidate_screen_only,True,True,True,True,True,True
2014-05-08,hr,PR,ECB_20140508,hrm14_intraday-5min_historical-data-09-05-2026_clean.csv,2014-05-08T11:45:00+00:00,2014-05-08T11:40:00+00:00,2014-05-08T11:40:00+00:00,2014-05-08T11:50:00+00:00,2014-05-08T12:10:00+00:00,eligible,False,11,5,False,False,candidate_screen_only,True,True,True,True,True,True
2014-05-08,hr,PC,ECB_20140508,hrm14_intraday-5min_historical-data-09-05-2026_clean.csv,2014-05-08T12:30:00+00:00,2014-05-08T11:40:00+00:00,2014-05-08T12:25:00+00:00,2014-05-08T12:35:00+00:00,2014-05-08T13:15:00+00:00,eligible,False,11,9,True,False,candidate_screen_only,True,True,True,True,True,True
2014-06-05,fx,PR,ECB_20140605,fxm14_intraday-5min_historical-data-03-24-2026_clean.csv,2014-06-05T11:45:00+00:00,2014-06-05T11:40:00+00:00,2014-06-05T11:40:00+00:00,2014-06-05T11:50:00+00:00,2014-06-05T12:10:00+00:00,eligible,True,11,5,False,False,candidate_screen_only,True,True,True,True,True,True
2014-06-05,fx,PC,ECB_20140605,fxm14_intraday-5min_historical-data-03-24-2026_clean.csv,2014-06-05T12:30:00+00:00,2014-06-05T11:40:00+00:00,2014-06-05T12:25:00+00:00,2014-06-05T12:35:00+00:00,2014-06-05T13:15:00+00:00,eligible,True,11,9,True,False,candidate_screen_only,True,True,True,True,True,True
2014-06-05,gg,PR,ECB_20140605,ggu14_intraday-5min_historical-data-03-24-2026_clean.csv,2014-06-05T11:45:00+00:00,2014-06-05T11:40:00+00:00,2014-06-05T11:40:00+00:00,2014-06-05T11:50:00+00:00,2014-06-05T12:10:00+00:00,eligible,True,11,5,False,False,candidate_screen_only,True,True,True,True,True,True
2014-06-05,gg,PC,ECB_20140605,ggu14_intraday-5min_historical-data-03-24-2026_clean.csv,2014-06-05T12:30:00+00:00,2014-06-05T11:40:00+00:00,2014-06-05T12:25:00+00:00,2014-06-05T12:35:00+00:00,2014-06-05T13:15:00+00:00,eligible,True,11,9,True,False,candidate_screen_only,True,True,True,True,True,True
2014-06-05,hf,PR,ECB_20140605,hfu14_intraday-5min_historical-data-09-05-2026_clean.csv,2014-06-05T11:45:00+00:00,2014-06-05T11:40:00+00:00,2014-06-05T11:40:00+00:00,2014-06-05T11:50:00+00:00,2014-06-05T12:10:00+00:00,eligible,False,11,5,False,False,candidate_screen_only,True,True,True,True,True,True
2014-06-05,hf,PC,ECB_20140605,hfu14_intraday-5min_historical-data-09-05-2026_clean.csv,2014-06-05T12:30:00+00:00,2014-06-05T11:40:00+00:00,2014-06-05T12:25:00+00:00,2014-06-05T12:35:00+00:00,2014-06-05T13:15:00+00:00,eligible,False,11,9,True,False,candidate_screen_only,True,True,True,True,True,True
2014-06-05,hr,PR,ECB_20140605,hru14_intraday-5min_historical-data-09-05-2026_clean.csv,2014-06-05T11:45:00+00:00,2014-06-05T11:40:00+00:00,2014-06-05T11:40:00+00:00,2014-06-05T11:50:00+00:00,2014-06-05T12:10:00+00:00,eligible,False,11,5,False,False,candidate_screen_only,True,True,True,True,True,True
2014-06-05,hr,PC,ECB_20140605,hru14_intraday-5min_historical-data-09-05-2026_clean.csv,2014-06-05T12:30:00+00:00,2014-06-05T11:40:00+00:00,2014-06-05T12:25:00+00:00,2014-06-05T12:35:00+00:00,2014-06-05T13:15:00+00:00,eligible,False,11,9,True,False,candidate_screen_only,True,True,True,True,True,True
2014-07-03,fx,PR,ECB_20140703,fxu14_intraday-5min_historical-data-03-24-2026_clean.csv,2014-07-03T11:45:00+00:00,2014-07-03T11:40:00+00:00,2014-07-03T11:40:00+00:00,2014-07-03T11:50:00+00:00,2014-07-03T12:10:00+00:00,eligible,True,11,5,False,False,candidate_screen_only,True,True,True,True,True,True
2014-07-03,fx,PC,ECB_20140703,fxu14_intraday-5min_historical-data-03-24-2026_clean.csv,2014-07-03T12:30:00+00:00,2014-07-03T11:40:00+00:00,2014-07-03T12:25:00+00:00,2014-07-03T12:35:00+00:00,2014-07-03T13:15:00+00:00,eligible,True,11,9,True,False,candidate_screen_only,True,True,True,True,True,True
2014-07-03,gg,PR,ECB_20140703,ggu14_intraday-5min_historical-data-03-24-2026_clean.csv,2014-07-03T11:45:00+00:00,2014-07-03T11:40:00+00:00,2014-07-03T11:40:00+00:00,2014-07-03T11:50:00+00:00,2014-07-03T12:10:00+00:00,eligible,True,11,5,False,False,candidate_screen_only,True,True,True,True,True,True
2014-07-03,gg,PC,ECB_20140703,ggu14_intraday-5min_historical-data-03-24-2026_clean.csv,2014-07-03T12:30:00+00:00,2014-07-03T11:40:00+00:00,2014-07-03T12:25:00+00:00,2014-07-03T12:35:00+00:00,2014-07-03T13:15:00+00:00,eligible,True,11,9,True,False,candidate_screen_only,True,True,True,True,True,True
2014-07-03,hf,PR,ECB_20140703,hfu14_intraday-5min_historical-data-09-05-2026_clean.csv,2014-07-03T11:45:00+00:00,2014-07-03T11:40:00+00:00,2014-07-03T11:40:00+00:00,2014-07-03T11:50:00+00:00,2014-07-03T12:10:00+00:00,eligible,False,11,5,False,False,candidate_screen_only,True,True,True,True,True,True
2014-07-03,hf,PC,ECB_20140703,hfu14_intraday-5min_historical-data-09-05-2026_clean.csv,2014-07-03T12:30:00+00:00,2014-07-03T11:40:00+00:00,2014-07-03T12:25:00+00:00,2014-07-03T12:35:00+00:00,2014-07-03T13:15:00+00:00,eligible,False,11,9,True,False,candidate_screen_only,True,True,True,True,True,True
2014-07-03,hr,PR,ECB_20140703,hru14_intraday-5min_historical-data-09-05-2026_clean.csv,2014-07-03T11:45:00+00:00,2014-07-03T11:40:00+00:00,2014-07-03T11:40:00+00:00,2014-07-03T11:50:00+00:00,2014-07-03T12:10:00+00:00,eligible,False,11,5,False,False,candidate_screen_only,True,True,True,True,True,True
2014-07-03,hr,PC,ECB_20140703,hru14_intraday-5min_historical-data-09-05-2026_clean.csv,2014-07-03T12:30:00+00:00,2014-07-03T11:40:00+00:00,2014-07-03T12:25:00+00:00,2014-07-03T12:35:00+00:00,2014-07-03T13:15:00+00:00,eligible,False,11,9,True,False,candidate_screen_only,True,True,True,True,True,True
2014-08-07,fx,PR,ECB_20140807,fxu14_intraday-5min_historical-data-03-24-2026_clean.csv,2014-08-07T11:45:00+00:00,2014-08-07T11:40:00+00:00,2014-08-07T11:40:00+00:00,2014-08-07T11:50:00+00:00,2014-08-07T12:10:00+00:00,eligible,True,11,5,False,False,candidate_screen_only,True,True,True,True,True,True
2014-08-07,fx,PC,ECB_20140807,fxu14_intraday-5min_historical-data-03-24-2026_clean.csv,2014-08-07T12:30:00+00:00,2014-08-07T11:40:00+00:00,2014-08-07T12:25:00+00:00,2014-08-07T12:35:00+00:00,2014-08-07T13:15:00+00:00,eligible,True,11,9,True,False,candidate_screen_only,True,True,True,True,True,True
2014-08-07,gg,PR,ECB_20140807,ggu14_intraday-5min_historical-data-03-24-2026_clean.csv,2014-08-07T11:45:00+00:00,2014-08-07T11:40:00+00:00,2014-08-07T11:40:00+00:00,2014-08-07T11:50:00+00:00,2014-08-07T12:10:00+00:00,eligible,True,11,5,False,False,candidate_screen_only,True,True,True,True,True,True
2014-08-07,gg,PC,ECB_20140807,ggu14_intraday-5min_historical-data-03-24-2026_clean.csv,2014-08-07T12:30:00+00:00,2014-08-07T11:40:00+00:00,2014-08-07T12:25:00+00:00,2014-08-07T12:35:00+00:00,2014-08-07T13:15:00+00:00,eligible,True,11,9,True,False,candidate_screen_only,True,True,True,True,True,True
2014-08-07,hf,PR,ECB_20140807,hfu14_intraday-5min_historical-data-09-05-2026_clean.csv,2014-08-07T11:45:00+00:00,2014-08-07T11:40:00+00:00,2014-08-07T11:40:00+00:00,2014-08-07T11:50:00+00:00,2014-08-07T12:10:00+00:00,eligible,False,11,5,False,False,candidate_screen_only,True,True,True,True,False,True
2014-08-07,hf,PC,ECB_20140807,hfu14_intraday-5min_historical-data-09-05-2026_clean.csv,2014-08-07T12:30:00+00:00,2014-08-07T11:40:00+00:00,2014-08-07T12:25:00+00:00,2014-08-07T12:35:00+00:00,2014-08-07T13:15:00+00:00,eligible,False,11,9,True,False,candidate_screen_only,True,True,True,True,True,True
2014-08-07,hr,PR,ECB_20140807,hru14_intraday-5min_historical-data-09-05-2026_clean.csv,2014-08-07T11:45:00+00:00,2014-08-07T11:40:00+00:00,2014-08-07T11:40:00+00:00,2014-08-07T11:50:00+00:00,2014-08-07T12:10:00+00:00,eligible,False,11,5,False,False,candidate_screen_only,True,True,True,True,True,True
2014-08-07,hr,PC,ECB_20140807,hru14_intraday-5min_historical-data-09-05-2026_clean.csv,2014-08-07T12:30:00+00:00,2014-08-07T11:40:00+00:00,2014-08-07T12:25:00+00:00,2014-08-07T12:35:00+00:00,2014-08-07T13:15:00+00:00,eligible,False,11,9,True,False,candidate_screen_only,True,True,True,True,True,True
2014-09-04,fx,PR,ECB_20140904,fxu14_intraday-5min_historical-data-03-24-2026_clean.csv,2014-09-04T11:45:00+00:00,2014-09-04T11:40:00+00:00,2014-09-04T11:40:00+00:00,2014-09-04T11:50:00+00:00,2014-09-04T12:10:00+00:00,eligible,True,11,5,False,False,candidate_screen_only,True,True,True,True,True,True
2014-09-04,fx,PC,ECB_20140904,fxu14_intraday-5min_historical-data-03-24-2026_clean.csv,2014-09-04T12:30:00+00:00,2014-09-04T11:40:00+00:00,2014-09-04T12:25:00+00:00,2014-09-04T12:35:00+00:00,2014-09-04T13:15:00+00:00,eligible,True,11,9,True,False,candidate_screen_only,True,True,True,True,True,True
2014-09-04,gg,PR,ECB_20140904,ggu14_intraday-5min_historical-data-03-24-2026_clean.csv,2014-09-04T11:45:00+00:00,2014-09-04T11:40:00+00:00,2014-09-04T11:40:00+00:00,2014-09-04T11:50:00+00:00,2014-09-04T12:10:00+00:00,eligible,True,11,5,False,False,candidate_screen_only,True,True,True,True,True,True
2014-09-04,gg,PC,ECB_20140904,ggu14_intraday-5min_historical-data-03-24-2026_clean.csv,2014-09-04T12:30:00+00:00,2014-09-04T11:40:00+00:00,2014-09-04T12:25:00+00:00,2014-09-04T12:35:00+00:00,2014-09-04T13:15:00+00:00,eligible,True,11,9,True,False,candidate_screen_only,True,True,True,True,True,True
2014-09-04,hf,PR,ECB_20140904,hfu14_intraday-5min_historical-data-09-05-2026_clean.csv,2014-09-04T11:45:00+00:00,2014-09-04T11:40:00+00:00,2014-09-04T11:40:00+00:00,2014-09-04T11:50:00+00:00,2014-09-04T12:10:00+00:00,eligible,False,11,5,False,False,candidate_screen_only,True,True,True,True,True,True
2014-09-04,hf,PC,ECB_20140904,hfu14_intraday-5min_historical-data-09-05-2026_clean.csv,2014-09-04T12:30:00+00:00,2014-09-04T11:40:00+00:00,2014-09-04T12:25:00+00:00,2014-09-04T12:35:00+00:00,2014-09-04T13:15:00+00:00,eligible,False,11,9,True,False,candidate_screen_only,True,True,True,True,True,True
2014-09-04,hr,PR,ECB_20140904,hru14_intraday-5min_historical-data-09-05-2026_clean.csv,2014-09-04T11:45:00+00:00,2014-09-04T11:40:00+00:00,2014-09-04T11:40:00+00:00,2014-09-04T11:50:00+00:00,2014-09-04T12:10:00+00:00,eligible,False,11,5,False,False,candidate_screen_only,True,True,True,True,True,True
2014-09-04,hr,PC,ECB_20140904,hru14_intraday-5min_historical-data-09-05-2026_clean.csv,2014-09-04T12:30:00+00:00,2014-09-04T11:40:00+00:00,2014-09-04T12:25:00+00:00,2014-09-04T12:35:00+00:00,2014-09-04T13:15:00+00:00,eligible,False,11,9,True,False,candidate_screen_only,True,True,True,True,True,True
2014-10-02,fx,PR,ECB_20141002,fxz14_intraday-5min_historical-data-03-24-2026_clean.csv,2014-10-02T11:45:00+00:00,2014-10-02T11:40:00+00:00,2014-10-02T11:40:00+00:00,2014-10-02T11:50:00+00:00,2014-10-02T12:10:00+00:00,eligible,True,11,5,False,False,candidate_screen_only,True,True,True,True,True,True
2014-10-02,fx,PC,ECB_20141002,fxz14_intraday-5min_historical-data-03-24-2026_clean.csv,2014-10-02T12:30:00+00:00,2014-10-02T11:40:00+00:00,2014-10-02T12:25:00+00:00,2014-10-02T12:35:00+00:00,2014-10-02T13:15:00+00:00,eligible,True,11,9,True,False,candidate_screen_only,True,True,True,True,True,True
2014-10-02,gg,PR,ECB_20141002,ggz14_intraday-5min_historical-data-03-24-2026_clean.csv,2014-10-02T11:45:00+00:00,2014-10-02T11:40:00+00:00,2014-10-02T11:40:00+00:00,2014-10-02T11:50:00+00:00,2014-10-02T12:10:00+00:00,eligible,True,11,5,False,False,candidate_screen_only,True,True,True,True,True,True
2014-10-02,gg,PC,ECB_20141002,ggz14_intraday-5min_historical-data-03-24-2026_clean.csv,2014-10-02T12:30:00+00:00,2014-10-02T11:40:00+00:00,2014-10-02T12:25:00+00:00,2014-10-02T12:35:00+00:00,2014-10-02T13:15:00+00:00,eligible,True,11,9,True,False,candidate_screen_only,True,True,True,True,True,True
2014-10-02,hf,PR,ECB_20141002,hfz14_intraday-5min_historical-data-09-05-2026_clean.csv,2014-10-02T11:45:00+00:00,2014-10-02T11:40:00+00:00,2014-10-02T11:40:00+00:00,2014-10-02T11:50:00+00:00,2014-10-02T12:10:00+00:00,eligible,False,11,5,False,False,candidate_screen_only,True,True,True,True,True,True
2014-10-02,hf,PC,ECB_20141002,hfz14_intraday-5min_historical-data-09-05-2026_clean.csv,2014-10-02T12:30:00+00:00,2014-10-02T11:40:00+00:00,2014-10-02T12:25:00+00:00,2014-10-02T12:35:00+00:00,2014-10-02T13:15:00+00:00,eligible,False,11,9,True,False,candidate_screen_only,True,True,True,True,False,True
2014-10-02,hr,PR,ECB_20141002,hrz14_intraday-5min_historical-data-09-05-2026_clean.csv,2014-10-02T11:45:00+00:00,2014-10-02T11:40:00+00:00,2014-10-02T11:40:00+00:00,2014-10-02T11:50:00+00:00,2014-10-02T12:10:00+00:00,eligible,False,11,5,False,False,candidate_screen_only,True,True,True,True,True,True
2014-10-02,hr,PC,ECB_20141002,hrz14_intraday-5min_historical-data-09-05-2026_clean.csv,2014-10-02T12:30:00+00:00,2014-10-02T11:40:00+00:00,2014-10-02T12:25:00+00:00,2014-10-02T12:35:00+00:00,2014-10-02T13:15:00+00:00,eligible,False,11,9,True,False,candidate_screen_only,True,True,True,True,True,True
2014-11-06,fx,PR,ECB_20141106,fxz14_intraday-5min_historical-data-03-24-2026_clean.csv,2014-11-06T12:45:00+00:00,2014-11-06T12:40:00+00:00,2014-11-06T12:40:00+00:00,2014-11-06T12:50:00+00:00,2014-11-06T13:10:00+00:00,eligible,True,11,5,False,False,candidate_screen_only,True,True,True,True,True,True
2014-11-06,fx,PC,ECB_20141106,fxz14_intraday-5min_historical-data-03-24-2026_clean.csv,2014-11-06T13:30:00+00:00,2014-11-06T12:40:00+00:00,2014-11-06T13:25:00+00:00,2014-11-06T13:35:00+00:00,2014-11-06T14:15:00+00:00,eligible,True,11,9,True,False,candidate_screen_only,True,True,True,True,True,True
2014-11-06,gg,PR,ECB_20141106,ggz14_intraday-5min_historical-data-03-24-2026_clean.csv,2014-11-06T12:45:00+00:00,2014-11-06T12:40:00+00:00,2014-11-06T12:40:00+00:00,2014-11-06T12:50:00+00:00,2014-11-06T13:10:00+00:00,eligible,True,11,5,False,False,candidate_screen_only,True,True,True,True,True,True
2014-11-06,gg,PC,ECB_20141106,ggz14_intraday-5min_historical-data-03-24-2026_clean.csv,2014-11-06T13:30:00+00:00,2014-11-06T12:40:00+00:00,2014-11-06T13:25:00+00:00,2014-11-06T13:35:00+00:00,2014-11-06T14:15:00+00:00,eligible,True,11,9,True,False,candidate_screen_only,True,True,True,True,True,True
2014-11-06,hf,PR,ECB_20141106,hfz14_intraday-5min_historical-data-09-05-2026_clean.csv,2014-11-06T12:45:00+00:00,2014-11-06T12:40:00+00:00,2014-11-06T12:40:00+00:00,2014-11-06T12:50:00+00:00,2014-11-06T13:10:00+00:00,eligible,False,11,5,False,False,candidate_screen_only,True,True,True,True,False,True
2014-11-06,hf,PC,ECB_20141106,hfz14_intraday-5min_historical-data-09-05-2026_clean.csv,2014-11-06T13:30:00+00:00,2014-11-06T12:40:00+00:00,2014-11-06T13:25:00+00:00,2014-11-06T13:35:00+00:00,2014-11-06T14:15:00+00:00,eligible,False,11,9,True,False,candidate_screen_only,True,True,True,True,True,True
2014-11-06,hr,PR,ECB_20141106,hrz14_intraday-5min_historical-data-09-05-2026_clean.csv,2014-11-06T12:45:00+00:00,2014-11-06T12:40:00+00:00,2014-11-06T12:40:00+00:00,2014-11-06T12:50:00+00:00,2014-11-06T13:10:00+00:00,eligible,False,11,5,False,False,candidate_screen_only,True,True,True,True,True,True
2014-11-06,hr,PC,ECB_20141106,hrz14_intraday-5min_historical-data-09-05-2026_clean.csv,2014-11-06T13:30:00+00:00,2014-11-06T12:40:00+00:00,2014-11-06T13:25:00+00:00,2014-11-06T13:35:00+00:00,2014-11-06T14:15:00+00:00,eligible,False,11,9,True,False,candidate_screen_only,True,True,True,True,True,True
2014-12-04,fx,PR,ECB_20141204,fxz14_intraday-5min_historical-data-03-24-2026_clean.csv,2014-12-04T12:45:00+00:00,2014-12-04T12:40:00+00:00,2014-12-04T12:40:00+00:00,2014-12-04T12:50:00+00:00,2014-12-04T13:10:00+00:00,eligible,True,11,5,False,False,candidate_screen_only,True,True,True,True,True,True
2014-12-04,fx,PC,ECB_20141204,fxz14_intraday-5min_historical-data-03-24-2026_clean.csv,2014-12-04T13:30:00+00:00,2014-12-04T12:40:00+00:00,2014-12-04T13:25:00+00:00,2014-12-04T13:35:00+00:00,2014-12-04T14:15:00+00:00,eligible,True,11,9,True,False,candidate_screen_only,True,True,True,True,True,True
2014-12-04,gg,PR,ECB_20141204,ggz14_intraday-5min_historical-data-03-24-2026_clean.csv,2014-12-04T12:45:00+00:00,2014-12-04T12:40:00+00:00,2014-12-04T12:40:00+00:00,2014-12-04T12:50:00+00:00,2014-12-04T13:10:00+00:00,eligible,True,11,5,False,False,candidate_screen_only,True,True,True,True,True,True
2014-12-04,gg,PC,ECB_20141204,ggz14_intraday-5min_historical-data-03-24-2026_clean.csv,2014-12-04T13:30:00+00:00,2014-12-04T12:40:00+00:00,2014-12-04T13:25:00+00:00,2014-12-04T13:35:00+00:00,2014-12-04T14:15:00+00:00,eligible,True,11,9,True,False,candidate_screen_only,True,True,True,True,True,True
2014-12-04,hf,PR,ECB_20141204,hfh15_intraday-5min_historical-data-09-05-2026_clean.csv,2014-12-04T12:45:00+00:00,2014-12-04T12:40:00+00:00,2014-12-04T12:40:00+00:00,2014-12-04T12:50:00+00:00,2014-12-04T13:10:00+00:00,eligible,False,11,5,False,False,candidate_screen_only,True,True,True,True,False,True
2014-12-04,hf,PC,ECB_20141204,hfh15_intraday-5min_historical-data-09-05-2026_clean.csv,2014-12-04T13:30:00+00:00,2014-12-04T12:40:00+00:00,2014-12-04T13:25:00+00:00,2014-12-04T13:35:00+00:00,2014-12-04T14:15:00+00:00,eligible,False,11,9,True,False,candidate_screen_only,True,True,True,True,False,True
2014-12-04,hr,PR,ECB_20141204,hrz14_intraday-5min_historical-data-09-05-2026_clean.csv,2014-12-04T12:45:00+00:00,2014-12-04T12:40:00+00:00,2014-12-04T12:40:00+00:00,2014-12-04T12:50:00+00:00,2014-12-04T13:10:00+00:00,eligible,False,11,5,False,False,candidate_screen_only,True,True,True,True,True,True
2014-12-04,hr,PC,ECB_20141204,hrz14_intraday-5min_historical-data-09-05-2026_clean.csv,2014-12-04T13:30:00+00:00,2014-12-04T12:40:00+00:00,2014-12-04T13:25:00+00:00,2014-12-04T13:35:00+00:00,2014-12-04T14:15:00+00:00,eligible,False,11,9,True,False,candidate_screen_only,True,True,True,True,True,True
2015-01-22,fx,PR,ECB_20150122,fxh15_intraday-5min_historical-data-03-24-2026_clean.csv,2015-01-22T12:45:00+00:00,2015-01-22T12:40:00+00:00,2015-01-22T12:40:00+00:00,2015-01-22T12:50:00+00:00,2015-01-22T13:10:00+00:00,eligible,True,11,5,False,False,candidate_screen_only,True,True,True,True,True,True
2015-01-22,fx,PC,ECB_20150122,fxh15_intraday-5min_historical-data-03-24-2026_clean.csv,2015-01-22T13:30:00+00:00,2015-01-22T12:40:00+00:00,2015-01-22T13:25:00+00:00,2015-01-22T13:35:00+00:00,2015-01-22T14:15:00+00:00,eligible,True,11,9,True,False,candidate_screen_only,True,True,True,True,True,True
2015-01-22,gg,PR,ECB_20150122,ggh15_intraday-5min_historical-data-03-24-2026_clean.csv,2015-01-22T12:45:00+00:00,2015-01-22T12:40:00+00:00,2015-01-22T12:40:00+00:00,2015-01-22T12:50:00+00:00,2015-01-22T13:10:00+00:00,eligible,True,11,5,False,False,candidate_screen_only,True,True,True,True,True,True
2015-01-22,gg,PC,ECB_20150122,ggh15_intraday-5min_historical-data-03-24-2026_clean.csv,2015-01-22T13:30:00+00:00,2015-01-22T12:40:00+00:00,2015-01-22T13:25:00+00:00,2015-01-22T13:35:00+00:00,2015-01-22T14:15:00+00:00,eligible,True,11,9,True,False,candidate_screen_only,True,True,True,True,True,True
2015-01-22,hf,PR,ECB_20150122,hfh15_intraday-5min_historical-data-09-05-2026_clean.csv,2015-01-22T12:45:00+00:00,2015-01-22T12:40:00+00:00,2015-01-22T12:40:00+00:00,2015-01-22T12:50:00+00:00,2015-01-22T13:10:00+00:00,eligible,False,11,5,False,False,candidate_screen_only,True,True,True,True,False,True
2015-01-22,hf,PC,ECB_20150122,hfh15_intraday-5min_historical-data-09-05-2026_clean.csv,2015-01-22T13:30:00+00:00,2015-01-22T12:40:00+00:00,2015-01-22T13:25:00+00:00,2015-01-22T13:35:00+00:00,2015-01-22T14:15:00+00:00,eligible,False,11,9,True,False,candidate_screen_only,True,True,True,True,True,True
2015-01-22,hr,PR,ECB_20150122,hrh15_intraday-5min_historical-data-09-05-2026_clean.csv,2015-01-22T12:45:00+00:00,2015-01-22T12:40:00+00:00,2015-01-22T12:40:00+00:00,2015-01-22T12:50:00+00:00,2015-01-22T13:10:00+00:00,eligible,False,11,5,False,False,candidate_screen_only,True,True,True,True,True,True
2015-01-22,hr,PC,ECB_20150122,hrh15_intraday-5min_historical-data-09-05-2026_clean.csv,2015-01-22T13:30:00+00:00,2015-01-22T12:40:00+00:00,2015-01-22T13:25:00+00:00,2015-01-22T13:35:00+00:00,2015-01-22T14:15:00+00:00,eligible,False,11,9,True,False,candidate_screen_only,True,True,True,True,True,True
2015-03-05,fx,PR,ECB_20150305,fxh15_intraday-5min_historical-data-03-24-2026_clean.csv,2015-03-05T12:45:00+00:00,2015-03-05T12:40:00+00:00,2015-03-05T12:40:00+00:00,2015-03-05T12:50:00+00:00,2015-03-05T13:10:00+00:00,eligible,True,11,5,False,False,candidate_screen_only,True,True,True,True,True,True
2015-03-05,fx,PC,ECB_20150305,fxh15_intraday-5min_historical-data-03-24-2026_clean.csv,2015-03-05T13:30:00+00:00,2015-03-05T12:40:00+00:00,2015-03-05T13:25:00+00:00,2015-03-05T13:35:00+00:00,2015-03-05T14:15:00+00:00,eligible,True,11,9,True,False,candidate_screen_only,True,True,True,True,True,True
2015-03-05,gg,PR,ECB_20150305,ggm15_intraday-5min_historical-data-03-24-2026_clean.csv,2015-03-05T12:45:00+00:00,2015-03-05T12:40:00+00:00,2015-03-05T12:40:00+00:00,2015-03-05T12:50:00+00:00,2015-03-05T13:10:00+00:00,eligible,True,11,5,False,False,candidate_screen_only,True,True,True,True,True,True
2015-03-05,gg,PC,ECB_20150305,ggm15_intraday-5min_historical-data-03-24-2026_clean.csv,2015-03-05T13:30:00+00:00,2015-03-05T12:40:00+00:00,2015-03-05T13:25:00+00:00,2015-03-05T13:35:00+00:00,2015-03-05T14:15:00+00:00,eligible,True,11,9,True,False,candidate_screen_only,True,True,True,True,True,True
2015-03-05,hf,PR,ECB_20150305,hfm15_intraday-5min_historical-data-09-05-2026_clean.csv,2015-03-05T12:45:00+00:00,2015-03-05T12:40:00+00:00,2015-03-05T12:40:00+00:00,2015-03-05T12:50:00+00:00,2015-03-05T13:10:00+00:00,eligible,False,11,5,False,False,candidate_screen_only,True,True,True,True,True,True
2015-03-05,hf,PC,ECB_20150305,hfm15_intraday-5min_historical-data-09-05-2026_clean.csv,2015-03-05T13:30:00+00:00,2015-03-05T12:40:00+00:00,2015-03-05T13:25:00+00:00,2015-03-05T13:35:00+00:00,2015-03-05T14:15:00+00:00,eligible,False,11,9,True,False,candidate_screen_only,True,True,True,True,True,True
2015-03-05,hr,PR,ECB_20150305,hrm15_intraday-5min_historical-data-09-05-2026_clean.csv,2015-03-05T12:45:00+00:00,2015-03-05T12:40:00+00:00,2015-03-05T12:40:00+00:00,2015-03-05T12:50:00+00:00,2015-03-05T13:10:00+00:00,eligible,False,11,5,False,False,candidate_screen_only,True,True,True,True,True,True
2015-03-05,hr,PC,ECB_20150305,hrm15_intraday-5min_historical-data-09-05-2026_clean.csv,2015-03-05T13:30:00+00:00,2015-03-05T12:40:00+00:00,2015-03-05T13:25:00+00:00,2015-03-05T13:35:00+00:00,2015-03-05T14:15:00+00:00,eligible,False,11,9,True,False,candidate_screen_only,True,True,True,True,True,True
2015-04-15,fx,PR,ECB_20150415,fxm15_intraday-5min_historical-data-03-24-2026_clean.csv,2015-04-15T11:45:00+00:00,2015-04-15T11:40:00+00:00,2015-04-15T11:40:00+00:00,2015-04-15T11:50:00+00:00,2015-04-15T12:10:00+00:00,eligible,True,11,5,False,False,candidate_screen_only,True,True,True,True,True,True
2015-04-15,fx,PC,ECB_20150415,fxm15_intraday-5min_historical-data-03-24-2026_clean.csv,2015-04-15T12:30:00+00:00,2015-04-15T11:40:00+00:00,2015-04-15T12:25:00+00:00,2015-04-15T12:35:00+00:00,2015-04-15T13:15:00+00:00,eligible,True,11,9,True,False,candidate_screen_only,True,True,True,True,True,True
2015-04-15,gg,PR,ECB_20150415,ggm15_intraday-5min_historical-data-03-24-2026_clean.csv,2015-04-15T11:45:00+00:00,2015-04-15T11:40:00+00:00,2015-04-15T11:40:00+00:00,2015-04-15T11:50:00+00:00,2015-04-15T12:10:00+00:00,eligible,True,11,5,False,False,candidate_screen_only,True,True,True,True,True,True
2015-04-15,gg,PC,ECB_20150415,ggm15_intraday-5min_historical-data-03-24-2026_clean.csv,2015-04-15T12:30:00+00:00,2015-04-15T11:40:00+00:00,2015-04-15T12:25:00+00:00,2015-04-15T12:35:00+00:00,2015-04-15T13:15:00+00:00,eligible,True,11,9,True,False,candidate_screen_only,True,True,True,True,True,True
2015-04-15,hf,PR,ECB_20150415,hfm15_intraday-5min_historical-data-09-05-2026_clean.csv,2015-04-15T11:45:00+00:00,2015-04-15T11:40:00+00:00,2015-04-15T11:40:00+00:00,2015-04-15T11:50:00+00:00,2015-04-15T12:10:00+00:00,eligible,False,11,5,False,False,candidate_screen_only,True,True,True,True,True,True
2015-04-15,hf,PC,ECB_20150415,hfm15_intraday-5min_historical-data-09-05-2026_clean.csv,2015-04-15T12:30:00+00:00,2015-04-15T11:40:00+00:00,2015-04-15T12:25:00+00:00,2015-04-15T12:35:00+00:00,2015-04-15T13:15:00+00:00,eligible,False,11,9,True,False,candidate_screen_only,True,True,True,True,False,True
2015-04-15,hr,PR,ECB_20150415,hrm15_intraday-5min_historical-data-09-05-2026_clean.csv,2015-04-15T11:45:00+00:00,2015-04-15T11:40:00+00:00,2015-04-15T11:40:00+00:00,2015-04-15T11:50:00+00:00,2015-04-15T12:10:00+00:00,eligible,False,11,5,False,False,candidate_screen_only,True,True,True,True,False,True
2015-04-15,hr,PC,ECB_20150415,hrm15_intraday-5min_historical-data-09-05-2026_clean.csv,2015-04-15T12:30:00+00:00,2015-04-15T11:40:00+00:00,2015-04-15T12:25:00+00:00,2015-04-15T12:35:00+00:00,2015-04-15T13:15:00+00:00,eligible,False,11,9,True,False,candidate_screen_only,True,True,True,True,True,True
2015-06-03,fx,PR,ECB_20150603,fxm15_intraday-5min_historical-data-03-24-2026_clean.csv,2015-06-03T11:45:00+00:00,2015-06-03T11:40:00+00:00,2015-06-03T11:40:00+00:00,2015-06-03T11:50:00+00:00,2015-06-03T12:10:00+00:00,eligible,True,11,5,False,False,candidate_screen_only,True,True,True,True,True,True
2015-06-03,fx,PC,ECB_20150603,fxm15_intraday-5min_historical-data-03-24-2026_clean.csv,2015-06-03T12:30:00+00:00,2015-06-03T11:40:00+00:00,2015-06-03T12:25:00+00:00,2015-06-03T12:35:00+00:00,2015-06-03T13:15:00+00:00,eligible,True,11,9,True,False,candidate_screen_only,True,True,True,True,True,True
2015-06-03,gg,PR,ECB_20150603,ggm15_intraday-5min_historical-data-03-24-2026_clean.csv,2015-06-03T11:45:00+00:00,2015-06-03T11:40:00+00:00,2015-06-03T11:40:00+00:00,2015-06-03T11:50:00+00:00,2015-06-03T12:10:00+00:00,eligible,True,11,5,False,False,candidate_screen_only,True,True,True,True,True,True
2015-06-03,gg,PC,ECB_20150603,ggm15_intraday-5min_historical-data-03-24-2026_clean.csv,2015-06-03T12:30:00+00:00,2015-06-03T11:40:00+00:00,2015-06-03T12:25:00+00:00,2015-06-03T12:35:00+00:00,2015-06-03T13:15:00+00:00,eligible,True,11,9,True,False,candidate_screen_only,True,True,True,True,True,True
2015-06-03,hf,PR,ECB_20150603,hfm15_intraday-5min_historical-data-09-05-2026_clean.csv,2015-06-03T11:45:00+00:00,2015-06-03T11:40:00+00:00,2015-06-03T11:40:00+00:00,2015-06-03T11:50:00+00:00,2015-06-03T12:10:00+00:00,eligible,False,11,5,False,False,candidate_screen_only,True,True,True,True,False,True
2015-06-03,hf,PC,ECB_20150603,hfm15_intraday-5min_historical-data-09-05-2026_clean.csv,2015-06-03T12:30:00+00:00,2015-06-03T11:40:00+00:00,2015-06-03T12:25:00+00:00,2015-06-03T12:35:00+00:00,2015-06-03T13:15:00+00:00,eligible,False,11,9,True,False,candidate_screen_only,True,True,True,True,True,True
2015-06-03,hr,PR,ECB_20150603,hrm15_intraday-5min_historical-data-09-05-2026_clean.csv,2015-06-03T11:45:00+00:00,2015-06-03T11:40:00+00:00,2015-06-03T11:40:00+00:00,2015-06-03T11:50:00+00:00,2015-06-03T12:10:00+00:00,eligible,False,11,5,False,False,candidate_screen_only,True,True,True,True,True,True
2015-06-03,hr,PC,ECB_20150603,hrm15_intraday-5min_historical-data-09-05-2026_clean.csv,2015-06-03T12:30:00+00:00,2015-06-03T11:40:00+00:00,2015-06-03T12:25:00+00:00,2015-06-03T12:35:00+00:00,2015-06-03T13:15:00+00:00,eligible,False,11,9,True,False,candidate_screen_only,True,True,True,True,True,True
2015-07-16,fx,PR,ECB_20150716,fxu15_intraday-5min_historical-data-03-24-2026_clean.csv,2015-07-16T11:45:00+00:00,2015-07-16T11:40:00+00:00,2015-07-16T11:40:00+00:00,2015-07-16T11:50:00+00:00,2015-07-16T12:10:00+00:00,eligible,True,11,5,False,False,candidate_screen_only,True,True,True,True,True,True
2015-07-16,fx,PC,ECB_20150716,fxu15_intraday-5min_historical-data-03-24-2026_clean.csv,2015-07-16T12:30:00+00:00,2015-07-16T11:40:00+00:00,2015-07-16T12:25:00+00:00,2015-07-16T12:35:00+00:00,2015-07-16T13:15:00+00:00,eligible,True,11,9,True,False,candidate_screen_only,True,True,True,True,True,True
2015-07-16,gg,PR,ECB_20150716,ggu15_intraday-5min_historical-data-03-24-2026_clean.csv,2015-07-16T11:45:00+00:00,2015-07-16T11:40:00+00:00,2015-07-16T11:40:00+00:00,2015-07-16T11:50:00+00:00,2015-07-16T12:10:00+00:00,eligible,True,11,5,False,False,candidate_screen_only,True,True,True,True,True,True
2015-07-16,gg,PC,ECB_20150716,ggu15_intraday-5min_historical-data-03-24-2026_clean.csv,2015-07-16T12:30:00+00:00,2015-07-16T11:40:00+00:00,2015-07-16T12:25:00+00:00,2015-07-16T12:35:00+00:00,2015-07-16T13:15:00+00:00,eligible,True,11,9,True,False,candidate_screen_only,True,True,True,True,True,True
2015-07-16,hf,PR,ECB_20150716,hfu15_intraday-5min_historical-data-09-05-2026_clean.csv,2015-07-16T11:45:00+00:00,2015-07-16T11:40:00+00:00,2015-07-16T11:40:00+00:00,2015-07-16T11:50:00+00:00,2015-07-16T12:10:00+00:00,eligible,False,11,5,False,False,candidate_screen_only,True,True,True,True,True,True
2015-07-16,hf,PC,ECB_20150716,hfu15_intraday-5min_historical-data-09-05-2026_clean.csv,2015-07-16T12:30:00+00:00,2015-07-16T11:40:00+00:00,2015-07-16T12:25:00+00:00,2015-07-16T12:35:00+00:00,2015-07-16T13:15:00+00:00,eligible,False,11,9,True,False,candidate_screen_only,True,True,True,True,False,True
2015-07-16,hr,PR,ECB_20150716,hru15_intraday-5min_historical-data-09-05-2026_clean.csv,2015-07-16T11:45:00+00:00,2015-07-16T11:40:00+00:00,2015-07-16T11:40:00+00:00,2015-07-16T11:50:00+00:00,2015-07-16T12:10:00+00:00,eligible,False,11,5,False,False,candidate_screen_only,True,True,True,True,True,True
2015-07-16,hr,PC,ECB_20150716,hru15_intraday-5min_historical-data-09-05-2026_clean.csv,2015-07-16T12:30:00+00:00,2015-07-16T11:40:00+00:00,2015-07-16T12:25:00+00:00,2015-07-16T12:35:00+00:00,2015-07-16T13:15:00+00:00,eligible,False,11,9,True,False,candidate_screen_only,True,True,True,True,True,True
2015-09-03,fx,PR,ECB_20150903,fxu15_intraday-5min_historical-data-03-24-2026_clean.csv,2015-09-03T11:45:00+00:00,2015-09-03T11:40:00+00:00,2015-09-03T11:40:00+00:00,2015-09-03T11:50:00+00:00,2015-09-03T12:10:00+00:00,eligible,True,11,5,False,False,candidate_screen_only,True,True,True,True,True,True
2015-09-03,fx,PC,ECB_20150903,fxu15_intraday-5min_historical-data-03-24-2026_clean.csv,2015-09-03T12:30:00+00:00,2015-09-03T11:40:00+00:00,2015-09-03T12:25:00+00:00,2015-09-03T12:35:00+00:00,2015-09-03T13:15:00+00:00,eligible,True,11,9,True,False,candidate_screen_only,True,True,True,True,True,True
2015-09-03,gg,PR,ECB_20150903,ggu15_intraday-5min_historical-data-03-24-2026_clean.csv,2015-09-03T11:45:00+00:00,2015-09-03T11:40:00+00:00,2015-09-03T11:40:00+00:00,2015-09-03T11:50:00+00:00,2015-09-03T12:10:00+00:00,eligible,True,11,5,False,False,candidate_screen_only,True,True,True,True,True,True
2015-09-03,gg,PC,ECB_20150903,ggu15_intraday-5min_historical-data-03-24-2026_clean.csv,2015-09-03T12:30:00+00:00,2015-09-03T11:40:00+00:00,2015-09-03T12:25:00+00:00,2015-09-03T12:35:00+00:00,2015-09-03T13:15:00+00:00,eligible,True,11,9,True,False,candidate_screen_only,True,True,True,True,True,True
2015-09-03,hf,PR,ECB_20150903,hfu15_intraday-5min_historical-data-09-05-2026_clean.csv,2015-09-03T11:45:00+00:00,2015-09-03T11:40:00+00:00,2015-09-03T11:40:00+00:00,2015-09-03T11:50:00+00:00,2015-09-03T12:10:00+00:00,eligible,False,11,5,False,False,candidate_screen_only,True,True,True,True,True,True
2015-09-03,hf,PC,ECB_20150903,hfu15_intraday-5min_historical-data-09-05-2026_clean.csv,2015-09-03T12:30:00+00:00,2015-09-03T11:40:00+00:00,2015-09-03T12:25:00+00:00,2015-09-03T12:35:00+00:00,2015-09-03T13:15:00+00:00,eligible,False,11,9,True,False,candidate_screen_only,True,True,True,True,True,True
2015-09-03,hr,PR,ECB_20150903,hru15_intraday-5min_historical-data-09-05-2026_clean.csv,2015-09-03T11:45:00+00:00,2015-09-03T11:40:00+00:00,2015-09-03T11:40:00+00:00,2015-09-03T11:50:00+00:00,2015-09-03T12:10:00+00:00,eligible,False,11,5,False,False,candidate_screen_only,True,True,True,True,True,True
2015-09-03,hr,PC,ECB_20150903,hru15_intraday-5min_historical-data-09-05-2026_clean.csv,2015-09-03T12:30:00+00:00,2015-09-03T11:40:00+00:00,2015-09-03T12:25:00+00:00,2015-09-03T12:35:00+00:00,2015-09-03T13:15:00+00:00,eligible,False,11,9,True,False,candidate_screen_only,True,True,True,True,True,True
2015-10-22,fx,PR,ECB_20151022,fxz15_intraday-5min_historical-data-03-24-2026_clean.csv,2015-10-22T11:45:00+00:00,2015-10-22T11:40:00+00:00,2015-10-22T11:40:00+00:00,2015-10-22T11:50:00+00:00,2015-10-22T12:10:00+00:00,eligible,True,11,5,False,False,candidate_screen_only,True,True,True,True,True,True
2015-10-22,fx,PC,ECB_20151022,fxz15_intraday-5min_historical-data-03-24-2026_clean.csv,2015-10-22T12:30:00+00:00,2015-10-22T11:40:00+00:00,2015-10-22T12:25:00+00:00,2015-10-22T12:35:00+00:00,2015-10-22T13:15:00+00:00,eligible,True,11,9,True,False,candidate_screen_only,True,True,True,True,True,True
2015-10-22,gg,PR,ECB_20151022,ggz15_intraday-5min_historical-data-03-24-2026_clean.csv,2015-10-22T11:45:00+00:00,2015-10-22T11:40:00+00:00,2015-10-22T11:40:00+00:00,2015-10-22T11:50:00+00:00,2015-10-22T12:10:00+00:00,eligible,True,11,5,False,False,candidate_screen_only,True,True,True,True,True,True
2015-10-22,gg,PC,ECB_20151022,ggz15_intraday-5min_historical-data-03-24-2026_clean.csv,2015-10-22T12:30:00+00:00,2015-10-22T11:40:00+00:00,2015-10-22T12:25:00+00:00,2015-10-22T12:35:00+00:00,2015-10-22T13:15:00+00:00,eligible,True,11,9,True,False,candidate_screen_only,True,True,True,True,True,True
2015-10-22,hf,PR,ECB_20151022,hfz15_intraday-5min_historical-data-09-05-2026_clean.csv,2015-10-22T11:45:00+00:00,2015-10-22T11:40:00+00:00,2015-10-22T11:40:00+00:00,2015-10-22T11:50:00+00:00,2015-10-22T12:10:00+00:00,eligible,False,11,5,False,False,candidate_screen_only,True,True,True,True,True,True
2015-10-22,hf,PC,ECB_20151022,hfz15_intraday-5min_historical-data-09-05-2026_clean.csv,2015-10-22T12:30:00+00:00,2015-10-22T11:40:00+00:00,2015-10-22T12:25:00+00:00,2015-10-22T12:35:00+00:00,2015-10-22T13:15:00+00:00,eligible,False,11,9,True,False,candidate_screen_only,True,True,True,True,True,True
2015-10-22,hr,PR,ECB_20151022,hrz15_intraday-5min_historical-data-09-05-2026_clean.csv,2015-10-22T11:45:00+00:00,2015-10-22T11:40:00+00:00,2015-10-22T11:40:00+00:00,2015-10-22T11:50:00+00:00,2015-10-22T12:10:00+00:00,eligible,False,11,5,False,False,candidate_screen_only,True,True,True,True,True,True
2015-10-22,hr,PC,ECB_20151022,hrz15_intraday-5min_historical-data-09-05-2026_clean.csv,2015-10-22T12:30:00+00:00,2015-10-22T11:40:00+00:00,2015-10-22T12:25:00+00:00,2015-10-22T12:35:00+00:00,2015-10-22T13:15:00+00:00,eligible,False,11,9,True,False,candidate_screen_only,True,True,True,True,True,True
2015-12-03,fx,PR,ECB_20151203,fxz15_intraday-5min_historical-data-03-24-2026_clean.csv,2015-12-03T12:45:00+00:00,2015-12-03T12:40:00+00:00,2015-12-03T12:40:00+00:00,2015-12-03T12:50:00+00:00,2015-12-03T13:10:00+00:00,eligible,True,11,5,False,False,candidate_screen_only,True,True,True,True,True,True
2015-12-03,fx,PC,ECB_20151203,fxz15_intraday-5min_historical-data-03-24-2026_clean.csv,2015-12-03T13:30:00+00:00,2015-12-03T12:40:00+00:00,2015-12-03T13:25:00+00:00,2015-12-03T13:35:00+00:00,2015-12-03T14:15:00+00:00,eligible,True,11,9,True,False,candidate_screen_only,True,True,True,True,True,True
2015-12-03,gg,PR,ECB_20151203,ggz15_intraday-5min_historical-data-03-24-2026_clean.csv,2015-12-03T12:45:00+00:00,2015-12-03T12:40:00+00:00,2015-12-03T12:40:00+00:00,2015-12-03T12:50:00+00:00,2015-12-03T13:10:00+00:00,eligible,True,11,5,False,False,candidate_screen_only,True,True,True,True,True,True
2015-12-03,gg,PC,ECB_20151203,ggz15_intraday-5min_historical-data-03-24-2026_clean.csv,2015-12-03T13:30:00+00:00,2015-12-03T12:40:00+00:00,2015-12-03T13:25:00+00:00,2015-12-03T13:35:00+00:00,2015-12-03T14:15:00+00:00,eligible,True,11,9,True,False,candidate_screen_only,True,True,True,True,True,True
2015-12-03,hf,PR,ECB_20151203,hfh16_intraday-5min_historical-data-09-05-2026_clean.csv,2015-12-03T12:45:00+00:00,2015-12-03T12:40:00+00:00,2015-12-03T12:40:00+00:00,2015-12-03T12:50:00+00:00,2015-12-03T13:10:00+00:00,eligible,False,11,5,False,False,candidate_screen_only,True,True,True,True,True,True
2015-12-03,hf,PC,ECB_20151203,hfh16_intraday-5min_historical-data-09-05-2026_clean.csv,2015-12-03T13:30:00+00:00,2015-12-03T12:40:00+00:00,2015-12-03T13:25:00+00:00,2015-12-03T13:35:00+00:00,2015-12-03T14:15:00+00:00,eligible,False,11,9,True,False,candidate_screen_only,True,True,True,True,True,True
2015-12-03,hr,PR,ECB_20151203,hrz15_intraday-5min_historical-data-09-05-2026_clean.csv,2015-12-03T12:45:00+00:00,2015-12-03T12:40:00+00:00,2015-12-03T12:40:00+00:00,2015-12-03T12:50:00+00:00,2015-12-03T13:10:00+00:00,eligible,False,11,5,False,False,candidate_screen_only,True,True,True,True,True,True
2015-12-03,hr,PC,ECB_20151203,hrz15_intraday-5min_historical-data-09-05-2026_clean.csv,2015-12-03T13:30:00+00:00,2015-12-03T12:40:00+00:00,2015-12-03T13:25:00+00:00,2015-12-03T13:35:00+00:00,2015-12-03T14:15:00+00:00,eligible,False,11,9,True,False,candidate_screen_only,True,True,True,True,True,True
2016-01-21,fx,PR,ECB_20160121,fxh16_intraday-5min_historical-data-03-24-2026_clean.csv,2016-01-21T12:45:00+00:00,2016-01-21T12:40:00+00:00,2016-01-21T12:40:00+00:00,2016-01-21T12:50:00+00:00,2016-01-21T13:10:00+00:00,eligible,True,11,5,False,False,candidate_screen_only,True,True,True,True,True,True
2016-01-21,fx,PC,ECB_20160121,fxh16_intraday-5min_historical-data-03-24-2026_clean.csv,2016-01-21T13:30:00+00:00,2016-01-21T12:40:00+00:00,2016-01-21T13:25:00+00:00,2016-01-21T13:35:00+00:00,2016-01-21T14:15:00+00:00,eligible,True,11,9,True,False,candidate_screen_only,True,True,True,True,True,True
2016-01-21,gg,PR,ECB_20160121,ggh16_intraday-5min_historical-data-03-24-2026_clean.csv,2016-01-21T12:45:00+00:00,2016-01-21T12:40:00+00:00,2016-01-21T12:40:00+00:00,2016-01-21T12:50:00+00:00,2016-01-21T13:10:00+00:00,eligible,True,11,5,False,False,candidate_screen_only,True,True,True,True,True,True
2016-01-21,gg,PC,ECB_20160121,ggh16_intraday-5min_historical-data-03-24-2026_clean.csv,2016-01-21T13:30:00+00:00,2016-01-21T12:40:00+00:00,2016-01-21T13:25:00+00:00,2016-01-21T13:35:00+00:00,2016-01-21T14:15:00+00:00,eligible,True,11,9,True,False,candidate_screen_only,True,True,True,True,True,True
2016-01-21,hf,PR,ECB_20160121,hfh16_intraday-5min_historical-data-09-05-2026_clean.csv,2016-01-21T12:45:00+00:00,2016-01-21T12:40:00+00:00,2016-01-21T12:40:00+00:00,2016-01-21T12:50:00+00:00,2016-01-21T13:10:00+00:00,eligible,False,11,5,False,False,candidate_screen_only,True,True,True,True,True,True
2016-01-21,hf,PC,ECB_20160121,hfh16_intraday-5min_historical-data-09-05-2026_clean.csv,2016-01-21T13:30:00+00:00,2016-01-21T12:40:00+00:00,2016-01-21T13:25:00+00:00,2016-01-21T13:35:00+00:00,2016-01-21T14:15:00+00:00,eligible,False,11,9,True,False,candidate_screen_only,True,True,True,True,True,True
2016-01-21,hr,PR,ECB_20160121,hrh16_intraday-5min_historical-data-09-05-2026_clean.csv,2016-01-21T12:45:00+00:00,2016-01-21T12:40:00+00:00,2016-01-21T12:40:00+00:00,2016-01-21T12:50:00+00:00,2016-01-21T13:10:00+00:00,eligible,False,11,5,False,False,candidate_screen_only,True,True,True,True,True,True
2016-01-21,hr,PC,ECB_20160121,hrh16_intraday-5min_historical-data-09-05-2026_clean.csv,2016-01-21T13:30:00+00:00,2016-01-21T12:40:00+00:00,2016-01-21T13:25:00+00:00,2016-01-21T13:35:00+00:00,2016-01-21T14:15:00+00:00,eligible,False,11,9,True,False,candidate_screen_only,True,True,True,True,True,True
2016-03-10,fx,PR,ECB_20160310,fxh16_intraday-5min_historical-data-03-24-2026_clean.csv,2016-03-10T12:45:00+00:00,2016-03-10T12:40:00+00:00,2016-03-10T12:40:00+00:00,2016-03-10T12:50:00+00:00,2016-03-10T13:10:00+00:00,eligible,True,11,5,False,False,candidate_screen_only,True,True,True,True,True,True
2016-03-10,fx,PC,ECB_20160310,fxh16_intraday-5min_historical-data-03-24-2026_clean.csv,2016-03-10T13:30:00+00:00,2016-03-10T12:40:00+00:00,2016-03-10T13:25:00+00:00,2016-03-10T13:35:00+00:00,2016-03-10T14:15:00+00:00,eligible,True,11,9,True,False,candidate_screen_only,True,True,True,True,True,True
2016-03-10,gg,PR,ECB_20160310,ggm16_intraday-5min_historical-data-03-24-2026_clean.csv,2016-03-10T12:45:00+00:00,2016-03-10T12:40:00+00:00,2016-03-10T12:40:00+00:00,2016-03-10T12:50:00+00:00,2016-03-10T13:10:00+00:00,eligible,True,11,5,False,False,candidate_screen_only,True,True,True,True,True,True
2016-03-10,gg,PC,ECB_20160310,ggm16_intraday-5min_historical-data-03-24-2026_clean.csv,2016-03-10T13:30:00+00:00,2016-03-10T12:40:00+00:00,2016-03-10T13:25:00+00:00,2016-03-10T13:35:00+00:00,2016-03-10T14:15:00+00:00,eligible,True,11,9,True,False,candidate_screen_only,True,True,True,True,True,True
2016-03-10,hf,PR,ECB_20160310,hfm16_intraday-5min_historical-data-09-05-2026_clean.csv,2016-03-10T12:45:00+00:00,2016-03-10T12:40:00+00:00,2016-03-10T12:40:00+00:00,2016-03-10T12:50:00+00:00,2016-03-10T13:10:00+00:00,eligible,False,11,5,False,False,candidate_screen_only,True,True,True,True,True,True
2016-03-10,hf,PC,ECB_20160310,hfm16_intraday-5min_historical-data-09-05-2026_clean.csv,2016-03-10T13:30:00+00:00,2016-03-10T12:40:00+00:00,2016-03-10T13:25:00+00:00,2016-03-10T13:35:00+00:00,2016-03-10T14:15:00+00:00,eligible,False,11,9,True,False,candidate_screen_only,True,True,True,True,True,True
2016-03-10,hr,PR,ECB_20160310,hrm16_intraday-5min_historical-data-09-05-2026_clean.csv,2016-03-10T12:45:00+00:00,2016-03-10T12:40:00+00:00,2016-03-10T12:40:00+00:00,2016-03-10T12:50:00+00:00,2016-03-10T13:10:00+00:00,eligible,False,11,5,False,False,candidate_screen_only,True,True,True,True,True,True
2016-03-10,hr,PC,ECB_20160310,hrm16_intraday-5min_historical-data-09-05-2026_clean.csv,2016-03-10T13:30:00+00:00,2016-03-10T12:40:00+00:00,2016-03-10T13:25:00+00:00,2016-03-10T13:35:00+00:00,2016-03-10T14:15:00+00:00,eligible,False,11,9,True,False,candidate_screen_only,True,True,True,True,True,True
2016-04-21,fx,PR,ECB_20160421,fxm16_intraday-5min_historical-data-03-24-2026_clean.csv,2016-04-21T11:45:00+00:00,2016-04-21T11:40:00+00:00,2016-04-21T11:40:00+00:00,2016-04-21T11:50:00+00:00,2016-04-21T12:10:00+00:00,eligible,True,11,5,False,False,candidate_screen_only,True,True,True,True,True,True
2016-04-21,fx,PC,ECB_20160421,fxm16_intraday-5min_historical-data-03-24-2026_clean.csv,2016-04-21T12:30:00+00:00,2016-04-21T11:40:00+00:00,2016-04-21T12:25:00+00:00,2016-04-21T12:35:00+00:00,2016-04-21T13:15:00+00:00,eligible,True,11,9,True,False,candidate_screen_only,True,True,True,True,True,True
2016-04-21,gg,PR,ECB_20160421,ggm16_intraday-5min_historical-data-03-24-2026_clean.csv,2016-04-21T11:45:00+00:00,2016-04-21T11:40:00+00:00,2016-04-21T11:40:00+00:00,2016-04-21T11:50:00+00:00,2016-04-21T12:10:00+00:00,eligible,True,11,5,False,False,candidate_screen_only,True,True,True,True,True,True
2016-04-21,gg,PC,ECB_20160421,ggm16_intraday-5min_historical-data-03-24-2026_clean.csv,2016-04-21T12:30:00+00:00,2016-04-21T11:40:00+00:00,2016-04-21T12:25:00+00:00,2016-04-21T12:35:00+00:00,2016-04-21T13:15:00+00:00,eligible,True,11,9,True,False,candidate_screen_only,True,True,True,True,True,True
2016-04-21,hf,PR,ECB_20160421,hfm16_intraday-5min_historical-data-09-05-2026_clean.csv,2016-04-21T11:45:00+00:00,2016-04-21T11:40:00+00:00,2016-04-21T11:40:00+00:00,2016-04-21T11:50:00+00:00,2016-04-21T12:10:00+00:00,eligible,False,11,5,False,False,candidate_screen_only,True,True,True,True,False,False
2016-04-21,hf,PC,ECB_20160421,hfm16_intraday-5min_historical-data-09-05-2026_clean.csv,2016-04-21T12:30:00+00:00,2016-04-21T11:40:00+00:00,2016-04-21T12:25:00+00:00,2016-04-21T12:35:00+00:00,2016-04-21T13:15:00+00:00,eligible,False,11,9,True,False,candidate_screen_only,True,True,True,True,True,True
2016-04-21,hr,PR,ECB_20160421,hrm16_intraday-5min_historical-data-09-05-2026_clean.csv,2016-04-21T11:45:00+00:00,2016-04-21T11:40:00+00:00,2016-04-21T11:40:00+00:00,2016-04-21T11:50:00+00:00,2016-04-21T12:10:00+00:00,eligible,False,11,5,False,False,candidate_screen_only,True,True,True,True,True,True
2016-04-21,hr,PC,ECB_20160421,hrm16_intraday-5min_historical-data-09-05-2026_clean.csv,2016-04-21T12:30:00+00:00,2016-04-21T11:40:00+00:00,2016-04-21T12:25:00+00:00,2016-04-21T12:35:00+00:00,2016-04-21T13:15:00+00:00,eligible,False,11,9,True,False,candidate_screen_only,True,True,True,True,True,True
2016-06-02,fx,PR,ECB_20160602,fxm16_intraday-5min_historical-data-03-24-2026_clean.csv,2016-06-02T11:45:00+00:00,2016-06-02T11:40:00+00:00,2016-06-02T11:40:00+00:00,2016-06-02T11:50:00+00:00,2016-06-02T12:10:00+00:00,eligible,True,11,5,False,False,candidate_screen_only,True,True,True,True,True,True
2016-06-02,fx,PC,ECB_20160602,fxm16_intraday-5min_historical-data-03-24-2026_clean.csv,2016-06-02T12:30:00+00:00,2016-06-02T11:40:00+00:00,2016-06-02T12:25:00+00:00,2016-06-02T12:35:00+00:00,2016-06-02T13:15:00+00:00,eligible,True,11,9,True,False,candidate_screen_only,True,True,True,True,True,True
2016-06-02,gg,PR,ECB_20160602,ggm16_intraday-5min_historical-data-03-24-2026_clean.csv,2016-06-02T11:45:00+00:00,2016-06-02T11:40:00+00:00,2016-06-02T11:40:00+00:00,2016-06-02T11:50:00+00:00,2016-06-02T12:10:00+00:00,eligible,True,11,5,False,False,candidate_screen_only,True,True,True,True,True,True
2016-06-02,gg,PC,ECB_20160602,ggm16_intraday-5min_historical-data-03-24-2026_clean.csv,2016-06-02T12:30:00+00:00,2016-06-02T11:40:00+00:00,2016-06-02T12:25:00+00:00,2016-06-02T12:35:00+00:00,2016-06-02T13:15:00+00:00,eligible,True,11,9,True,False,candidate_screen_only,True,True,True,True,True,True
2016-06-02,hf,PR,ECB_20160602,hfm16_intraday-5min_historical-data-09-05-2026_clean.csv,2016-06-02T11:45:00+00:00,2016-06-02T11:40:00+00:00,2016-06-02T11:40:00+00:00,2016-06-02T11:50:00+00:00,2016-06-02T12:10:00+00:00,eligible,False,11,5,False,False,candidate_screen_only,True,True,True,True,True,True
2016-06-02,hf,PC,ECB_20160602,hfm16_intraday-5min_historical-data-09-05-2026_clean.csv,2016-06-02T12:30:00+00:00,2016-06-02T11:40:00+00:00,2016-06-02T12:25:00+00:00,2016-06-02T12:35:00+00:00,2016-06-02T13:15:00+00:00,eligible,False,11,9,True,False,candidate_screen_only,True,True,True,True,False,True
2016-06-02,hr,PR,ECB_20160602,hrm16_intraday-5min_historical-data-09-05-2026_clean.csv,2016-06-02T11:45:00+00:00,2016-06-02T11:40:00+00:00,2016-06-02T11:40:00+00:00,2016-06-02T11:50:00+00:00,2016-06-02T12:10:00+00:00,eligible,False,11,5,False,False,candidate_screen_only,True,True,True,True,True,True
2016-06-02,hr,PC,ECB_20160602,hrm16_intraday-5min_historical-data-09-05-2026_clean.csv,2016-06-02T12:30:00+00:00,2016-06-02T11:40:00+00:00,2016-06-02T12:25:00+00:00,2016-06-02T12:35:00+00:00,2016-06-02T13:15:00+00:00,eligible,False,11,9,True,False,candidate_screen_only,True,True,True,True,True,True
2016-07-21,fx,PR,ECB_20160721,fxu16_intraday-5min_historical-data-03-23-2026_clean.csv,2016-07-21T11:45:00+00:00,2016-07-21T11:40:00+00:00,2016-07-21T11:40:00+00:00,2016-07-21T11:50:00+00:00,2016-07-21T12:10:00+00:00,eligible,True,11,5,False,False,candidate_screen_only,True,True,True,True,True,True
2016-07-21,fx,PC,ECB_20160721,fxu16_intraday-5min_historical-data-03-23-2026_clean.csv,2016-07-21T12:30:00+00:00,2016-07-21T11:40:00+00:00,2016-07-21T12:25:00+00:00,2016-07-21T12:35:00+00:00,2016-07-21T13:15:00+00:00,eligible,True,11,9,True,False,candidate_screen_only,True,True,True,True,True,True
2016-07-21,gg,PR,ECB_20160721,ggu16_intraday-5min_historical-data-03-24-2026_clean.csv,2016-07-21T11:45:00+00:00,2016-07-21T11:40:00+00:00,2016-07-21T11:40:00+00:00,2016-07-21T11:50:00+00:00,2016-07-21T12:10:00+00:00,eligible,True,11,5,False,False,candidate_screen_only,True,True,True,True,True,True
2016-07-21,gg,PC,ECB_20160721,ggu16_intraday-5min_historical-data-03-24-2026_clean.csv,2016-07-21T12:30:00+00:00,2016-07-21T11:40:00+00:00,2016-07-21T12:25:00+00:00,2016-07-21T12:35:00+00:00,2016-07-21T13:15:00+00:00,eligible,True,11,9,True,False,candidate_screen_only,True,True,True,True,True,True
2016-07-21,hf,PR,ECB_20160721,hfu16_intraday-5min_historical-data-09-05-2026_clean.csv,2016-07-21T11:45:00+00:00,2016-07-21T11:40:00+00:00,2016-07-21T11:40:00+00:00,2016-07-21T11:50:00+00:00,2016-07-21T12:10:00+00:00,eligible,False,11,5,False,False,candidate_screen_only,True,True,True,True,True,True
2016-07-21,hf,PC,ECB_20160721,hfu16_intraday-5min_historical-data-09-05-2026_clean.csv,2016-07-21T12:30:00+00:00,2016-07-21T11:40:00+00:00,2016-07-21T12:25:00+00:00,2016-07-21T12:35:00+00:00,2016-07-21T13:15:00+00:00,eligible,False,11,9,True,False,candidate_screen_only,True,True,True,True,True,True
2016-07-21,hr,PR,ECB_20160721,hru16_intraday-5min_historical-data-09-05-2026_clean.csv,2016-07-21T11:45:00+00:00,2016-07-21T11:40:00+00:00,2016-07-21T11:40:00+00:00,2016-07-21T11:50:00+00:00,2016-07-21T12:10:00+00:00,eligible,False,11,5,False,False,candidate_screen_only,True,True,True,True,True,True
2016-07-21,hr,PC,ECB_20160721,hru16_intraday-5min_historical-data-09-05-2026_clean.csv,2016-07-21T12:30:00+00:00,2016-07-21T11:40:00+00:00,2016-07-21T12:25:00+00:00,2016-07-21T12:35:00+00:00,2016-07-21T13:15:00+00:00,eligible,False,11,9,True,False,candidate_screen_only,True,True,True,True,True,True
2016-09-08,fx,PR,ECB_20160908,fxu16_intraday-5min_historical-data-03-23-2026_clean.csv,2016-09-08T11:45:00+00:00,2016-09-08T11:40:00+00:00,2016-09-08T11:40:00+00:00,2016-09-08T11:50:00+00:00,2016-09-08T12:10:00+00:00,eligible,True,11,5,False,False,candidate_screen_only,True,True,True,True,True,True
2016-09-08,fx,PC,ECB_20160908,fxu16_intraday-5min_historical-data-03-23-2026_clean.csv,2016-09-08T12:30:00+00:00,2016-09-08T11:40:00+00:00,2016-09-08T12:25:00+00:00,2016-09-08T12:35:00+00:00,2016-09-08T13:15:00+00:00,eligible,True,11,9,True,False,candidate_screen_only,True,True,True,True,True,True
2016-09-08,gg,PR,ECB_20160908,ggz16_intraday-5min_historical-data-03-23-2026_clean.csv,2016-09-08T11:45:00+00:00,2016-09-08T11:40:00+00:00,2016-09-08T11:40:00+00:00,2016-09-08T11:50:00+00:00,2016-09-08T12:10:00+00:00,eligible,True,11,5,False,False,candidate_screen_only,True,True,True,True,True,True
2016-09-08,gg,PC,ECB_20160908,ggz16_intraday-5min_historical-data-03-23-2026_clean.csv,2016-09-08T12:30:00+00:00,2016-09-08T11:40:00+00:00,2016-09-08T12:25:00+00:00,2016-09-08T12:35:00+00:00,2016-09-08T13:15:00+00:00,eligible,True,11,9,True,False,candidate_screen_only,True,True,True,True,True,True
2016-09-08,hf,PR,ECB_20160908,hfz16_intraday-5min_historical-data-09-05-2026_clean.csv,2016-09-08T11:45:00+00:00,2016-09-08T11:40:00+00:00,2016-09-08T11:40:00+00:00,2016-09-08T11:50:00+00:00,2016-09-08T12:10:00+00:00,eligible,False,11,5,False,False,candidate_screen_only,True,True,True,True,True,True
2016-09-08,hf,PC,ECB_20160908,hfz16_intraday-5min_historical-data-09-05-2026_clean.csv,2016-09-08T12:30:00+00:00,2016-09-08T11:40:00+00:00,2016-09-08T12:25:00+00:00,2016-09-08T12:35:00+00:00,2016-09-08T13:15:00+00:00,eligible,False,11,9,True,False,candidate_screen_only,True,True,True,True,True,True
2016-09-08,hr,PR,ECB_20160908,hrz16_intraday-5min_historical-data-09-05-2026_clean.csv,2016-09-08T11:45:00+00:00,2016-09-08T11:40:00+00:00,2016-09-08T11:40:00+00:00,2016-09-08T11:50:00+00:00,2016-09-08T12:10:00+00:00,eligible,False,11,5,False,False,candidate_screen_only,True,True,True,True,True,True
2016-09-08,hr,PC,ECB_20160908,hrz16_intraday-5min_historical-data-09-05-2026_clean.csv,2016-09-08T12:30:00+00:00,2016-09-08T11:40:00+00:00,2016-09-08T12:25:00+00:00,2016-09-08T12:35:00+00:00,2016-09-08T13:15:00+00:00,eligible,False,11,9,True,False,candidate_screen_only,True,True,True,True,True,True
2016-10-20,fx,PR,ECB_20161020,fxz16_intraday-5min_historical-data-03-23-2026_clean.csv,2016-10-20T11:45:00+00:00,2016-10-20T11:40:00+00:00,2016-10-20T11:40:00+00:00,2016-10-20T11:50:00+00:00,2016-10-20T12:10:00+00:00,eligible,True,11,5,False,False,candidate_screen_only,True,True,True,True,True,True
2016-10-20,fx,PC,ECB_20161020,fxz16_intraday-5min_historical-data-03-23-2026_clean.csv,2016-10-20T12:30:00+00:00,2016-10-20T11:40:00+00:00,2016-10-20T12:25:00+00:00,2016-10-20T12:35:00+00:00,2016-10-20T13:15:00+00:00,eligible,True,11,9,True,False,candidate_screen_only,True,True,True,True,True,True
2016-10-20,gg,PR,ECB_20161020,ggz16_intraday-5min_historical-data-03-23-2026_clean.csv,2016-10-20T11:45:00+00:00,2016-10-20T11:40:00+00:00,2016-10-20T11:40:00+00:00,2016-10-20T11:50:00+00:00,2016-10-20T12:10:00+00:00,eligible,True,11,5,False,False,candidate_screen_only,True,True,True,True,True,True
2016-10-20,gg,PC,ECB_20161020,ggz16_intraday-5min_historical-data-03-23-2026_clean.csv,2016-10-20T12:30:00+00:00,2016-10-20T11:40:00+00:00,2016-10-20T12:25:00+00:00,2016-10-20T12:35:00+00:00,2016-10-20T13:15:00+00:00,eligible,True,11,9,True,False,candidate_screen_only,True,True,True,True,True,True
2016-10-20,hf,PR,ECB_20161020,hfz16_intraday-5min_historical-data-09-05-2026_clean.csv,2016-10-20T11:45:00+00:00,2016-10-20T11:40:00+00:00,2016-10-20T11:40:00+00:00,2016-10-20T11:50:00+00:00,2016-10-20T12:10:00+00:00,eligible,False,11,5,False,False,candidate_screen_only,True,True,True,True,True,True
2016-10-20,hf,PC,ECB_20161020,hfz16_intraday-5min_historical-data-09-05-2026_clean.csv,2016-10-20T12:30:00+00:00,2016-10-20T11:40:00+00:00,2016-10-20T12:25:00+00:00,2016-10-20T12:35:00+00:00,2016-10-20T13:15:00+00:00,eligible,False,11,9,True,False,candidate_screen_only,True,True,True,True,True,True
2016-10-20,hr,PR,ECB_20161020,hrz16_intraday-5min_historical-data-09-05-2026_clean.csv,2016-10-20T11:45:00+00:00,2016-10-20T11:40:00+00:00,2016-10-20T11:40:00+00:00,2016-10-20T11:50:00+00:00,2016-10-20T12:10:00+00:00,eligible,False,11,5,False,False,candidate_screen_only,True,True,True,True,False,True
2016-10-20,hr,PC,ECB_20161020,hrz16_intraday-5min_historical-data-09-05-2026_clean.csv,2016-10-20T12:30:00+00:00,2016-10-20T11:40:00+00:00,2016-10-20T12:25:00+00:00,2016-10-20T12:35:00+00:00,2016-10-20T13:15:00+00:00,eligible,False,11,9,True,False,candidate_screen_only,True,True,True,True,True,True
2016-12-08,fx,PR,ECB_20161208,fxz16_intraday-5min_historical-data-03-23-2026_clean.csv,2016-12-08T12:45:00+00:00,2016-12-08T12:40:00+00:00,2016-12-08T12:40:00+00:00,2016-12-08T12:50:00+00:00,2016-12-08T13:10:00+00:00,eligible,True,11,5,False,False,candidate_screen_only,True,True,True,True,True,True
2016-12-08,fx,PC,ECB_20161208,fxz16_intraday-5min_historical-data-03-23-2026_clean.csv,2016-12-08T13:30:00+00:00,2016-12-08T12:40:00+00:00,2016-12-08T13:25:00+00:00,2016-12-08T13:35:00+00:00,2016-12-08T14:15:00+00:00,eligible,True,11,9,True,False,candidate_screen_only,True,True,True,True,True,True
2016-12-08,gg,PR,ECB_20161208,ggh17_intraday-5min_historical-data-03-24-2026_clean.csv,2016-12-08T12:45:00+00:00,2016-12-08T12:40:00+00:00,2016-12-08T12:40:00+00:00,2016-12-08T12:50:00+00:00,2016-12-08T13:10:00+00:00,eligible,True,11,5,False,False,candidate_screen_only,True,True,True,True,True,True
2016-12-08,gg,PC,ECB_20161208,ggh17_intraday-5min_historical-data-03-24-2026_clean.csv,2016-12-08T13:30:00+00:00,2016-12-08T12:40:00+00:00,2016-12-08T13:25:00+00:00,2016-12-08T13:35:00+00:00,2016-12-08T14:15:00+00:00,eligible,True,11,9,True,False,candidate_screen_only,True,True,True,True,True,True
2016-12-08,hf,PR,ECB_20161208,hfh17_intraday-5min_historical-data-09-05-2026_clean.csv,2016-12-08T12:45:00+00:00,2016-12-08T12:40:00+00:00,2016-12-08T12:40:00+00:00,2016-12-08T12:50:00+00:00,2016-12-08T13:10:00+00:00,eligible,False,11,5,False,False,candidate_screen_only,True,True,True,True,True,True
2016-12-08,hf,PC,ECB_20161208,hfh17_intraday-5min_historical-data-09-05-2026_clean.csv,2016-12-08T13:30:00+00:00,2016-12-08T12:40:00+00:00,2016-12-08T13:25:00+00:00,2016-12-08T13:35:00+00:00,2016-12-08T14:15:00+00:00,eligible,False,11,9,True,False,candidate_screen_only,True,True,True,True,True,True
2016-12-08,hr,PR,ECB_20161208,hrh17_intraday-5min_historical-data-09-05-2026_clean.csv,2016-12-08T12:45:00+00:00,2016-12-08T12:40:00+00:00,2016-12-08T12:40:00+00:00,2016-12-08T12:50:00+00:00,2016-12-08T13:10:00+00:00,eligible,False,11,5,False,False,candidate_screen_only,True,True,True,True,True,True
2016-12-08,hr,PC,ECB_20161208,hrh17_intraday-5min_historical-data-09-05-2026_clean.csv,2016-12-08T13:30:00+00:00,2016-12-08T12:40:00+00:00,2016-12-08T13:25:00+00:00,2016-12-08T13:35:00+00:00,2016-12-08T14:15:00+00:00,eligible,False,11,9,True,False,candidate_screen_only,True,True,True,True,True,True
2017-01-19,fx,PR,ECB_20170119,fxh17_intraday-5min_historical-data-03-23-2026_clean.csv,2017-01-19T12:45:00+00:00,2017-01-19T12:40:00+00:00,2017-01-19T12:40:00+00:00,2017-01-19T12:50:00+00:00,2017-01-19T13:10:00+00:00,eligible,True,11,5,False,False,candidate_screen_only,True,True,True,True,True,True
2017-01-19,fx,PC,ECB_20170119,fxh17_intraday-5min_historical-data-03-23-2026_clean.csv,2017-01-19T13:30:00+00:00,2017-01-19T12:40:00+00:00,2017-01-19T13:25:00+00:00,2017-01-19T13:35:00+00:00,2017-01-19T14:15:00+00:00,eligible,True,11,9,True,False,candidate_screen_only,True,True,True,True,True,True
2017-01-19,gg,PR,ECB_20170119,ggh17_intraday-5min_historical-data-03-24-2026_clean.csv,2017-01-19T12:45:00+00:00,2017-01-19T12:40:00+00:00,2017-01-19T12:40:00+00:00,2017-01-19T12:50:00+00:00,2017-01-19T13:10:00+00:00,eligible,True,11,5,False,False,candidate_screen_only,True,True,True,True,True,True
2017-01-19,gg,PC,ECB_20170119,ggh17_intraday-5min_historical-data-03-24-2026_clean.csv,2017-01-19T13:30:00+00:00,2017-01-19T12:40:00+00:00,2017-01-19T13:25:00+00:00,2017-01-19T13:35:00+00:00,2017-01-19T14:15:00+00:00,eligible,True,11,9,True,False,candidate_screen_only,True,True,True,True,True,True
2017-01-19,hf,PR,ECB_20170119,hfh17_intraday-5min_historical-data-09-05-2026_clean.csv,2017-01-19T12:45:00+00:00,2017-01-19T12:40:00+00:00,2017-01-19T12:40:00+00:00,2017-01-19T12:50:00+00:00,2017-01-19T13:10:00+00:00,eligible,False,11,5,False,False,candidate_screen_only,True,True,True,True,True,True
2017-01-19,hf,PC,ECB_20170119,hfh17_intraday-5min_historical-data-09-05-2026_clean.csv,2017-01-19T13:30:00+00:00,2017-01-19T12:40:00+00:00,2017-01-19T13:25:00+00:00,2017-01-19T13:35:00+00:00,2017-01-19T14:15:00+00:00,eligible,False,11,9,True,False,candidate_screen_only,True,True,True,True,True,True
2017-01-19,hr,PR,ECB_20170119,hrh17_intraday-5min_historical-data-09-05-2026_clean.csv,2017-01-19T12:45:00+00:00,2017-01-19T12:40:00+00:00,2017-01-19T12:40:00+00:00,2017-01-19T12:50:00+00:00,2017-01-19T13:10:00+00:00,eligible,False,11,5,False,False,candidate_screen_only,True,True,True,True,True,True
2017-01-19,hr,PC,ECB_20170119,hrh17_intraday-5min_historical-data-09-05-2026_clean.csv,2017-01-19T13:30:00+00:00,2017-01-19T12:40:00+00:00,2017-01-19T13:25:00+00:00,2017-01-19T13:35:00+00:00,2017-01-19T14:15:00+00:00,eligible,False,11,9,True,False,candidate_screen_only,True,True,True,True,True,True
2017-03-09,fx,PR,ECB_20170309,fxh17_intraday-5min_historical-data-03-23-2026_clean.csv,2017-03-09T12:45:00+00:00,2017-03-09T12:40:00+00:00,2017-03-09T12:40:00+00:00,2017-03-09T12:50:00+00:00,2017-03-09T13:10:00+00:00,eligible,True,11,5,False,False,candidate_screen_only,True,True,True,True,True,True
2017-03-09,fx,PC,ECB_20170309,fxh17_intraday-5min_historical-data-03-23-2026_clean.csv,2017-03-09T13:30:00+00:00,2017-03-09T12:40:00+00:00,2017-03-09T13:25:00+00:00,2017-03-09T13:35:00+00:00,2017-03-09T14:15:00+00:00,eligible,True,11,9,True,False,candidate_screen_only,True,True,True,True,True,True
2017-03-09,gg,PR,ECB_20170309,ggm17_intraday-5min_historical-data-03-24-2026_clean.csv,2017-03-09T12:45:00+00:00,2017-03-09T12:40:00+00:00,2017-03-09T12:40:00+00:00,2017-03-09T12:50:00+00:00,2017-03-09T13:10:00+00:00,eligible,True,11,5,False,False,candidate_screen_only,True,True,True,True,True,True
2017-03-09,gg,PC,ECB_20170309,ggm17_intraday-5min_historical-data-03-24-2026_clean.csv,2017-03-09T13:30:00+00:00,2017-03-09T12:40:00+00:00,2017-03-09T13:25:00+00:00,2017-03-09T13:35:00+00:00,2017-03-09T14:15:00+00:00,eligible,True,11,9,True,False,candidate_screen_only,True,True,True,True,True,True
2017-03-09,hf,PR,ECB_20170309,hfm17_intraday-5min_historical-data-09-05-2026_clean.csv,2017-03-09T12:45:00+00:00,2017-03-09T12:40:00+00:00,2017-03-09T12:40:00+00:00,2017-03-09T12:50:00+00:00,2017-03-09T13:10:00+00:00,eligible,False,11,5,False,False,candidate_screen_only,True,True,True,True,True,True
2017-03-09,hf,PC,ECB_20170309,hfm17_intraday-5min_historical-data-09-05-2026_clean.csv,2017-03-09T13:30:00+00:00,2017-03-09T12:40:00+00:00,2017-03-09T13:25:00+00:00,2017-03-09T13:35:00+00:00,2017-03-09T14:15:00+00:00,eligible,False,11,9,True,False,candidate_screen_only,True,True,True,True,True,True
2017-03-09,hr,PR,ECB_20170309,hrm17_intraday-5min_historical-data-09-05-2026_clean.csv,2017-03-09T12:45:00+00:00,2017-03-09T12:40:00+00:00,2017-03-09T12:40:00+00:00,2017-03-09T12:50:00+00:00,2017-03-09T13:10:00+00:00,eligible,False,11,5,False,False,candidate_screen_only,True,True,True,True,True,True
2017-03-09,hr,PC,ECB_20170309,hrm17_intraday-5min_historical-data-09-05-2026_clean.csv,2017-03-09T13:30:00+00:00,2017-03-09T12:40:00+00:00,2017-03-09T13:25:00+00:00,2017-03-09T13:35:00+00:00,2017-03-09T14:15:00+00:00,eligible,False,11,9,True,False,candidate_screen_only,True,True,True,True,True,True
2017-04-27,fx,PR,ECB_20170427,fxm17_intraday-5min_historical-data-03-24-2026_clean.csv,2017-04-27T11:45:00+00:00,2017-04-27T11:40:00+00:00,2017-04-27T11:40:00+00:00,2017-04-27T11:50:00+00:00,2017-04-27T12:10:00+00:00,eligible,True,11,5,False,False,candidate_screen_only,True,True,True,True,True,True
2017-04-27,fx,PC,ECB_20170427,fxm17_intraday-5min_historical-data-03-24-2026_clean.csv,2017-04-27T12:30:00+00:00,2017-04-27T11:40:00+00:00,2017-04-27T12:25:00+00:00,2017-04-27T12:35:00+00:00,2017-04-27T13:15:00+00:00,eligible,True,11,9,True,False,candidate_screen_only,True,True,True,True,True,True
2017-04-27,gg,PR,ECB_20170427,ggm17_intraday-5min_historical-data-03-24-2026_clean.csv,2017-04-27T11:45:00+00:00,2017-04-27T11:40:00+00:00,2017-04-27T11:40:00+00:00,2017-04-27T11:50:00+00:00,2017-04-27T12:10:00+00:00,eligible,True,11,5,False,False,candidate_screen_only,True,True,True,True,True,True
2017-04-27,gg,PC,ECB_20170427,ggm17_intraday-5min_historical-data-03-24-2026_clean.csv,2017-04-27T12:30:00+00:00,2017-04-27T11:40:00+00:00,2017-04-27T12:25:00+00:00,2017-04-27T12:35:00+00:00,2017-04-27T13:15:00+00:00,eligible,True,11,9,True,False,candidate_screen_only,True,True,True,True,True,True
2017-04-27,hf,PR,ECB_20170427,hfm17_intraday-5min_historical-data-09-05-2026_clean.csv,2017-04-27T11:45:00+00:00,2017-04-27T11:40:00+00:00,2017-04-27T11:40:00+00:00,2017-04-27T11:50:00+00:00,2017-04-27T12:10:00+00:00,eligible,False,11,5,False,False,candidate_screen_only,True,True,True,True,True,True
2017-04-27,hf,PC,ECB_20170427,hfm17_intraday-5min_historical-data-09-05-2026_clean.csv,2017-04-27T12:30:00+00:00,2017-04-27T11:40:00+00:00,2017-04-27T12:25:00+00:00,2017-04-27T12:35:00+00:00,2017-04-27T13:15:00+00:00,eligible,False,11,9,True,False,candidate_screen_only,True,True,True,True,True,True
2017-04-27,hr,PR,ECB_20170427,hrm17_intraday-5min_historical-data-09-05-2026_clean.csv,2017-04-27T11:45:00+00:00,2017-04-27T11:40:00+00:00,2017-04-27T11:40:00+00:00,2017-04-27T11:50:00+00:00,2017-04-27T12:10:00+00:00,eligible,False,11,5,False,False,candidate_screen_only,True,True,True,True,True,True
2017-04-27,hr,PC,ECB_20170427,hrm17_intraday-5min_historical-data-09-05-2026_clean.csv,2017-04-27T12:30:00+00:00,2017-04-27T11:40:00+00:00,2017-04-27T12:25:00+00:00,2017-04-27T12:35:00+00:00,2017-04-27T13:15:00+00:00,eligible,False,11,9,True,False,candidate_screen_only,True,True,True,True,True,True
2017-06-08,fx,PR,ECB_20170608,fxm17_intraday-5min_historical-data-03-24-2026_clean.csv,2017-06-08T11:45:00+00:00,2017-06-08T11:40:00+00:00,2017-06-08T11:40:00+00:00,2017-06-08T11:50:00+00:00,2017-06-08T12:10:00+00:00,eligible,True,11,5,False,False,candidate_screen_only,True,True,True,True,True,True
2017-06-08,fx,PC,ECB_20170608,fxm17_intraday-5min_historical-data-03-24-2026_clean.csv,2017-06-08T12:30:00+00:00,2017-06-08T11:40:00+00:00,2017-06-08T12:25:00+00:00,2017-06-08T12:35:00+00:00,2017-06-08T13:15:00+00:00,eligible,True,11,9,True,False,candidate_screen_only,True,True,True,True,True,True
2017-06-08,gg,PR,ECB_20170608,ggu17_intraday-5min_historical-data-03-23-2026_clean.csv,2017-06-08T11:45:00+00:00,2017-06-08T11:40:00+00:00,2017-06-08T11:40:00+00:00,2017-06-08T11:50:00+00:00,2017-06-08T12:10:00+00:00,eligible,True,11,5,False,False,candidate_screen_only,True,True,True,True,True,True
2017-06-08,gg,PC,ECB_20170608,ggu17_intraday-5min_historical-data-03-23-2026_clean.csv,2017-06-08T12:30:00+00:00,2017-06-08T11:40:00+00:00,2017-06-08T12:25:00+00:00,2017-06-08T12:35:00+00:00,2017-06-08T13:15:00+00:00,eligible,True,11,9,True,False,candidate_screen_only,True,True,True,True,True,True
2017-06-08,hf,PR,ECB_20170608,hfu17_intraday-5min_historical-data-09-05-2026_clean.csv,2017-06-08T11:45:00+00:00,2017-06-08T11:40:00+00:00,2017-06-08T11:40:00+00:00,2017-06-08T11:50:00+00:00,2017-06-08T12:10:00+00:00,eligible,False,11,5,False,False,candidate_screen_only,True,True,True,True,True,True
2017-06-08,hf,PC,ECB_20170608,hfu17_intraday-5min_historical-data-09-05-2026_clean.csv,2017-06-08T12:30:00+00:00,2017-06-08T11:40:00+00:00,2017-06-08T12:25:00+00:00,2017-06-08T12:35:00+00:00,2017-06-08T13:15:00+00:00,eligible,False,11,9,True,False,candidate_screen_only,True,True,True,True,True,True
2017-06-08,hr,PR,ECB_20170608,hru17_intraday-5min_historical-data-09-05-2026_clean.csv,2017-06-08T11:45:00+00:00,2017-06-08T11:40:00+00:00,2017-06-08T11:40:00+00:00,2017-06-08T11:50:00+00:00,2017-06-08T12:10:00+00:00,eligible,False,11,5,False,False,candidate_screen_only,True,True,True,True,False,True
2017-06-08,hr,PC,ECB_20170608,hru17_intraday-5min_historical-data-09-05-2026_clean.csv,2017-06-08T12:30:00+00:00,2017-06-08T11:40:00+00:00,2017-06-08T12:25:00+00:00,2017-06-08T12:35:00+00:00,2017-06-08T13:15:00+00:00,eligible,False,11,9,True,False,candidate_screen_only,True,True,True,True,True,True
2017-07-20,fx,PR,ECB_20170720,fxu17_intraday-5min_historical-data-03-23-2026_clean.csv,2017-07-20T11:45:00+00:00,2017-07-20T11:40:00+00:00,2017-07-20T11:40:00+00:00,2017-07-20T11:50:00+00:00,2017-07-20T12:10:00+00:00,eligible,True,11,5,False,False,candidate_screen_only,True,True,True,True,False,True
2017-07-20,fx,PC,ECB_20170720,fxu17_intraday-5min_historical-data-03-23-2026_clean.csv,2017-07-20T12:30:00+00:00,2017-07-20T11:40:00+00:00,2017-07-20T12:25:00+00:00,2017-07-20T12:35:00+00:00,2017-07-20T13:15:00+00:00,eligible,True,11,9,True,False,candidate_screen_only,True,True,True,True,True,True
2017-07-20,gg,PR,ECB_20170720,ggu17_intraday-5min_historical-data-03-23-2026_clean.csv,2017-07-20T11:45:00+00:00,2017-07-20T11:40:00+00:00,2017-07-20T11:40:00+00:00,2017-07-20T11:50:00+00:00,2017-07-20T12:10:00+00:00,eligible,True,11,5,False,False,candidate_screen_only,True,True,True,True,True,True
2017-07-20,gg,PC,ECB_20170720,ggu17_intraday-5min_historical-data-03-23-2026_clean.csv,2017-07-20T12:30:00+00:00,2017-07-20T11:40:00+00:00,2017-07-20T12:25:00+00:00,2017-07-20T12:35:00+00:00,2017-07-20T13:15:00+00:00,eligible,True,11,9,True,False,candidate_screen_only,True,True,True,True,True,True
2017-07-20,hf,PR,ECB_20170720,hfu17_intraday-5min_historical-data-09-05-2026_clean.csv,2017-07-20T11:45:00+00:00,2017-07-20T11:40:00+00:00,2017-07-20T11:40:00+00:00,2017-07-20T11:50:00+00:00,2017-07-20T12:10:00+00:00,eligible,False,11,5,False,False,candidate_screen_only,True,True,True,True,True,True
2017-07-20,hf,PC,ECB_20170720,hfu17_intraday-5min_historical-data-09-05-2026_clean.csv,2017-07-20T12:30:00+00:00,2017-07-20T11:40:00+00:00,2017-07-20T12:25:00+00:00,2017-07-20T12:35:00+00:00,2017-07-20T13:15:00+00:00,eligible,False,11,9,True,False,candidate_screen_only,True,True,True,True,True,True
2017-07-20,hr,PR,ECB_20170720,hru17_intraday-5min_historical-data-09-05-2026_clean.csv,2017-07-20T11:45:00+00:00,2017-07-20T11:40:00+00:00,2017-07-20T11:40:00+00:00,2017-07-20T11:50:00+00:00,2017-07-20T12:10:00+00:00,eligible,False,11,5,False,False,candidate_screen_only,True,True,True,True,True,True
2017-07-20,hr,PC,ECB_20170720,hru17_intraday-5min_historical-data-09-05-2026_clean.csv,2017-07-20T12:30:00+00:00,2017-07-20T11:40:00+00:00,2017-07-20T12:25:00+00:00,2017-07-20T12:35:00+00:00,2017-07-20T13:15:00+00:00,eligible,False,11,9,True,False,candidate_screen_only,True,True,True,True,True,True
2017-09-07,fx,PR,ECB_20170907,fxu17_intraday-5min_historical-data-03-23-2026_clean.csv,2017-09-07T11:45:00+00:00,2017-09-07T11:40:00+00:00,2017-09-07T11:40:00+00:00,2017-09-07T11:50:00+00:00,2017-09-07T12:10:00+00:00,eligible,True,11,5,False,False,candidate_screen_only,True,True,True,True,True,True
2017-09-07,fx,PC,ECB_20170907,fxu17_intraday-5min_historical-data-03-23-2026_clean.csv,2017-09-07T12:30:00+00:00,2017-09-07T11:40:00+00:00,2017-09-07T12:25:00+00:00,2017-09-07T12:35:00+00:00,2017-09-07T13:15:00+00:00,eligible,True,11,9,True,False,candidate_screen_only,True,True,True,True,True,True
2017-09-07,gg,PR,ECB_20170907,ggz17_intraday-5min_historical-data-03-23-2026_clean.csv,2017-09-07T11:45:00+00:00,2017-09-07T11:40:00+00:00,2017-09-07T11:40:00+00:00,2017-09-07T11:50:00+00:00,2017-09-07T12:10:00+00:00,eligible,True,11,5,False,False,candidate_screen_only,True,True,True,True,True,True
2017-09-07,gg,PC,ECB_20170907,ggz17_intraday-5min_historical-data-03-23-2026_clean.csv,2017-09-07T12:30:00+00:00,2017-09-07T11:40:00+00:00,2017-09-07T12:25:00+00:00,2017-09-07T12:35:00+00:00,2017-09-07T13:15:00+00:00,eligible,True,11,9,True,False,candidate_screen_only,True,True,True,True,True,True
2017-09-07,hf,PR,ECB_20170907,hfz17_intraday-5min_historical-data-09-05-2026_clean.csv,2017-09-07T11:45:00+00:00,2017-09-07T11:40:00+00:00,2017-09-07T11:40:00+00:00,2017-09-07T11:50:00+00:00,2017-09-07T12:10:00+00:00,eligible,False,11,5,False,False,candidate_screen_only,True,True,True,True,False,True
2017-09-07,hf,PC,ECB_20170907,hfz17_intraday-5min_historical-data-09-05-2026_clean.csv,2017-09-07T12:30:00+00:00,2017-09-07T11:40:00+00:00,2017-09-07T12:25:00+00:00,2017-09-07T12:35:00+00:00,2017-09-07T13:15:00+00:00,eligible,False,11,9,True,False,candidate_screen_only,True,True,True,True,True,True
2017-09-07,hr,PR,ECB_20170907,hrz17_intraday-5min_historical-data-09-05-2026_clean.csv,2017-09-07T11:45:00+00:00,2017-09-07T11:40:00+00:00,2017-09-07T11:40:00+00:00,2017-09-07T11:50:00+00:00,2017-09-07T12:10:00+00:00,eligible,False,11,5,False,False,candidate_screen_only,True,True,True,True,True,True
2017-09-07,hr,PC,ECB_20170907,hrz17_intraday-5min_historical-data-09-05-2026_clean.csv,2017-09-07T12:30:00+00:00,2017-09-07T11:40:00+00:00,2017-09-07T12:25:00+00:00,2017-09-07T12:35:00+00:00,2017-09-07T13:15:00+00:00,eligible,False,11,9,True,False,candidate_screen_only,True,True,True,True,True,True
2017-10-26,fx,PR,ECB_20171026,fxz17_intraday-5min_historical-data-03-23-2026_clean.csv,2017-10-26T11:45:00+00:00,2017-10-26T11:40:00+00:00,2017-10-26T11:40:00+00:00,2017-10-26T11:50:00+00:00,2017-10-26T12:10:00+00:00,eligible,True,11,5,False,False,candidate_screen_only,True,True,True,True,True,True
2017-10-26,fx,PC,ECB_20171026,fxz17_intraday-5min_historical-data-03-23-2026_clean.csv,2017-10-26T12:30:00+00:00,2017-10-26T11:40:00+00:00,2017-10-26T12:25:00+00:00,2017-10-26T12:35:00+00:00,2017-10-26T13:15:00+00:00,eligible,True,11,9,True,False,candidate_screen_only,True,True,True,True,True,True
2017-10-26,gg,PR,ECB_20171026,ggz17_intraday-5min_historical-data-03-23-2026_clean.csv,2017-10-26T11:45:00+00:00,2017-10-26T11:40:00+00:00,2017-10-26T11:40:00+00:00,2017-10-26T11:50:00+00:00,2017-10-26T12:10:00+00:00,eligible,True,11,5,False,False,candidate_screen_only,True,True,True,True,True,True
2017-10-26,gg,PC,ECB_20171026,ggz17_intraday-5min_historical-data-03-23-2026_clean.csv,2017-10-26T12:30:00+00:00,2017-10-26T11:40:00+00:00,2017-10-26T12:25:00+00:00,2017-10-26T12:35:00+00:00,2017-10-26T13:15:00+00:00,eligible,True,11,9,True,False,candidate_screen_only,True,True,True,True,True,True
2017-10-26,hf,PR,ECB_20171026,hfz17_intraday-5min_historical-data-09-05-2026_clean.csv,2017-10-26T11:45:00+00:00,2017-10-26T11:40:00+00:00,2017-10-26T11:40:00+00:00,2017-10-26T11:50:00+00:00,2017-10-26T12:10:00+00:00,eligible,False,11,5,False,False,candidate_screen_only,True,True,True,True,True,True
2017-10-26,hf,PC,ECB_20171026,hfz17_intraday-5min_historical-data-09-05-2026_clean.csv,2017-10-26T12:30:00+00:00,2017-10-26T11:40:00+00:00,2017-10-26T12:25:00+00:00,2017-10-26T12:35:00+00:00,2017-10-26T13:15:00+00:00,eligible,False,11,9,True,False,candidate_screen_only,True,True,True,True,True,True
2017-10-26,hr,PR,ECB_20171026,hrz17_intraday-5min_historical-data-09-05-2026_clean.csv,2017-10-26T11:45:00+00:00,2017-10-26T11:40:00+00:00,2017-10-26T11:40:00+00:00,2017-10-26T11:50:00+00:00,2017-10-26T12:10:00+00:00,eligible,False,11,5,False,False,candidate_screen_only,True,True,True,True,True,True
2017-10-26,hr,PC,ECB_20171026,hrz17_intraday-5min_historical-data-09-05-2026_clean.csv,2017-10-26T12:30:00+00:00,2017-10-26T11:40:00+00:00,2017-10-26T12:25:00+00:00,2017-10-26T12:35:00+00:00,2017-10-26T13:15:00+00:00,eligible,False,11,9,True,False,candidate_screen_only,True,True,True,True,True,True
2017-12-14,fx,PR,ECB_20171214,fxz17_intraday-5min_historical-data-03-23-2026_clean.csv,2017-12-14T12:45:00+00:00,2017-12-14T12:40:00+00:00,2017-12-14T12:40:00+00:00,2017-12-14T12:50:00+00:00,2017-12-14T13:10:00+00:00,eligible,True,11,5,False,False,candidate_screen_only,True,True,True,True,False,True
2017-12-14,fx,PC,ECB_20171214,fxz17_intraday-5min_historical-data-03-23-2026_clean.csv,2017-12-14T13:30:00+00:00,2017-12-14T12:40:00+00:00,2017-12-14T13:25:00+00:00,2017-12-14T13:35:00+00:00,2017-12-14T14:15:00+00:00,eligible,True,11,9,True,False,candidate_screen_only,True,True,True,True,True,True
2017-12-14,gg,PR,ECB_20171214,ggh18_intraday-5min_historical-data-03-24-2026_clean.csv,2017-12-14T12:45:00+00:00,2017-12-14T12:40:00+00:00,2017-12-14T12:40:00+00:00,2017-12-14T12:50:00+00:00,2017-12-14T13:10:00+00:00,eligible,True,11,5,False,False,candidate_screen_only,True,True,True,True,True,True
2017-12-14,gg,PC,ECB_20171214,ggh18_intraday-5min_historical-data-03-24-2026_clean.csv,2017-12-14T13:30:00+00:00,2017-12-14T12:40:00+00:00,2017-12-14T13:25:00+00:00,2017-12-14T13:35:00+00:00,2017-12-14T14:15:00+00:00,eligible,True,11,9,True,False,candidate_screen_only,True,True,True,True,True,True
2017-12-14,hf,PR,ECB_20171214,hfh18_intraday-5min_historical-data-09-05-2026_clean.csv,2017-12-14T12:45:00+00:00,2017-12-14T12:40:00+00:00,2017-12-14T12:40:00+00:00,2017-12-14T12:50:00+00:00,2017-12-14T13:10:00+00:00,eligible,False,11,5,False,False,candidate_screen_only,True,True,True,True,False,True
2017-12-14,hf,PC,ECB_20171214,hfh18_intraday-5min_historical-data-09-05-2026_clean.csv,2017-12-14T13:30:00+00:00,2017-12-14T12:40:00+00:00,2017-12-14T13:25:00+00:00,2017-12-14T13:35:00+00:00,2017-12-14T14:15:00+00:00,eligible,False,11,9,True,False,candidate_screen_only,True,True,True,True,True,True
2017-12-14,hr,PR,ECB_20171214,hrh18_intraday-5min_historical-data-09-05-2026_clean.csv,2017-12-14T12:45:00+00:00,2017-12-14T12:40:00+00:00,2017-12-14T12:40:00+00:00,2017-12-14T12:50:00+00:00,2017-12-14T13:10:00+00:00,eligible,False,11,5,False,False,candidate_screen_only,True,True,True,True,True,True
2017-12-14,hr,PC,ECB_20171214,hrh18_intraday-5min_historical-data-09-05-2026_clean.csv,2017-12-14T13:30:00+00:00,2017-12-14T12:40:00+00:00,2017-12-14T13:25:00+00:00,2017-12-14T13:35:00+00:00,2017-12-14T14:15:00+00:00,eligible,False,11,9,True,False,candidate_screen_only,True,True,True,True,True,True
2018-01-25,fx,PR,ECB_20180125,fxh18_intraday-5min_historical-data-03-24-2026_clean.csv,2018-01-25T12:45:00+00:00,2018-01-25T12:40:00+00:00,2018-01-25T12:40:00+00:00,2018-01-25T12:50:00+00:00,2018-01-25T13:10:00+00:00,eligible,True,11,5,False,False,candidate_screen_only,True,True,True,True,True,True
2018-01-25,fx,PC,ECB_20180125,fxh18_intraday-5min_historical-data-03-24-2026_clean.csv,2018-01-25T13:30:00+00:00,2018-01-25T12:40:00+00:00,2018-01-25T13:25:00+00:00,2018-01-25T13:35:00+00:00,2018-01-25T14:15:00+00:00,eligible,True,11,9,True,False,candidate_screen_only,True,True,True,True,True,True
2018-01-25,gg,PR,ECB_20180125,ggh18_intraday-5min_historical-data-03-24-2026_clean.csv,2018-01-25T12:45:00+00:00,2018-01-25T12:40:00+00:00,2018-01-25T12:40:00+00:00,2018-01-25T12:50:00+00:00,2018-01-25T13:10:00+00:00,eligible,True,11,5,False,False,candidate_screen_only,True,True,True,True,True,True
2018-01-25,gg,PC,ECB_20180125,ggh18_intraday-5min_historical-data-03-24-2026_clean.csv,2018-01-25T13:30:00+00:00,2018-01-25T12:40:00+00:00,2018-01-25T13:25:00+00:00,2018-01-25T13:35:00+00:00,2018-01-25T14:15:00+00:00,eligible,True,11,9,True,False,candidate_screen_only,True,True,True,True,True,True
2018-01-25,hf,PR,ECB_20180125,hfh18_intraday-5min_historical-data-09-05-2026_clean.csv,2018-01-25T12:45:00+00:00,2018-01-25T12:40:00+00:00,2018-01-25T12:40:00+00:00,2018-01-25T12:50:00+00:00,2018-01-25T13:10:00+00:00,eligible,False,11,5,False,False,candidate_screen_only,True,True,True,True,True,True
2018-01-25,hf,PC,ECB_20180125,hfh18_intraday-5min_historical-data-09-05-2026_clean.csv,2018-01-25T13:30:00+00:00,2018-01-25T12:40:00+00:00,2018-01-25T13:25:00+00:00,2018-01-25T13:35:00+00:00,2018-01-25T14:15:00+00:00,eligible,False,11,9,True,False,candidate_screen_only,True,True,True,True,True,True
2018-01-25,hr,PR,ECB_20180125,hrh18_intraday-5min_historical-data-09-05-2026_clean.csv,2018-01-25T12:45:00+00:00,2018-01-25T12:40:00+00:00,2018-01-25T12:40:00+00:00,2018-01-25T12:50:00+00:00,2018-01-25T13:10:00+00:00,eligible,False,11,5,False,False,candidate_screen_only,True,True,True,True,True,True
2018-01-25,hr,PC,ECB_20180125,hrh18_intraday-5min_historical-data-09-05-2026_clean.csv,2018-01-25T13:30:00+00:00,2018-01-25T12:40:00+00:00,2018-01-25T13:25:00+00:00,2018-01-25T13:35:00+00:00,2018-01-25T14:15:00+00:00,eligible,False,11,9,True,False,candidate_screen_only,True,True,True,True,True,True
2018-03-08,fx,PR,ECB_20180308,fxh18_intraday-5min_historical-data-03-24-2026_clean.csv,2018-03-08T12:45:00+00:00,2018-03-08T12:40:00+00:00,2018-03-08T12:40:00+00:00,2018-03-08T12:50:00+00:00,2018-03-08T13:10:00+00:00,eligible,True,11,5,False,False,candidate_screen_only,True,True,True,True,True,True
2018-03-08,fx,PC,ECB_20180308,fxh18_intraday-5min_historical-data-03-24-2026_clean.csv,2018-03-08T13:30:00+00:00,2018-03-08T12:40:00+00:00,2018-03-08T13:25:00+00:00,2018-03-08T13:35:00+00:00,2018-03-08T14:15:00+00:00,eligible,True,11,9,True,False,candidate_screen_only,True,True,True,True,True,True
2018-03-08,gg,PR,ECB_20180308,ggm18_intraday-5min_historical-data-03-24-2026_clean.csv,2018-03-08T12:45:00+00:00,2018-03-08T12:40:00+00:00,2018-03-08T12:40:00+00:00,2018-03-08T12:50:00+00:00,2018-03-08T13:10:00+00:00,eligible,True,11,5,False,False,candidate_screen_only,True,True,True,True,True,True
2018-03-08,gg,PC,ECB_20180308,ggm18_intraday-5min_historical-data-03-24-2026_clean.csv,2018-03-08T13:30:00+00:00,2018-03-08T12:40:00+00:00,2018-03-08T13:25:00+00:00,2018-03-08T13:35:00+00:00,2018-03-08T14:15:00+00:00,eligible,True,11,9,True,False,candidate_screen_only,True,True,True,True,True,True
2018-03-08,hf,PR,ECB_20180308,hfm18_intraday-5min_historical-data-09-05-2026_clean.csv,2018-03-08T12:45:00+00:00,2018-03-08T12:40:00+00:00,2018-03-08T12:40:00+00:00,2018-03-08T12:50:00+00:00,2018-03-08T13:10:00+00:00,eligible,False,11,5,False,False,candidate_screen_only,True,True,True,True,True,True
2018-03-08,hf,PC,ECB_20180308,hfm18_intraday-5min_historical-data-09-05-2026_clean.csv,2018-03-08T13:30:00+00:00,2018-03-08T12:40:00+00:00,2018-03-08T13:25:00+00:00,2018-03-08T13:35:00+00:00,2018-03-08T14:15:00+00:00,eligible,False,11,9,True,False,candidate_screen_only,True,True,True,True,True,True
2018-03-08,hr,PR,ECB_20180308,hrm18_intraday-5min_historical-data-09-05-2026_clean.csv,2018-03-08T12:45:00+00:00,2018-03-08T12:40:00+00:00,2018-03-08T12:40:00+00:00,2018-03-08T12:50:00+00:00,2018-03-08T13:10:00+00:00,eligible,False,11,5,False,False,candidate_screen_only,True,True,True,True,True,True
2018-03-08,hr,PC,ECB_20180308,hrm18_intraday-5min_historical-data-09-05-2026_clean.csv,2018-03-08T13:30:00+00:00,2018-03-08T12:40:00+00:00,2018-03-08T13:25:00+00:00,2018-03-08T13:35:00+00:00,2018-03-08T14:15:00+00:00,eligible,False,11,9,True,False,candidate_screen_only,True,True,True,True,True,True
2018-04-26,fx,PR,ECB_20180426,fxm18_intraday-5min_historical-data-03-24-2026_clean.csv,2018-04-26T11:45:00+00:00,2018-04-26T11:40:00+00:00,2018-04-26T11:40:00+00:00,2018-04-26T11:50:00+00:00,2018-04-26T12:10:00+00:00,eligible,True,11,5,False,False,candidate_screen_only,True,True,True,True,True,True
2018-04-26,fx,PC,ECB_20180426,fxm18_intraday-5min_historical-data-03-24-2026_clean.csv,2018-04-26T12:30:00+00:00,2018-04-26T11:40:00+00:00,2018-04-26T12:25:00+00:00,2018-04-26T12:35:00+00:00,2018-04-26T13:15:00+00:00,eligible,True,11,9,True,False,candidate_screen_only,True,True,True,True,True,True
2018-04-26,gg,PR,ECB_20180426,ggm18_intraday-5min_historical-data-03-24-2026_clean.csv,2018-04-26T11:45:00+00:00,2018-04-26T11:40:00+00:00,2018-04-26T11:40:00+00:00,2018-04-26T11:50:00+00:00,2018-04-26T12:10:00+00:00,eligible,True,11,5,False,False,candidate_screen_only,True,True,True,True,True,True
2018-04-26,gg,PC,ECB_20180426,ggm18_intraday-5min_historical-data-03-24-2026_clean.csv,2018-04-26T12:30:00+00:00,2018-04-26T11:40:00+00:00,2018-04-26T12:25:00+00:00,2018-04-26T12:35:00+00:00,2018-04-26T13:15:00+00:00,eligible,True,11,9,True,False,candidate_screen_only,True,True,True,True,True,True
2018-04-26,hf,PR,ECB_20180426,hfm18_intraday-5min_historical-data-09-05-2026_clean.csv,2018-04-26T11:45:00+00:00,2018-04-26T11:40:00+00:00,2018-04-26T11:40:00+00:00,2018-04-26T11:50:00+00:00,2018-04-26T12:10:00+00:00,eligible,False,11,5,False,False,candidate_screen_only,True,True,True,True,True,True
2018-04-26,hf,PC,ECB_20180426,hfm18_intraday-5min_historical-data-09-05-2026_clean.csv,2018-04-26T12:30:00+00:00,2018-04-26T11:40:00+00:00,2018-04-26T12:25:00+00:00,2018-04-26T12:35:00+00:00,2018-04-26T13:15:00+00:00,eligible,False,11,9,True,False,candidate_screen_only,True,True,True,True,True,True
2018-04-26,hr,PR,ECB_20180426,hrm18_intraday-5min_historical-data-09-05-2026_clean.csv,2018-04-26T11:45:00+00:00,2018-04-26T11:40:00+00:00,2018-04-26T11:40:00+00:00,2018-04-26T11:50:00+00:00,2018-04-26T12:10:00+00:00,eligible,False,11,5,False,False,candidate_screen_only,True,True,True,True,True,True
2018-04-26,hr,PC,ECB_20180426,hrm18_intraday-5min_historical-data-09-05-2026_clean.csv,2018-04-26T12:30:00+00:00,2018-04-26T11:40:00+00:00,2018-04-26T12:25:00+00:00,2018-04-26T12:35:00+00:00,2018-04-26T13:15:00+00:00,eligible,False,11,9,True,False,candidate_screen_only,True,True,True,True,True,True
2018-06-14,fx,PR,ECB_20180614,fxu18_intraday-5min_historical-data-03-23-2026_clean.csv,2018-06-14T11:45:00+00:00,2018-06-14T11:40:00+00:00,2018-06-14T11:40:00+00:00,2018-06-14T11:50:00+00:00,2018-06-14T12:10:00+00:00,eligible,True,11,5,False,False,candidate_screen_only,True,True,True,True,True,True
2018-06-14,fx,PC,ECB_20180614,fxu18_intraday-5min_historical-data-03-23-2026_clean.csv,2018-06-14T12:30:00+00:00,2018-06-14T11:40:00+00:00,2018-06-14T12:25:00+00:00,2018-06-14T12:35:00+00:00,2018-06-14T13:15:00+00:00,eligible,True,11,9,True,False,candidate_screen_only,True,True,True,True,True,True
2018-06-14,gg,PR,ECB_20180614,ggu18_intraday-5min_historical-data-03-23-2026_clean.csv,2018-06-14T11:45:00+00:00,2018-06-14T11:40:00+00:00,2018-06-14T11:40:00+00:00,2018-06-14T11:50:00+00:00,2018-06-14T12:10:00+00:00,eligible,True,11,5,False,False,candidate_screen_only,True,True,True,True,True,True
2018-06-14,gg,PC,ECB_20180614,ggu18_intraday-5min_historical-data-03-23-2026_clean.csv,2018-06-14T12:30:00+00:00,2018-06-14T11:40:00+00:00,2018-06-14T12:25:00+00:00,2018-06-14T12:35:00+00:00,2018-06-14T13:15:00+00:00,eligible,True,11,9,True,False,candidate_screen_only,True,True,True,True,True,True
2018-06-14,hf,PR,ECB_20180614,hfu18_intraday-5min_historical-data-09-05-2026_clean.csv,2018-06-14T11:45:00+00:00,2018-06-14T11:40:00+00:00,2018-06-14T11:40:00+00:00,2018-06-14T11:50:00+00:00,2018-06-14T12:10:00+00:00,eligible,False,11,5,False,False,candidate_screen_only,True,True,True,True,True,True
2018-06-14,hf,PC,ECB_20180614,hfu18_intraday-5min_historical-data-09-05-2026_clean.csv,2018-06-14T12:30:00+00:00,2018-06-14T11:40:00+00:00,2018-06-14T12:25:00+00:00,2018-06-14T12:35:00+00:00,2018-06-14T13:15:00+00:00,eligible,False,11,9,True,False,candidate_screen_only,True,True,True,True,True,True
2018-06-14,hr,PR,ECB_20180614,hru18_intraday-5min_historical-data-09-05-2026_clean.csv,2018-06-14T11:45:00+00:00,2018-06-14T11:40:00+00:00,2018-06-14T11:40:00+00:00,2018-06-14T11:50:00+00:00,2018-06-14T12:10:00+00:00,eligible,False,11,5,False,False,candidate_screen_only,True,True,True,True,True,True
2018-06-14,hr,PC,ECB_20180614,hru18_intraday-5min_historical-data-09-05-2026_clean.csv,2018-06-14T12:30:00+00:00,2018-06-14T11:40:00+00:00,2018-06-14T12:25:00+00:00,2018-06-14T12:35:00+00:00,2018-06-14T13:15:00+00:00,eligible,False,11,9,True,False,candidate_screen_only,True,True,True,True,True,True
2018-07-26,fx,PR,ECB_20180726,fxu18_intraday-5min_historical-data-03-23-2026_clean.csv,2018-07-26T11:45:00+00:00,2018-07-26T11:40:00+00:00,2018-07-26T11:40:00+00:00,2018-07-26T11:50:00+00:00,2018-07-26T12:10:00+00:00,eligible,True,11,5,False,False,candidate_screen_only,True,True,True,True,True,True
2018-07-26,fx,PC,ECB_20180726,fxu18_intraday-5min_historical-data-03-23-2026_clean.csv,2018-07-26T12:30:00+00:00,2018-07-26T11:40:00+00:00,2018-07-26T12:25:00+00:00,2018-07-26T12:35:00+00:00,2018-07-26T13:15:00+00:00,eligible,True,11,9,True,False,candidate_screen_only,True,True,True,True,True,True
2018-07-26,gg,PR,ECB_20180726,ggu18_intraday-5min_historical-data-03-23-2026_clean.csv,2018-07-26T11:45:00+00:00,2018-07-26T11:40:00+00:00,2018-07-26T11:40:00+00:00,2018-07-26T11:50:00+00:00,2018-07-26T12:10:00+00:00,eligible,True,11,5,False,False,candidate_screen_only,True,True,True,True,True,True
2018-07-26,gg,PC,ECB_20180726,ggu18_intraday-5min_historical-data-03-23-2026_clean.csv,2018-07-26T12:30:00+00:00,2018-07-26T11:40:00+00:00,2018-07-26T12:25:00+00:00,2018-07-26T12:35:00+00:00,2018-07-26T13:15:00+00:00,eligible,True,11,9,True,False,candidate_screen_only,True,True,True,True,True,True
2018-07-26,hf,PR,ECB_20180726,hfu18_intraday-5min_historical-data-09-05-2026_clean.csv,2018-07-26T11:45:00+00:00,2018-07-26T11:40:00+00:00,2018-07-26T11:40:00+00:00,2018-07-26T11:50:00+00:00,2018-07-26T12:10:00+00:00,eligible,False,11,5,False,False,candidate_screen_only,True,True,True,True,True,True
2018-07-26,hf,PC,ECB_20180726,hfu18_intraday-5min_historical-data-09-05-2026_clean.csv,2018-07-26T12:30:00+00:00,2018-07-26T11:40:00+00:00,2018-07-26T12:25:00+00:00,2018-07-26T12:35:00+00:00,2018-07-26T13:15:00+00:00,eligible,False,11,9,True,False,candidate_screen_only,True,True,True,True,True,True
2018-07-26,hr,PR,ECB_20180726,hru18_intraday-5min_historical-data-09-05-2026_clean.csv,2018-07-26T11:45:00+00:00,2018-07-26T11:40:00+00:00,2018-07-26T11:40:00+00:00,2018-07-26T11:50:00+00:00,2018-07-26T12:10:00+00:00,eligible,False,11,5,False,False,candidate_screen_only,True,True,True,True,True,True
2018-07-26,hr,PC,ECB_20180726,hru18_intraday-5min_historical-data-09-05-2026_clean.csv,2018-07-26T12:30:00+00:00,2018-07-26T11:40:00+00:00,2018-07-26T12:25:00+00:00,2018-07-26T12:35:00+00:00,2018-07-26T13:15:00+00:00,eligible,False,11,9,True,False,candidate_screen_only,True,True,True,True,True,True
2018-09-13,fx,PR,ECB_20180913,fxu18_intraday-5min_historical-data-03-23-2026_clean.csv,2018-09-13T11:45:00+00:00,2018-09-13T11:40:00+00:00,2018-09-13T11:40:00+00:00,2018-09-13T11:50:00+00:00,2018-09-13T12:10:00+00:00,eligible,True,11,5,False,False,candidate_screen_only,True,True,True,True,True,True
2018-09-13,fx,PC,ECB_20180913,fxu18_intraday-5min_historical-data-03-23-2026_clean.csv,2018-09-13T12:30:00+00:00,2018-09-13T11:40:00+00:00,2018-09-13T12:25:00+00:00,2018-09-13T12:35:00+00:00,2018-09-13T13:15:00+00:00,eligible,True,11,9,True,False,candidate_screen_only,True,True,True,True,True,True
2018-09-13,gg,PR,ECB_20180913,ggz18_intraday-5min_historical-data-03-23-2026_clean.csv,2018-09-13T11:45:00+00:00,2018-09-13T11:40:00+00:00,2018-09-13T11:40:00+00:00,2018-09-13T11:50:00+00:00,2018-09-13T12:10:00+00:00,eligible,True,11,5,False,False,candidate_screen_only,True,True,True,True,True,True
2018-09-13,gg,PC,ECB_20180913,ggz18_intraday-5min_historical-data-03-23-2026_clean.csv,2018-09-13T12:30:00+00:00,2018-09-13T11:40:00+00:00,2018-09-13T12:25:00+00:00,2018-09-13T12:35:00+00:00,2018-09-13T13:15:00+00:00,eligible,True,11,9,True,False,candidate_screen_only,True,True,True,True,True,True
2018-09-13,hf,PR,ECB_20180913,hfz18_intraday-5min_historical-data-09-05-2026_clean.csv,2018-09-13T11:45:00+00:00,2018-09-13T11:40:00+00:00,2018-09-13T11:40:00+00:00,2018-09-13T11:50:00+00:00,2018-09-13T12:10:00+00:00,eligible,False,11,5,False,False,candidate_screen_only,True,True,True,True,False,True
2018-09-13,hf,PC,ECB_20180913,hfz18_intraday-5min_historical-data-09-05-2026_clean.csv,2018-09-13T12:30:00+00:00,2018-09-13T11:40:00+00:00,2018-09-13T12:25:00+00:00,2018-09-13T12:35:00+00:00,2018-09-13T13:15:00+00:00,eligible,False,11,9,True,False,candidate_screen_only,True,True,True,True,True,True
2018-09-13,hr,PR,ECB_20180913,hrz18_intraday-5min_historical-data-09-05-2026_clean.csv,2018-09-13T11:45:00+00:00,2018-09-13T11:40:00+00:00,2018-09-13T11:40:00+00:00,2018-09-13T11:50:00+00:00,2018-09-13T12:10:00+00:00,eligible,False,11,5,False,False,candidate_screen_only,True,True,True,True,False,True
2018-09-13,hr,PC,ECB_20180913,hrz18_intraday-5min_historical-data-09-05-2026_clean.csv,2018-09-13T12:30:00+00:00,2018-09-13T11:40:00+00:00,2018-09-13T12:25:00+00:00,2018-09-13T12:35:00+00:00,2018-09-13T13:15:00+00:00,eligible,False,11,9,True,False,candidate_screen_only,True,True,True,True,True,True
2018-10-25,fx,PR,ECB_20181025,fxz18_intraday-5min_historical-data-03-24-2026_clean.csv,2018-10-25T11:45:00+00:00,2018-10-25T11:40:00+00:00,2018-10-25T11:40:00+00:00,2018-10-25T11:50:00+00:00,2018-10-25T12:10:00+00:00,eligible,True,11,5,False,False,candidate_screen_only,True,True,True,True,True,True
2018-10-25,fx,PC,ECB_20181025,fxz18_intraday-5min_historical-data-03-24-2026_clean.csv,2018-10-25T12:30:00+00:00,2018-10-25T11:40:00+00:00,2018-10-25T12:25:00+00:00,2018-10-25T12:35:00+00:00,2018-10-25T13:15:00+00:00,eligible,True,11,9,True,False,candidate_screen_only,True,True,True,True,True,True
2018-10-25,gg,PR,ECB_20181025,ggz18_intraday-5min_historical-data-03-23-2026_clean.csv,2018-10-25T11:45:00+00:00,2018-10-25T11:40:00+00:00,2018-10-25T11:40:00+00:00,2018-10-25T11:50:00+00:00,2018-10-25T12:10:00+00:00,eligible,True,11,5,False,False,candidate_screen_only,True,True,True,True,True,True
2018-10-25,gg,PC,ECB_20181025,ggz18_intraday-5min_historical-data-03-23-2026_clean.csv,2018-10-25T12:30:00+00:00,2018-10-25T11:40:00+00:00,2018-10-25T12:25:00+00:00,2018-10-25T12:35:00+00:00,2018-10-25T13:15:00+00:00,eligible,True,11,9,True,False,candidate_screen_only,True,True,True,True,True,True
2018-10-25,hf,PR,ECB_20181025,hfz18_intraday-5min_historical-data-09-05-2026_clean.csv,2018-10-25T11:45:00+00:00,2018-10-25T11:40:00+00:00,2018-10-25T11:40:00+00:00,2018-10-25T11:50:00+00:00,2018-10-25T12:10:00+00:00,eligible,False,11,5,False,False,candidate_screen_only,True,True,True,True,True,True
2018-10-25,hf,PC,ECB_20181025,hfz18_intraday-5min_historical-data-09-05-2026_clean.csv,2018-10-25T12:30:00+00:00,2018-10-25T11:40:00+00:00,2018-10-25T12:25:00+00:00,2018-10-25T12:35:00+00:00,2018-10-25T13:15:00+00:00,eligible,False,11,9,True,False,candidate_screen_only,True,True,True,True,True,True
2018-10-25,hr,PR,ECB_20181025,hrz18_intraday-5min_historical-data-09-05-2026_clean.csv,2018-10-25T11:45:00+00:00,2018-10-25T11:40:00+00:00,2018-10-25T11:40:00+00:00,2018-10-25T11:50:00+00:00,2018-10-25T12:10:00+00:00,eligible,False,11,5,False,False,candidate_screen_only,True,True,True,True,True,True
2018-10-25,hr,PC,ECB_20181025,hrz18_intraday-5min_historical-data-09-05-2026_clean.csv,2018-10-25T12:30:00+00:00,2018-10-25T11:40:00+00:00,2018-10-25T12:25:00+00:00,2018-10-25T12:35:00+00:00,2018-10-25T13:15:00+00:00,eligible,False,11,9,True,False,candidate_screen_only,True,True,True,True,True,True
2018-12-13,fx,PR,ECB_20181213,fxz18_intraday-5min_historical-data-03-24-2026_clean.csv,2018-12-13T12:45:00+00:00,2018-12-13T12:40:00+00:00,2018-12-13T12:40:00+00:00,2018-12-13T12:50:00+00:00,2018-12-13T13:10:00+00:00,eligible,True,11,5,False,False,candidate_screen_only,True,True,True,True,True,True
2018-12-13,fx,PC,ECB_20181213,fxz18_intraday-5min_historical-data-03-24-2026_clean.csv,2018-12-13T13:30:00+00:00,2018-12-13T12:40:00+00:00,2018-12-13T13:25:00+00:00,2018-12-13T13:35:00+00:00,2018-12-13T14:15:00+00:00,eligible,True,11,9,True,False,candidate_screen_only,True,True,True,True,True,True
2018-12-13,gg,PR,ECB_20181213,ggh19_intraday-5min_historical-data-03-24-2026_clean.csv,2018-12-13T12:45:00+00:00,2018-12-13T12:40:00+00:00,2018-12-13T12:40:00+00:00,2018-12-13T12:50:00+00:00,2018-12-13T13:10:00+00:00,eligible,True,11,5,False,False,candidate_screen_only,True,True,True,True,True,True
2018-12-13,gg,PC,ECB_20181213,ggh19_intraday-5min_historical-data-03-24-2026_clean.csv,2018-12-13T13:30:00+00:00,2018-12-13T12:40:00+00:00,2018-12-13T13:25:00+00:00,2018-12-13T13:35:00+00:00,2018-12-13T14:15:00+00:00,eligible,True,11,9,True,False,candidate_screen_only,True,True,True,True,True,True
2018-12-13,hf,PR,ECB_20181213,hfh19_intraday-5min_historical-data-09-05-2026_clean.csv,2018-12-13T12:45:00+00:00,2018-12-13T12:40:00+00:00,2018-12-13T12:40:00+00:00,2018-12-13T12:50:00+00:00,2018-12-13T13:10:00+00:00,eligible,False,11,5,False,False,candidate_screen_only,True,True,True,True,True,True
2018-12-13,hf,PC,ECB_20181213,hfh19_intraday-5min_historical-data-09-05-2026_clean.csv,2018-12-13T13:30:00+00:00,2018-12-13T12:40:00+00:00,2018-12-13T13:25:00+00:00,2018-12-13T13:35:00+00:00,2018-12-13T14:15:00+00:00,eligible,False,11,9,True,False,candidate_screen_only,True,True,True,True,True,True
2018-12-13,hr,PR,ECB_20181213,hrh19_intraday-5min_historical-data-09-05-2026_clean.csv,2018-12-13T12:45:00+00:00,2018-12-13T12:40:00+00:00,2018-12-13T12:40:00+00:00,2018-12-13T12:50:00+00:00,2018-12-13T13:10:00+00:00,eligible,False,11,5,False,False,candidate_screen_only,True,True,True,True,True,True
2018-12-13,hr,PC,ECB_20181213,hrh19_intraday-5min_historical-data-09-05-2026_clean.csv,2018-12-13T13:30:00+00:00,2018-12-13T12:40:00+00:00,2018-12-13T13:25:00+00:00,2018-12-13T13:35:00+00:00,2018-12-13T14:15:00+00:00,eligible,False,11,9,True,False,candidate_screen_only,True,True,True,True,True,True
2019-01-24,fx,PR,ECB_20190124,fxh19_intraday-5min_historical-data-03-23-2026_clean.csv,2019-01-24T12:45:00+00:00,2019-01-24T12:40:00+00:00,2019-01-24T12:40:00+00:00,2019-01-24T12:50:00+00:00,2019-01-24T13:10:00+00:00,eligible,True,11,5,False,False,candidate_screen_only,True,True,True,True,True,True
2019-01-24,fx,PC,ECB_20190124,fxh19_intraday-5min_historical-data-03-23-2026_clean.csv,2019-01-24T13:30:00+00:00,2019-01-24T12:40:00+00:00,2019-01-24T13:25:00+00:00,2019-01-24T13:35:00+00:00,2019-01-24T14:15:00+00:00,eligible,True,11,9,True,False,candidate_screen_only,True,True,True,True,True,True
2019-01-24,gg,PR,ECB_20190124,ggh19_intraday-5min_historical-data-03-24-2026_clean.csv,2019-01-24T12:45:00+00:00,2019-01-24T12:40:00+00:00,2019-01-24T12:40:00+00:00,2019-01-24T12:50:00+00:00,2019-01-24T13:10:00+00:00,eligible,True,11,5,False,False,candidate_screen_only,True,True,True,True,True,True
2019-01-24,gg,PC,ECB_20190124,ggh19_intraday-5min_historical-data-03-24-2026_clean.csv,2019-01-24T13:30:00+00:00,2019-01-24T12:40:00+00:00,2019-01-24T13:25:00+00:00,2019-01-24T13:35:00+00:00,2019-01-24T14:15:00+00:00,eligible,True,11,9,True,False,candidate_screen_only,True,True,True,True,True,True
2019-01-24,hf,PR,ECB_20190124,hfh19_intraday-5min_historical-data-09-05-2026_clean.csv,2019-01-24T12:45:00+00:00,2019-01-24T12:40:00+00:00,2019-01-24T12:40:00+00:00,2019-01-24T12:50:00+00:00,2019-01-24T13:10:00+00:00,eligible,False,11,5,False,False,candidate_screen_only,True,True,True,True,True,True
2019-01-24,hf,PC,ECB_20190124,hfh19_intraday-5min_historical-data-09-05-2026_clean.csv,2019-01-24T13:30:00+00:00,2019-01-24T12:40:00+00:00,2019-01-24T13:25:00+00:00,2019-01-24T13:35:00+00:00,2019-01-24T14:15:00+00:00,eligible,False,11,9,True,False,candidate_screen_only,True,True,True,True,False,True
2019-01-24,hr,PR,ECB_20190124,hrh19_intraday-5min_historical-data-09-05-2026_clean.csv,2019-01-24T12:45:00+00:00,2019-01-24T12:40:00+00:00,2019-01-24T12:40:00+00:00,2019-01-24T12:50:00+00:00,2019-01-24T13:10:00+00:00,eligible,False,11,5,False,False,candidate_screen_only,True,True,True,True,True,True
2019-01-24,hr,PC,ECB_20190124,hrh19_intraday-5min_historical-data-09-05-2026_clean.csv,2019-01-24T13:30:00+00:00,2019-01-24T12:40:00+00:00,2019-01-24T13:25:00+00:00,2019-01-24T13:35:00+00:00,2019-01-24T14:15:00+00:00,eligible,False,11,9,True,False,candidate_screen_only,True,True,True,True,True,True
2019-03-07,fx,PR,ECB_20190307,fxh19_intraday-5min_historical-data-03-23-2026_clean.csv,2019-03-07T12:45:00+00:00,2019-03-07T12:40:00+00:00,2019-03-07T12:40:00+00:00,2019-03-07T12:50:00+00:00,2019-03-07T13:10:00+00:00,eligible,True,11,5,False,False,candidate_screen_only,True,True,True,True,True,True
2019-03-07,fx,PC,ECB_20190307,fxh19_intraday-5min_historical-data-03-23-2026_clean.csv,2019-03-07T13:30:00+00:00,2019-03-07T12:40:00+00:00,2019-03-07T13:25:00+00:00,2019-03-07T13:35:00+00:00,2019-03-07T14:15:00+00:00,eligible,True,11,9,True,False,candidate_screen_only,True,True,True,True,True,True
2019-03-07,gg,PR,ECB_20190307,ggm19_intraday-5min_historical-data-03-24-2026_clean.csv,2019-03-07T12:45:00+00:00,2019-03-07T12:40:00+00:00,2019-03-07T12:40:00+00:00,2019-03-07T12:50:00+00:00,2019-03-07T13:10:00+00:00,eligible,True,11,5,False,False,candidate_screen_only,True,True,True,True,True,True
2019-03-07,gg,PC,ECB_20190307,ggm19_intraday-5min_historical-data-03-24-2026_clean.csv,2019-03-07T13:30:00+00:00,2019-03-07T12:40:00+00:00,2019-03-07T13:25:00+00:00,2019-03-07T13:35:00+00:00,2019-03-07T14:15:00+00:00,eligible,True,11,9,True,False,candidate_screen_only,True,True,True,True,True,True
2019-03-07,hf,PR,ECB_20190307,hfm19_intraday-5min_historical-data-09-05-2026_clean.csv,2019-03-07T12:45:00+00:00,2019-03-07T12:40:00+00:00,2019-03-07T12:40:00+00:00,2019-03-07T12:50:00+00:00,2019-03-07T13:10:00+00:00,eligible,False,11,5,False,False,candidate_screen_only,True,True,True,True,True,True
2019-03-07,hf,PC,ECB_20190307,hfm19_intraday-5min_historical-data-09-05-2026_clean.csv,2019-03-07T13:30:00+00:00,2019-03-07T12:40:00+00:00,2019-03-07T13:25:00+00:00,2019-03-07T13:35:00+00:00,2019-03-07T14:15:00+00:00,eligible,False,11,9,True,False,candidate_screen_only,True,True,True,True,True,True
2019-03-07,hr,PR,ECB_20190307,hrm19_intraday-5min_historical-data-09-05-2026_clean.csv,2019-03-07T12:45:00+00:00,2019-03-07T12:40:00+00:00,2019-03-07T12:40:00+00:00,2019-03-07T12:50:00+00:00,2019-03-07T13:10:00+00:00,eligible,False,11,5,False,False,candidate_screen_only,True,True,True,True,True,True
2019-03-07,hr,PC,ECB_20190307,hrm19_intraday-5min_historical-data-09-05-2026_clean.csv,2019-03-07T13:30:00+00:00,2019-03-07T12:40:00+00:00,2019-03-07T13:25:00+00:00,2019-03-07T13:35:00+00:00,2019-03-07T14:15:00+00:00,eligible,False,11,9,True,False,candidate_screen_only,True,True,True,True,True,True
2019-04-10,fx,PR,ECB_20190410,fxm19_intraday-5min_historical-data-03-23-2026_clean.csv,2019-04-10T11:45:00+00:00,2019-04-10T11:40:00+00:00,2019-04-10T11:40:00+00:00,2019-04-10T11:50:00+00:00,2019-04-10T12:10:00+00:00,eligible,True,11,5,False,False,candidate_screen_only,True,True,True,True,True,True
2019-04-10,fx,PC,ECB_20190410,fxm19_intraday-5min_historical-data-03-23-2026_clean.csv,2019-04-10T12:30:00+00:00,2019-04-10T11:40:00+00:00,2019-04-10T12:25:00+00:00,2019-04-10T12:35:00+00:00,2019-04-10T13:15:00+00:00,eligible,True,11,9,True,False,candidate_screen_only,True,True,True,True,True,True
2019-04-10,gg,PR,ECB_20190410,ggm19_intraday-5min_historical-data-03-24-2026_clean.csv,2019-04-10T11:45:00+00:00,2019-04-10T11:40:00+00:00,2019-04-10T11:40:00+00:00,2019-04-10T11:50:00+00:00,2019-04-10T12:10:00+00:00,eligible,True,11,5,False,False,candidate_screen_only,True,True,True,True,True,True
2019-04-10,gg,PC,ECB_20190410,ggm19_intraday-5min_historical-data-03-24-2026_clean.csv,2019-04-10T12:30:00+00:00,2019-04-10T11:40:00+00:00,2019-04-10T12:25:00+00:00,2019-04-10T12:35:00+00:00,2019-04-10T13:15:00+00:00,eligible,True,11,9,True,False,candidate_screen_only,True,True,True,True,True,True
2019-04-10,hf,PR,ECB_20190410,hfm19_intraday-5min_historical-data-09-05-2026_clean.csv,2019-04-10T11:45:00+00:00,2019-04-10T11:40:00+00:00,2019-04-10T11:40:00+00:00,2019-04-10T11:50:00+00:00,2019-04-10T12:10:00+00:00,eligible,False,11,5,False,False,candidate_screen_only,True,True,True,True,True,True
2019-04-10,hf,PC,ECB_20190410,hfm19_intraday-5min_historical-data-09-05-2026_clean.csv,2019-04-10T12:30:00+00:00,2019-04-10T11:40:00+00:00,2019-04-10T12:25:00+00:00,2019-04-10T12:35:00+00:00,2019-04-10T13:15:00+00:00,eligible,False,11,9,True,False,candidate_screen_only,True,True,True,True,True,True
2019-04-10,hr,PR,ECB_20190410,hrm19_intraday-5min_historical-data-09-05-2026_clean.csv,2019-04-10T11:45:00+00:00,2019-04-10T11:40:00+00:00,2019-04-10T11:40:00+00:00,2019-04-10T11:50:00+00:00,2019-04-10T12:10:00+00:00,eligible,False,11,5,False,False,candidate_screen_only,True,True,True,True,True,True
2019-04-10,hr,PC,ECB_20190410,hrm19_intraday-5min_historical-data-09-05-2026_clean.csv,2019-04-10T12:30:00+00:00,2019-04-10T11:40:00+00:00,2019-04-10T12:25:00+00:00,2019-04-10T12:35:00+00:00,2019-04-10T13:15:00+00:00,eligible,False,11,9,True,False,candidate_screen_only,True,True,True,True,True,True
2019-06-06,fx,PR,ECB_20190606,fxm19_intraday-5min_historical-data-03-23-2026_clean.csv,2019-06-06T11:45:00+00:00,2019-06-06T11:40:00+00:00,2019-06-06T11:40:00+00:00,2019-06-06T11:50:00+00:00,2019-06-06T12:10:00+00:00,eligible,True,11,5,False,False,candidate_screen_only,True,True,True,True,False,True
2019-06-06,fx,PC,ECB_20190606,fxm19_intraday-5min_historical-data-03-23-2026_clean.csv,2019-06-06T12:30:00+00:00,2019-06-06T11:40:00+00:00,2019-06-06T12:25:00+00:00,2019-06-06T12:35:00+00:00,2019-06-06T13:15:00+00:00,eligible,True,11,9,True,False,candidate_screen_only,True,True,True,True,True,True
2019-06-06,gg,PR,ECB_20190606,ggu19_intraday-5min_historical-data-03-23-2026_clean.csv,2019-06-06T11:45:00+00:00,2019-06-06T11:40:00+00:00,2019-06-06T11:40:00+00:00,2019-06-06T11:50:00+00:00,2019-06-06T12:10:00+00:00,eligible,True,11,5,False,False,candidate_screen_only,True,True,True,True,True,True
2019-06-06,gg,PC,ECB_20190606,ggu19_intraday-5min_historical-data-03-23-2026_clean.csv,2019-06-06T12:30:00+00:00,2019-06-06T11:40:00+00:00,2019-06-06T12:25:00+00:00,2019-06-06T12:35:00+00:00,2019-06-06T13:15:00+00:00,eligible,True,11,9,True,False,candidate_screen_only,True,True,True,True,True,True
2019-06-06,hf,PR,ECB_20190606,hfu19_intraday-5min_historical-data-09-05-2026_clean.csv,2019-06-06T11:45:00+00:00,2019-06-06T11:40:00+00:00,2019-06-06T11:40:00+00:00,2019-06-06T11:50:00+00:00,2019-06-06T12:10:00+00:00,eligible,False,11,5,False,False,candidate_screen_only,True,True,True,True,True,True
2019-06-06,hf,PC,ECB_20190606,hfu19_intraday-5min_historical-data-09-05-2026_clean.csv,2019-06-06T12:30:00+00:00,2019-06-06T11:40:00+00:00,2019-06-06T12:25:00+00:00,2019-06-06T12:35:00+00:00,2019-06-06T13:15:00+00:00,eligible,False,11,9,True,False,candidate_screen_only,True,True,True,True,True,True
2019-06-06,hr,PR,ECB_20190606,hru19_intraday-5min_historical-data-09-05-2026_clean.csv,2019-06-06T11:45:00+00:00,2019-06-06T11:40:00+00:00,2019-06-06T11:40:00+00:00,2019-06-06T11:50:00+00:00,2019-06-06T12:10:00+00:00,eligible,False,11,5,False,False,candidate_screen_only,True,True,True,True,True,True
2019-06-06,hr,PC,ECB_20190606,hru19_intraday-5min_historical-data-09-05-2026_clean.csv,2019-06-06T12:30:00+00:00,2019-06-06T11:40:00+00:00,2019-06-06T12:25:00+00:00,2019-06-06T12:35:00+00:00,2019-06-06T13:15:00+00:00,eligible,False,11,9,True,False,candidate_screen_only,True,True,True,True,True,True
2019-07-25,fx,PR,ECB_20190725,fxu19_intraday-5min_historical-data-03-23-2026_clean.csv,2019-07-25T11:45:00+00:00,2019-07-25T11:40:00+00:00,2019-07-25T11:40:00+00:00,2019-07-25T11:50:00+00:00,2019-07-25T12:10:00+00:00,eligible,True,11,5,False,False,candidate_screen_only,True,True,True,True,True,True
2019-07-25,fx,PC,ECB_20190725,fxu19_intraday-5min_historical-data-03-23-2026_clean.csv,2019-07-25T12:30:00+00:00,2019-07-25T11:40:00+00:00,2019-07-25T12:25:00+00:00,2019-07-25T12:35:00+00:00,2019-07-25T13:15:00+00:00,eligible,True,11,9,True,False,candidate_screen_only,True,True,True,True,True,True
2019-07-25,gg,PR,ECB_20190725,ggu19_intraday-5min_historical-data-03-23-2026_clean.csv,2019-07-25T11:45:00+00:00,2019-07-25T11:40:00+00:00,2019-07-25T11:40:00+00:00,2019-07-25T11:50:00+00:00,2019-07-25T12:10:00+00:00,eligible,True,11,5,False,False,candidate_screen_only,True,True,True,True,True,True
2019-07-25,gg,PC,ECB_20190725,ggu19_intraday-5min_historical-data-03-23-2026_clean.csv,2019-07-25T12:30:00+00:00,2019-07-25T11:40:00+00:00,2019-07-25T12:25:00+00:00,2019-07-25T12:35:00+00:00,2019-07-25T13:15:00+00:00,eligible,True,11,9,True,False,candidate_screen_only,True,True,True,True,True,True
2019-07-25,hf,PR,ECB_20190725,hfu19_intraday-5min_historical-data-09-05-2026_clean.csv,2019-07-25T11:45:00+00:00,2019-07-25T11:40:00+00:00,2019-07-25T11:40:00+00:00,2019-07-25T11:50:00+00:00,2019-07-25T12:10:00+00:00,eligible,False,11,5,False,False,candidate_screen_only,True,True,True,True,True,True
2019-07-25,hf,PC,ECB_20190725,hfu19_intraday-5min_historical-data-09-05-2026_clean.csv,2019-07-25T12:30:00+00:00,2019-07-25T11:40:00+00:00,2019-07-25T12:25:00+00:00,2019-07-25T12:35:00+00:00,2019-07-25T13:15:00+00:00,eligible,False,11,9,True,False,candidate_screen_only,True,True,True,True,True,True
2019-07-25,hr,PR,ECB_20190725,hru19_intraday-5min_historical-data-09-05-2026_clean.csv,2019-07-25T11:45:00+00:00,2019-07-25T11:40:00+00:00,2019-07-25T11:40:00+00:00,2019-07-25T11:50:00+00:00,2019-07-25T12:10:00+00:00,eligible,False,11,5,False,False,candidate_screen_only,True,True,True,True,True,True
2019-07-25,hr,PC,ECB_20190725,hru19_intraday-5min_historical-data-09-05-2026_clean.csv,2019-07-25T12:30:00+00:00,2019-07-25T11:40:00+00:00,2019-07-25T12:25:00+00:00,2019-07-25T12:35:00+00:00,2019-07-25T13:15:00+00:00,eligible,False,11,9,True,False,candidate_screen_only,True,True,True,True,True,True
2019-09-12,fx,PR,ECB_20190912,fxu19_intraday-5min_historical-data-03-23-2026_clean.csv,2019-09-12T11:45:00+00:00,2019-09-12T11:40:00+00:00,2019-09-12T11:40:00+00:00,2019-09-12T11:50:00+00:00,2019-09-12T12:10:00+00:00,eligible,True,11,5,False,False,candidate_screen_only,True,True,True,True,True,True
2019-09-12,fx,PC,ECB_20190912,fxu19_intraday-5min_historical-data-03-23-2026_clean.csv,2019-09-12T12:30:00+00:00,2019-09-12T11:40:00+00:00,2019-09-12T12:25:00+00:00,2019-09-12T12:35:00+00:00,2019-09-12T13:15:00+00:00,eligible,True,11,9,True,False,candidate_screen_only,True,True,True,True,True,True
2019-09-12,gg,PR,ECB_20190912,ggz19_intraday-5min_historical-data-03-23-2026_clean.csv,2019-09-12T11:45:00+00:00,2019-09-12T11:40:00+00:00,2019-09-12T11:40:00+00:00,2019-09-12T11:50:00+00:00,2019-09-12T12:10:00+00:00,eligible,True,11,5,False,False,candidate_screen_only,True,True,True,True,True,True
2019-09-12,gg,PC,ECB_20190912,ggz19_intraday-5min_historical-data-03-23-2026_clean.csv,2019-09-12T12:30:00+00:00,2019-09-12T11:40:00+00:00,2019-09-12T12:25:00+00:00,2019-09-12T12:35:00+00:00,2019-09-12T13:15:00+00:00,eligible,True,11,9,True,False,candidate_screen_only,True,True,True,True,True,True
2019-09-12,hf,PR,ECB_20190912,hfz19_intraday-5min_historical-data-09-05-2026_clean.csv,2019-09-12T11:45:00+00:00,2019-09-12T11:40:00+00:00,2019-09-12T11:40:00+00:00,2019-09-12T11:50:00+00:00,2019-09-12T12:10:00+00:00,eligible,False,11,5,False,False,candidate_screen_only,True,True,True,True,False,True
2019-09-12,hf,PC,ECB_20190912,hfz19_intraday-5min_historical-data-09-05-2026_clean.csv,2019-09-12T12:30:00+00:00,2019-09-12T11:40:00+00:00,2019-09-12T12:25:00+00:00,2019-09-12T12:35:00+00:00,2019-09-12T13:15:00+00:00,eligible,False,11,9,True,False,candidate_screen_only,True,True,True,True,True,True
2019-09-12,hr,PR,ECB_20190912,hrz19_intraday-5min_historical-data-09-05-2026_clean.csv,2019-09-12T11:45:00+00:00,2019-09-12T11:40:00+00:00,2019-09-12T11:40:00+00:00,2019-09-12T11:50:00+00:00,2019-09-12T12:10:00+00:00,eligible,False,11,5,False,False,candidate_screen_only,True,True,True,True,True,True
2019-09-12,hr,PC,ECB_20190912,hrz19_intraday-5min_historical-data-09-05-2026_clean.csv,2019-09-12T12:30:00+00:00,2019-09-12T11:40:00+00:00,2019-09-12T12:25:00+00:00,2019-09-12T12:35:00+00:00,2019-09-12T13:15:00+00:00,eligible,False,11,9,True,False,candidate_screen_only,True,True,True,True,True,True
2019-10-24,fx,PR,ECB_20191024,fxz19_intraday-5min_historical-data-03-23-2026_clean.csv,2019-10-24T11:45:00+00:00,2019-10-24T11:40:00+00:00,2019-10-24T11:40:00+00:00,2019-10-24T11:50:00+00:00,2019-10-24T12:10:00+00:00,eligible,True,11,5,False,False,candidate_screen_only,True,True,True,True,True,True
2019-10-24,fx,PC,ECB_20191024,fxz19_intraday-5min_historical-data-03-23-2026_clean.csv,2019-10-24T12:30:00+00:00,2019-10-24T11:40:00+00:00,2019-10-24T12:25:00+00:00,2019-10-24T12:35:00+00:00,2019-10-24T13:15:00+00:00,eligible,True,11,9,True,False,candidate_screen_only,True,True,True,True,True,True
2019-10-24,gg,PR,ECB_20191024,ggz19_intraday-5min_historical-data-03-23-2026_clean.csv,2019-10-24T11:45:00+00:00,2019-10-24T11:40:00+00:00,2019-10-24T11:40:00+00:00,2019-10-24T11:50:00+00:00,2019-10-24T12:10:00+00:00,eligible,True,11,5,False,False,candidate_screen_only,True,True,True,True,True,True
2019-10-24,gg,PC,ECB_20191024,ggz19_intraday-5min_historical-data-03-23-2026_clean.csv,2019-10-24T12:30:00+00:00,2019-10-24T11:40:00+00:00,2019-10-24T12:25:00+00:00,2019-10-24T12:35:00+00:00,2019-10-24T13:15:00+00:00,eligible,True,11,9,True,False,candidate_screen_only,True,True,True,True,True,True
2019-10-24,hf,PR,ECB_20191024,hfz19_intraday-5min_historical-data-09-05-2026_clean.csv,2019-10-24T11:45:00+00:00,2019-10-24T11:40:00+00:00,2019-10-24T11:40:00+00:00,2019-10-24T11:50:00+00:00,2019-10-24T12:10:00+00:00,eligible,False,11,5,False,False,candidate_screen_only,True,True,True,True,False,True
2019-10-24,hf,PC,ECB_20191024,hfz19_intraday-5min_historical-data-09-05-2026_clean.csv,2019-10-24T12:30:00+00:00,2019-10-24T11:40:00+00:00,2019-10-24T12:25:00+00:00,2019-10-24T12:35:00+00:00,2019-10-24T13:15:00+00:00,eligible,False,11,9,True,False,candidate_screen_only,True,True,True,True,True,True
2019-10-24,hr,PR,ECB_20191024,hrz19_intraday-5min_historical-data-09-05-2026_clean.csv,2019-10-24T11:45:00+00:00,2019-10-24T11:40:00+00:00,2019-10-24T11:40:00+00:00,2019-10-24T11:50:00+00:00,2019-10-24T12:10:00+00:00,eligible,False,11,5,False,False,candidate_screen_only,True,True,True,True,True,True
2019-10-24,hr,PC,ECB_20191024,hrz19_intraday-5min_historical-data-09-05-2026_clean.csv,2019-10-24T12:30:00+00:00,2019-10-24T11:40:00+00:00,2019-10-24T12:25:00+00:00,2019-10-24T12:35:00+00:00,2019-10-24T13:15:00+00:00,eligible,False,11,9,True,False,candidate_screen_only,True,True,True,True,True,True
2019-12-12,fx,PR,ECB_20191212,fxz19_intraday-5min_historical-data-03-23-2026_clean.csv,2019-12-12T12:45:00+00:00,2019-12-12T12:40:00+00:00,2019-12-12T12:40:00+00:00,2019-12-12T12:50:00+00:00,2019-12-12T13:10:00+00:00,eligible,True,11,5,False,False,candidate_screen_only,True,True,True,True,True,True
2019-12-12,fx,PC,ECB_20191212,fxz19_intraday-5min_historical-data-03-23-2026_clean.csv,2019-12-12T13:30:00+00:00,2019-12-12T12:40:00+00:00,2019-12-12T13:25:00+00:00,2019-12-12T13:35:00+00:00,2019-12-12T14:15:00+00:00,eligible,True,11,9,True,False,candidate_screen_only,True,True,True,True,True,True
2019-12-12,gg,PR,ECB_20191212,ggh20_intraday-5min_historical-data-03-24-2026_clean.csv,2019-12-12T12:45:00+00:00,2019-12-12T12:40:00+00:00,2019-12-12T12:40:00+00:00,2019-12-12T12:50:00+00:00,2019-12-12T13:10:00+00:00,eligible,True,11,5,False,False,candidate_screen_only,True,True,True,True,True,True
2019-12-12,gg,PC,ECB_20191212,ggh20_intraday-5min_historical-data-03-24-2026_clean.csv,2019-12-12T13:30:00+00:00,2019-12-12T12:40:00+00:00,2019-12-12T13:25:00+00:00,2019-12-12T13:35:00+00:00,2019-12-12T14:15:00+00:00,eligible,True,11,9,True,False,candidate_screen_only,True,True,True,True,True,True
2019-12-12,hf,PR,ECB_20191212,hfh20_intraday-5min_historical-data-09-05-2026_clean.csv,2019-12-12T12:45:00+00:00,2019-12-12T12:40:00+00:00,2019-12-12T12:40:00+00:00,2019-12-12T12:50:00+00:00,2019-12-12T13:10:00+00:00,eligible,False,11,5,False,False,candidate_screen_only,True,True,True,True,False,True
2019-12-12,hf,PC,ECB_20191212,hfh20_intraday-5min_historical-data-09-05-2026_clean.csv,2019-12-12T13:30:00+00:00,2019-12-12T12:40:00+00:00,2019-12-12T13:25:00+00:00,2019-12-12T13:35:00+00:00,2019-12-12T14:15:00+00:00,eligible,False,11,9,True,False,candidate_screen_only,True,True,True,True,True,True
2019-12-12,hr,PR,ECB_20191212,hrh20_intraday-5min_historical-data-09-05-2026_clean.csv,2019-12-12T12:45:00+00:00,2019-12-12T12:40:00+00:00,2019-12-12T12:40:00+00:00,2019-12-12T12:50:00+00:00,2019-12-12T13:10:00+00:00,eligible,False,11,5,False,False,candidate_screen_only,True,True,True,True,True,True
2019-12-12,hr,PC,ECB_20191212,hrh20_intraday-5min_historical-data-09-05-2026_clean.csv,2019-12-12T13:30:00+00:00,2019-12-12T12:40:00+00:00,2019-12-12T13:25:00+00:00,2019-12-12T13:35:00+00:00,2019-12-12T14:15:00+00:00,eligible,False,11,9,True,False,candidate_screen_only,True,True,True,True,True,True
2020-01-23,fx,PR,ECB_20200123,fxh20_intraday-5min_historical-data-03-24-2026_clean.csv,2020-01-23T12:45:00+00:00,2020-01-23T12:40:00+00:00,2020-01-23T12:40:00+00:00,2020-01-23T12:50:00+00:00,2020-01-23T13:10:00+00:00,eligible,True,11,5,False,False,candidate_screen_only,True,True,True,True,True,True
2020-01-23,fx,PC,ECB_20200123,fxh20_intraday-5min_historical-data-03-24-2026_clean.csv,2020-01-23T13:30:00+00:00,2020-01-23T12:40:00+00:00,2020-01-23T13:25:00+00:00,2020-01-23T13:35:00+00:00,2020-01-23T14:15:00+00:00,eligible,True,11,9,True,False,candidate_screen_only,True,True,True,True,True,True
2020-01-23,gg,PR,ECB_20200123,ggh20_intraday-5min_historical-data-03-24-2026_clean.csv,2020-01-23T12:45:00+00:00,2020-01-23T12:40:00+00:00,2020-01-23T12:40:00+00:00,2020-01-23T12:50:00+00:00,2020-01-23T13:10:00+00:00,eligible,True,11,5,False,False,candidate_screen_only,True,True,True,True,True,True
2020-01-23,gg,PC,ECB_20200123,ggh20_intraday-5min_historical-data-03-24-2026_clean.csv,2020-01-23T13:30:00+00:00,2020-01-23T12:40:00+00:00,2020-01-23T13:25:00+00:00,2020-01-23T13:35:00+00:00,2020-01-23T14:15:00+00:00,eligible,True,11,9,True,False,candidate_screen_only,True,True,True,True,True,True
2020-01-23,hf,PR,ECB_20200123,hfh20_intraday-5min_historical-data-09-05-2026_clean.csv,2020-01-23T12:45:00+00:00,2020-01-23T12:40:00+00:00,2020-01-23T12:40:00+00:00,2020-01-23T12:50:00+00:00,2020-01-23T13:10:00+00:00,eligible,False,11,5,False,False,candidate_screen_only,True,True,True,True,False,True
2020-01-23,hf,PC,ECB_20200123,hfh20_intraday-5min_historical-data-09-05-2026_clean.csv,2020-01-23T13:30:00+00:00,2020-01-23T12:40:00+00:00,2020-01-23T13:25:00+00:00,2020-01-23T13:35:00+00:00,2020-01-23T14:15:00+00:00,eligible,False,11,9,True,False,candidate_screen_only,True,True,True,True,True,True
2020-01-23,hr,PR,ECB_20200123,hrh20_intraday-5min_historical-data-09-05-2026_clean.csv,2020-01-23T12:45:00+00:00,2020-01-23T12:40:00+00:00,2020-01-23T12:40:00+00:00,2020-01-23T12:50:00+00:00,2020-01-23T13:10:00+00:00,eligible,False,11,5,False,False,candidate_screen_only,True,True,True,True,False,True
2020-01-23,hr,PC,ECB_20200123,hrh20_intraday-5min_historical-data-09-05-2026_clean.csv,2020-01-23T13:30:00+00:00,2020-01-23T12:40:00+00:00,2020-01-23T13:25:00+00:00,2020-01-23T13:35:00+00:00,2020-01-23T14:15:00+00:00,eligible,False,11,9,True,False,candidate_screen_only,True,True,True,True,True,True
2020-03-12,fx,PR,ECB_20200312,fxh20_intraday-5min_historical-data-03-24-2026_clean.csv,2020-03-12T12:45:00+00:00,2020-03-12T12:40:00+00:00,2020-03-12T12:40:00+00:00,2020-03-12T12:50:00+00:00,2020-03-12T13:10:00+00:00,eligible,True,11,5,False,False,candidate_screen_only,True,True,True,True,True,True
2020-03-12,fx,PC,ECB_20200312,fxh20_intraday-5min_historical-data-03-24-2026_clean.csv,2020-03-12T13:30:00+00:00,2020-03-12T12:40:00+00:00,2020-03-12T13:25:00+00:00,2020-03-12T13:35:00+00:00,2020-03-12T14:15:00+00:00,eligible,True,11,9,False,False,candidate_screen_only,True,True,True,True,True,True
2020-03-12,gg,PR,ECB_20200312,ggm20_intraday-5min_historical-data-03-24-2026_clean.csv,2020-03-12T12:45:00+00:00,2020-03-12T12:40:00+00:00,2020-03-12T12:40:00+00:00,2020-03-12T12:50:00+00:00,2020-03-12T13:10:00+00:00,eligible,True,11,5,False,False,candidate_screen_only,True,True,True,True,True,True
2020-03-12,gg,PC,ECB_20200312,ggm20_intraday-5min_historical-data-03-24-2026_clean.csv,2020-03-12T13:30:00+00:00,2020-03-12T12:40:00+00:00,2020-03-12T13:25:00+00:00,2020-03-12T13:35:00+00:00,2020-03-12T14:15:00+00:00,eligible,True,11,9,False,False,candidate_screen_only,True,True,True,True,True,True
2020-03-12,hf,PR,ECB_20200312,hfm20_intraday-5min_historical-data-09-05-2026_clean.csv,2020-03-12T12:45:00+00:00,2020-03-12T12:40:00+00:00,2020-03-12T12:40:00+00:00,2020-03-12T12:50:00+00:00,2020-03-12T13:10:00+00:00,eligible,False,11,5,False,False,candidate_screen_only,True,True,True,True,True,True
2020-03-12,hf,PC,ECB_20200312,hfm20_intraday-5min_historical-data-09-05-2026_clean.csv,2020-03-12T13:30:00+00:00,2020-03-12T12:40:00+00:00,2020-03-12T13:25:00+00:00,2020-03-12T13:35:00+00:00,2020-03-12T14:15:00+00:00,eligible,False,11,9,False,False,candidate_screen_only,True,True,True,True,True,True
2020-03-12,hr,PR,ECB_20200312,hrm20_intraday-5min_historical-data-09-05-2026_clean.csv,2020-03-12T12:45:00+00:00,2020-03-12T12:40:00+00:00,2020-03-12T12:40:00+00:00,2020-03-12T12:50:00+00:00,2020-03-12T13:10:00+00:00,eligible,False,11,5,False,False,candidate_screen_only,True,True,True,True,True,True
2020-03-12,hr,PC,ECB_20200312,hrm20_intraday-5min_historical-data-09-05-2026_clean.csv,2020-03-12T13:30:00+00:00,2020-03-12T12:40:00+00:00,2020-03-12T13:25:00+00:00,2020-03-12T13:35:00+00:00,2020-03-12T14:15:00+00:00,eligible,False,11,9,False,False,candidate_screen_only,True,True,True,True,True,True
2020-04-30,fx,PR,ECB_20200430,fxm20_intraday-5min_historical-data-03-23-2026_clean.csv,2020-04-30T11:45:00+00:00,2020-04-30T11:40:00+00:00,2020-04-30T11:40:00+00:00,2020-04-30T11:50:00+00:00,2020-04-30T12:10:00+00:00,eligible,True,11,5,False,False,candidate_screen_only,True,True,True,True,True,True
2020-04-30,fx,PC,ECB_20200430,fxm20_intraday-5min_historical-data-03-23-2026_clean.csv,2020-04-30T12:30:00+00:00,2020-04-30T11:40:00+00:00,2020-04-30T12:25:00+00:00,2020-04-30T12:35:00+00:00,2020-04-30T13:15:00+00:00,eligible,True,11,9,True,False,candidate_screen_only,True,True,True,True,True,True
2020-04-30,gg,PR,ECB_20200430,ggm20_intraday-5min_historical-data-03-24-2026_clean.csv,2020-04-30T11:45:00+00:00,2020-04-30T11:40:00+00:00,2020-04-30T11:40:00+00:00,2020-04-30T11:50:00+00:00,2020-04-30T12:10:00+00:00,eligible,True,11,5,False,False,candidate_screen_only,True,True,True,True,True,True
2020-04-30,gg,PC,ECB_20200430,ggm20_intraday-5min_historical-data-03-24-2026_clean.csv,2020-04-30T12:30:00+00:00,2020-04-30T11:40:00+00:00,2020-04-30T12:25:00+00:00,2020-04-30T12:35:00+00:00,2020-04-30T13:15:00+00:00,eligible,True,11,9,True,False,candidate_screen_only,True,True,True,True,True,True
2020-04-30,hf,PR,ECB_20200430,hfm20_intraday-5min_historical-data-09-05-2026_clean.csv,2020-04-30T11:45:00+00:00,2020-04-30T11:40:00+00:00,2020-04-30T11:40:00+00:00,2020-04-30T11:50:00+00:00,2020-04-30T12:10:00+00:00,eligible,False,11,5,False,False,candidate_screen_only,True,True,True,True,True,True
2020-04-30,hf,PC,ECB_20200430,hfm20_intraday-5min_historical-data-09-05-2026_clean.csv,2020-04-30T12:30:00+00:00,2020-04-30T11:40:00+00:00,2020-04-30T12:25:00+00:00,2020-04-30T12:35:00+00:00,2020-04-30T13:15:00+00:00,eligible,False,11,9,True,False,candidate_screen_only,True,True,True,True,True,True
2020-04-30,hr,PR,ECB_20200430,hrm20_intraday-5min_historical-data-09-05-2026_clean.csv,2020-04-30T11:45:00+00:00,2020-04-30T11:40:00+00:00,2020-04-30T11:40:00+00:00,2020-04-30T11:50:00+00:00,2020-04-30T12:10:00+00:00,eligible,False,11,5,False,False,candidate_screen_only,True,True,True,True,True,True
2020-04-30,hr,PC,ECB_20200430,hrm20_intraday-5min_historical-data-09-05-2026_clean.csv,2020-04-30T12:30:00+00:00,2020-04-30T11:40:00+00:00,2020-04-30T12:25:00+00:00,2020-04-30T12:35:00+00:00,2020-04-30T13:15:00+00:00,eligible,False,11,9,True,False,candidate_screen_only,True,True,True,True,True,True
2020-06-04,fx,PR,ECB_20200604,fxm20_intraday-5min_historical-data-03-23-2026_clean.csv,2020-06-04T11:45:00+00:00,2020-06-04T11:40:00+00:00,2020-06-04T11:40:00+00:00,2020-06-04T11:50:00+00:00,2020-06-04T12:10:00+00:00,eligible,True,11,5,False,False,candidate_screen_only,True,True,True,True,True,True
2020-06-04,fx,PC,ECB_20200604,fxm20_intraday-5min_historical-data-03-23-2026_clean.csv,2020-06-04T12:30:00+00:00,2020-06-04T11:40:00+00:00,2020-06-04T12:25:00+00:00,2020-06-04T12:35:00+00:00,2020-06-04T13:15:00+00:00,eligible,True,11,9,True,False,candidate_screen_only,True,True,True,True,True,True
2020-06-04,gg,PR,ECB_20200604,ggm20_intraday-5min_historical-data-03-24-2026_clean.csv,2020-06-04T11:45:00+00:00,2020-06-04T11:40:00+00:00,2020-06-04T11:40:00+00:00,2020-06-04T11:50:00+00:00,2020-06-04T12:10:00+00:00,eligible,True,11,5,False,False,candidate_screen_only,True,True,True,True,True,True
2020-06-04,gg,PC,ECB_20200604,ggm20_intraday-5min_historical-data-03-24-2026_clean.csv,2020-06-04T12:30:00+00:00,2020-06-04T11:40:00+00:00,2020-06-04T12:25:00+00:00,2020-06-04T12:35:00+00:00,2020-06-04T13:15:00+00:00,eligible,True,11,9,True,False,candidate_screen_only,True,True,True,True,True,True
2020-06-04,hf,PR,ECB_20200604,hfm20_intraday-5min_historical-data-09-05-2026_clean.csv,2020-06-04T11:45:00+00:00,2020-06-04T11:40:00+00:00,2020-06-04T11:40:00+00:00,2020-06-04T11:50:00+00:00,2020-06-04T12:10:00+00:00,eligible,False,11,5,False,False,candidate_screen_only,True,True,True,True,True,True
2020-06-04,hf,PC,ECB_20200604,hfm20_intraday-5min_historical-data-09-05-2026_clean.csv,2020-06-04T12:30:00+00:00,2020-06-04T11:40:00+00:00,2020-06-04T12:25:00+00:00,2020-06-04T12:35:00+00:00,2020-06-04T13:15:00+00:00,eligible,False,11,9,True,False,candidate_screen_only,True,True,True,True,True,True
2020-06-04,hr,PR,ECB_20200604,hrm20_intraday-5min_historical-data-09-05-2026_clean.csv,2020-06-04T11:45:00+00:00,2020-06-04T11:40:00+00:00,2020-06-04T11:40:00+00:00,2020-06-04T11:50:00+00:00,2020-06-04T12:10:00+00:00,eligible,False,11,5,False,False,candidate_screen_only,True,True,True,True,True,True
2020-06-04,hr,PC,ECB_20200604,hrm20_intraday-5min_historical-data-09-05-2026_clean.csv,2020-06-04T12:30:00+00:00,2020-06-04T11:40:00+00:00,2020-06-04T12:25:00+00:00,2020-06-04T12:35:00+00:00,2020-06-04T13:15:00+00:00,eligible,False,11,9,True,False,candidate_screen_only,True,True,True,True,True,True
2020-07-16,fx,PR,ECB_20200716,fxu20_intraday-5min_historical-data-03-23-2026_clean.csv,2020-07-16T11:45:00+00:00,2020-07-16T11:40:00+00:00,2020-07-16T11:40:00+00:00,2020-07-16T11:50:00+00:00,2020-07-16T12:10:00+00:00,eligible,True,11,5,False,False,candidate_screen_only,True,True,True,True,True,True
2020-07-16,fx,PC,ECB_20200716,fxu20_intraday-5min_historical-data-03-23-2026_clean.csv,2020-07-16T12:30:00+00:00,2020-07-16T11:40:00+00:00,2020-07-16T12:25:00+00:00,2020-07-16T12:35:00+00:00,2020-07-16T13:15:00+00:00,eligible,True,11,9,True,False,candidate_screen_only,True,True,True,True,True,True
2020-07-16,gg,PR,ECB_20200716,ggu20_intraday-5min_historical-data-03-23-2026_clean.csv,2020-07-16T11:45:00+00:00,2020-07-16T11:40:00+00:00,2020-07-16T11:40:00+00:00,2020-07-16T11:50:00+00:00,2020-07-16T12:10:00+00:00,eligible,True,11,5,False,False,candidate_screen_only,True,True,True,True,True,True
2020-07-16,gg,PC,ECB_20200716,ggu20_intraday-5min_historical-data-03-23-2026_clean.csv,2020-07-16T12:30:00+00:00,2020-07-16T11:40:00+00:00,2020-07-16T12:25:00+00:00,2020-07-16T12:35:00+00:00,2020-07-16T13:15:00+00:00,eligible,True,11,9,True,False,candidate_screen_only,True,True,True,True,True,True
2020-07-16,hf,PR,ECB_20200716,hfu20_intraday-5min_historical-data-09-05-2026_clean.csv,2020-07-16T11:45:00+00:00,2020-07-16T11:40:00+00:00,2020-07-16T11:40:00+00:00,2020-07-16T11:50:00+00:00,2020-07-16T12:10:00+00:00,eligible,False,11,5,False,False,candidate_screen_only,True,True,True,True,True,True
2020-07-16,hf,PC,ECB_20200716,hfu20_intraday-5min_historical-data-09-05-2026_clean.csv,2020-07-16T12:30:00+00:00,2020-07-16T11:40:00+00:00,2020-07-16T12:25:00+00:00,2020-07-16T12:35:00+00:00,2020-07-16T13:15:00+00:00,eligible,False,11,9,True,False,candidate_screen_only,True,True,True,True,True,True
2020-07-16,hr,PR,ECB_20200716,hru20_intraday-5min_historical-data-09-05-2026_clean.csv,2020-07-16T11:45:00+00:00,2020-07-16T11:40:00+00:00,2020-07-16T11:40:00+00:00,2020-07-16T11:50:00+00:00,2020-07-16T12:10:00+00:00,eligible,False,11,5,False,False,candidate_screen_only,True,True,True,True,True,True
2020-07-16,hr,PC,ECB_20200716,hru20_intraday-5min_historical-data-09-05-2026_clean.csv,2020-07-16T12:30:00+00:00,2020-07-16T11:40:00+00:00,2020-07-16T12:25:00+00:00,2020-07-16T12:35:00+00:00,2020-07-16T13:15:00+00:00,eligible,False,11,9,True,False,candidate_screen_only,True,True,True,True,True,True
2020-09-10,fx,PR,ECB_20200910,fxu20_intraday-5min_historical-data-03-23-2026_clean.csv,2020-09-10T11:45:00+00:00,2020-09-10T11:40:00+00:00,2020-09-10T11:40:00+00:00,2020-09-10T11:50:00+00:00,2020-09-10T12:10:00+00:00,eligible,True,11,5,False,False,candidate_screen_only,True,True,True,True,True,True
2020-09-10,fx,PC,ECB_20200910,fxu20_intraday-5min_historical-data-03-23-2026_clean.csv,2020-09-10T12:30:00+00:00,2020-09-10T11:40:00+00:00,2020-09-10T12:25:00+00:00,2020-09-10T12:35:00+00:00,2020-09-10T13:15:00+00:00,eligible,True,11,9,True,False,candidate_screen_only,True,True,True,True,True,True
2020-09-10,gg,PR,ECB_20200910,ggz20_intraday-5min_historical-data-03-23-2026_clean.csv,2020-09-10T11:45:00+00:00,2020-09-10T11:40:00+00:00,2020-09-10T11:40:00+00:00,2020-09-10T11:50:00+00:00,2020-09-10T12:10:00+00:00,eligible,True,11,5,False,False,candidate_screen_only,True,True,True,True,True,True
2020-09-10,gg,PC,ECB_20200910,ggz20_intraday-5min_historical-data-03-23-2026_clean.csv,2020-09-10T12:30:00+00:00,2020-09-10T11:40:00+00:00,2020-09-10T12:25:00+00:00,2020-09-10T12:35:00+00:00,2020-09-10T13:15:00+00:00,eligible,True,11,9,True,False,candidate_screen_only,True,True,True,True,True,True
2020-09-10,hf,PR,ECB_20200910,hfz20_intraday-5min_historical-data-09-05-2026_clean.csv,2020-09-10T11:45:00+00:00,2020-09-10T11:40:00+00:00,2020-09-10T11:40:00+00:00,2020-09-10T11:50:00+00:00,2020-09-10T12:10:00+00:00,eligible,False,11,5,False,False,candidate_screen_only,True,True,True,True,False,True
2020-09-10,hf,PC,ECB_20200910,hfz20_intraday-5min_historical-data-09-05-2026_clean.csv,2020-09-10T12:30:00+00:00,2020-09-10T11:40:00+00:00,2020-09-10T12:25:00+00:00,2020-09-10T12:35:00+00:00,2020-09-10T13:15:00+00:00,eligible,False,11,9,True,False,candidate_screen_only,True,True,True,True,True,True
2020-09-10,hr,PR,ECB_20200910,hrz20_intraday-5min_historical-data-09-05-2026_clean.csv,2020-09-10T11:45:00+00:00,2020-09-10T11:40:00+00:00,2020-09-10T11:40:00+00:00,2020-09-10T11:50:00+00:00,2020-09-10T12:10:00+00:00,eligible,False,11,5,False,False,candidate_screen_only,True,True,True,True,True,True
2020-09-10,hr,PC,ECB_20200910,hrz20_intraday-5min_historical-data-09-05-2026_clean.csv,2020-09-10T12:30:00+00:00,2020-09-10T11:40:00+00:00,2020-09-10T12:25:00+00:00,2020-09-10T12:35:00+00:00,2020-09-10T13:15:00+00:00,eligible,False,11,9,True,False,candidate_screen_only,True,True,True,True,True,True
2020-10-29,fx,PR,ECB_20201029,fxz20_intraday-5min_historical-data-03-24-2026_clean.csv,2020-10-29T12:45:00+00:00,2020-10-29T12:40:00+00:00,2020-10-29T12:40:00+00:00,2020-10-29T12:50:00+00:00,2020-10-29T13:10:00+00:00,eligible,True,11,5,False,False,candidate_screen_only,True,True,True,True,True,True
2020-10-29,fx,PC,ECB_20201029,fxz20_intraday-5min_historical-data-03-24-2026_clean.csv,2020-10-29T13:30:00+00:00,2020-10-29T12:40:00+00:00,2020-10-29T13:25:00+00:00,2020-10-29T13:35:00+00:00,2020-10-29T14:15:00+00:00,eligible,True,11,9,False,False,candidate_screen_only,True,True,True,True,True,True
2020-10-29,gg,PR,ECB_20201029,ggz20_intraday-5min_historical-data-03-23-2026_clean.csv,2020-10-29T12:45:00+00:00,2020-10-29T12:40:00+00:00,2020-10-29T12:40:00+00:00,2020-10-29T12:50:00+00:00,2020-10-29T13:10:00+00:00,eligible,True,11,5,False,False,candidate_screen_only,True,True,True,True,True,True
2020-10-29,gg,PC,ECB_20201029,ggz20_intraday-5min_historical-data-03-23-2026_clean.csv,2020-10-29T13:30:00+00:00,2020-10-29T12:40:00+00:00,2020-10-29T13:25:00+00:00,2020-10-29T13:35:00+00:00,2020-10-29T14:15:00+00:00,eligible,True,11,9,False,False,candidate_screen_only,True,True,True,True,True,True
2020-10-29,hf,PR,ECB_20201029,hfz20_intraday-5min_historical-data-09-05-2026_clean.csv,2020-10-29T12:45:00+00:00,2020-10-29T12:40:00+00:00,2020-10-29T12:40:00+00:00,2020-10-29T12:50:00+00:00,2020-10-29T13:10:00+00:00,eligible,False,11,5,False,False,candidate_screen_only,True,True,True,True,True,True
2020-10-29,hf,PC,ECB_20201029,hfz20_intraday-5min_historical-data-09-05-2026_clean.csv,2020-10-29T13:30:00+00:00,2020-10-29T12:40:00+00:00,2020-10-29T13:25:00+00:00,2020-10-29T13:35:00+00:00,2020-10-29T14:15:00+00:00,eligible,False,11,9,False,False,candidate_screen_only,True,True,True,True,True,True
2020-10-29,hr,PR,ECB_20201029,hrz20_intraday-5min_historical-data-09-05-2026_clean.csv,2020-10-29T12:45:00+00:00,2020-10-29T12:40:00+00:00,2020-10-29T12:40:00+00:00,2020-10-29T12:50:00+00:00,2020-10-29T13:10:00+00:00,eligible,False,11,5,False,False,candidate_screen_only,True,True,True,True,True,True
2020-10-29,hr,PC,ECB_20201029,hrz20_intraday-5min_historical-data-09-05-2026_clean.csv,2020-10-29T13:30:00+00:00,2020-10-29T12:40:00+00:00,2020-10-29T13:25:00+00:00,2020-10-29T13:35:00+00:00,2020-10-29T14:15:00+00:00,eligible,False,11,9,False,False,candidate_screen_only,True,True,True,True,True,True
2020-12-10,fx,PR,ECB_20201210,fxz20_intraday-5min_historical-data-03-24-2026_clean.csv,2020-12-10T12:45:00+00:00,2020-12-10T12:40:00+00:00,2020-12-10T12:40:00+00:00,2020-12-10T12:50:00+00:00,2020-12-10T13:10:00+00:00,eligible,True,11,5,False,False,candidate_screen_only,True,True,True,True,True,True
2020-12-10,fx,PC,ECB_20201210,fxz20_intraday-5min_historical-data-03-24-2026_clean.csv,2020-12-10T13:30:00+00:00,2020-12-10T12:40:00+00:00,2020-12-10T13:25:00+00:00,2020-12-10T13:35:00+00:00,2020-12-10T14:15:00+00:00,eligible,True,11,9,True,False,candidate_screen_only,True,True,True,True,True,True
2020-12-10,gg,PR,ECB_20201210,ggh21_intraday-5min_historical-data-03-24-2026_clean.csv,2020-12-10T12:45:00+00:00,2020-12-10T12:40:00+00:00,2020-12-10T12:40:00+00:00,2020-12-10T12:50:00+00:00,2020-12-10T13:10:00+00:00,eligible,True,11,5,False,False,candidate_screen_only,True,True,True,True,True,True
2020-12-10,gg,PC,ECB_20201210,ggh21_intraday-5min_historical-data-03-24-2026_clean.csv,2020-12-10T13:30:00+00:00,2020-12-10T12:40:00+00:00,2020-12-10T13:25:00+00:00,2020-12-10T13:35:00+00:00,2020-12-10T14:15:00+00:00,eligible,True,11,9,True,False,candidate_screen_only,True,True,True,True,True,True
2020-12-10,hf,PR,ECB_20201210,hfh21_intraday-5min_historical-data-09-05-2026_clean.csv,2020-12-10T12:45:00+00:00,2020-12-10T12:40:00+00:00,2020-12-10T12:40:00+00:00,2020-12-10T12:50:00+00:00,2020-12-10T13:10:00+00:00,eligible,False,11,5,False,False,candidate_screen_only,True,True,True,True,True,True
2020-12-10,hf,PC,ECB_20201210,hfh21_intraday-5min_historical-data-09-05-2026_clean.csv,2020-12-10T13:30:00+00:00,2020-12-10T12:40:00+00:00,2020-12-10T13:25:00+00:00,2020-12-10T13:35:00+00:00,2020-12-10T14:15:00+00:00,eligible,False,11,9,True,False,candidate_screen_only,True,True,True,True,True,True
2020-12-10,hr,PR,ECB_20201210,hrh21_intraday-5min_historical-data-09-05-2026_clean.csv,2020-12-10T12:45:00+00:00,2020-12-10T12:40:00+00:00,2020-12-10T12:40:00+00:00,2020-12-10T12:50:00+00:00,2020-12-10T13:10:00+00:00,eligible,False,11,5,False,False,candidate_screen_only,True,True,True,True,True,True
2020-12-10,hr,PC,ECB_20201210,hrh21_intraday-5min_historical-data-09-05-2026_clean.csv,2020-12-10T13:30:00+00:00,2020-12-10T12:40:00+00:00,2020-12-10T13:25:00+00:00,2020-12-10T13:35:00+00:00,2020-12-10T14:15:00+00:00,eligible,False,11,9,True,False,candidate_screen_only,True,True,True,True,True,True
2021-01-21,fx,PR,ECB_20210121,fxh21_intraday-5min_historical-data-03-24-2026_clean.csv,2021-01-21T12:45:00+00:00,2021-01-21T12:40:00+00:00,2021-01-21T12:40:00+00:00,2021-01-21T12:50:00+00:00,2021-01-21T13:10:00+00:00,eligible,True,11,5,False,False,candidate_screen_only,True,True,True,True,True,True
2021-01-21,fx,PC,ECB_20210121,fxh21_intraday-5min_historical-data-03-24-2026_clean.csv,2021-01-21T13:30:00+00:00,2021-01-21T12:40:00+00:00,2021-01-21T13:25:00+00:00,2021-01-21T13:35:00+00:00,2021-01-21T14:15:00+00:00,eligible,True,11,9,True,False,candidate_screen_only,True,True,True,True,True,True
2021-01-21,gg,PR,ECB_20210121,ggh21_intraday-5min_historical-data-03-24-2026_clean.csv,2021-01-21T12:45:00+00:00,2021-01-21T12:40:00+00:00,2021-01-21T12:40:00+00:00,2021-01-21T12:50:00+00:00,2021-01-21T13:10:00+00:00,eligible,True,11,5,False,False,candidate_screen_only,True,True,True,True,True,True
2021-01-21,gg,PC,ECB_20210121,ggh21_intraday-5min_historical-data-03-24-2026_clean.csv,2021-01-21T13:30:00+00:00,2021-01-21T12:40:00+00:00,2021-01-21T13:25:00+00:00,2021-01-21T13:35:00+00:00,2021-01-21T14:15:00+00:00,eligible,True,11,9,True,False,candidate_screen_only,True,True,True,True,True,True
2021-01-21,hf,PR,ECB_20210121,hfh21_intraday-5min_historical-data-09-05-2026_clean.csv,2021-01-21T12:45:00+00:00,2021-01-21T12:40:00+00:00,2021-01-21T12:40:00+00:00,2021-01-21T12:50:00+00:00,2021-01-21T13:10:00+00:00,eligible,False,11,5,False,False,candidate_screen_only,True,True,True,True,True,True
2021-01-21,hf,PC,ECB_20210121,hfh21_intraday-5min_historical-data-09-05-2026_clean.csv,2021-01-21T13:30:00+00:00,2021-01-21T12:40:00+00:00,2021-01-21T13:25:00+00:00,2021-01-21T13:35:00+00:00,2021-01-21T14:15:00+00:00,eligible,False,11,9,True,False,candidate_screen_only,True,True,True,True,True,True
2021-01-21,hr,PR,ECB_20210121,hrh21_intraday-5min_historical-data-09-05-2026_clean.csv,2021-01-21T12:45:00+00:00,2021-01-21T12:40:00+00:00,2021-01-21T12:40:00+00:00,2021-01-21T12:50:00+00:00,2021-01-21T13:10:00+00:00,eligible,False,11,5,False,False,candidate_screen_only,True,True,True,True,True,True
2021-01-21,hr,PC,ECB_20210121,hrh21_intraday-5min_historical-data-09-05-2026_clean.csv,2021-01-21T13:30:00+00:00,2021-01-21T12:40:00+00:00,2021-01-21T13:25:00+00:00,2021-01-21T13:35:00+00:00,2021-01-21T14:15:00+00:00,eligible,False,11,9,True,False,candidate_screen_only,True,True,True,True,True,True
2021-03-11,fx,PR,ECB_20210311,fxh21_intraday-5min_historical-data-03-24-2026_clean.csv,2021-03-11T12:45:00+00:00,2021-03-11T12:40:00+00:00,2021-03-11T12:40:00+00:00,2021-03-11T12:50:00+00:00,2021-03-11T13:10:00+00:00,eligible,True,11,5,False,False,candidate_screen_only,True,True,True,True,True,True
2021-03-11,fx,PC,ECB_20210311,fxh21_intraday-5min_historical-data-03-24-2026_clean.csv,2021-03-11T13:30:00+00:00,2021-03-11T12:40:00+00:00,2021-03-11T13:25:00+00:00,2021-03-11T13:35:00+00:00,2021-03-11T14:15:00+00:00,eligible,True,11,9,True,False,candidate_screen_only,True,True,True,True,True,True
2021-03-11,gg,PR,ECB_20210311,ggm21_intraday-5min_historical-data-03-24-2026_clean.csv,2021-03-11T12:45:00+00:00,2021-03-11T12:40:00+00:00,2021-03-11T12:40:00+00:00,2021-03-11T12:50:00+00:00,2021-03-11T13:10:00+00:00,eligible,True,11,5,False,False,candidate_screen_only,True,True,True,True,True,True
2021-03-11,gg,PC,ECB_20210311,ggm21_intraday-5min_historical-data-03-24-2026_clean.csv,2021-03-11T13:30:00+00:00,2021-03-11T12:40:00+00:00,2021-03-11T13:25:00+00:00,2021-03-11T13:35:00+00:00,2021-03-11T14:15:00+00:00,eligible,True,11,9,True,False,candidate_screen_only,True,True,True,True,True,True
2021-03-11,hf,PR,ECB_20210311,hfm21_intraday-5min_historical-data-09-05-2026_clean.csv,2021-03-11T12:45:00+00:00,2021-03-11T12:40:00+00:00,2021-03-11T12:40:00+00:00,2021-03-11T12:50:00+00:00,2021-03-11T13:10:00+00:00,eligible,False,11,5,False,False,candidate_screen_only,True,True,True,True,True,True
2021-03-11,hf,PC,ECB_20210311,hfm21_intraday-5min_historical-data-09-05-2026_clean.csv,2021-03-11T13:30:00+00:00,2021-03-11T12:40:00+00:00,2021-03-11T13:25:00+00:00,2021-03-11T13:35:00+00:00,2021-03-11T14:15:00+00:00,eligible,False,11,9,True,False,candidate_screen_only,True,True,True,True,True,True
2021-03-11,hr,PR,ECB_20210311,hrm21_intraday-5min_historical-data-09-05-2026_clean.csv,2021-03-11T12:45:00+00:00,2021-03-11T12:40:00+00:00,2021-03-11T12:40:00+00:00,2021-03-11T12:50:00+00:00,2021-03-11T13:10:00+00:00,eligible,False,11,5,False,False,candidate_screen_only,True,True,True,True,True,True
2021-03-11,hr,PC,ECB_20210311,hrm21_intraday-5min_historical-data-09-05-2026_clean.csv,2021-03-11T13:30:00+00:00,2021-03-11T12:40:00+00:00,2021-03-11T13:25:00+00:00,2021-03-11T13:35:00+00:00,2021-03-11T14:15:00+00:00,eligible,False,11,9,True,False,candidate_screen_only,True,True,True,True,True,True
2021-04-22,fx,PR,ECB_20210422,fxm21_intraday-5min_historical-data-03-24-2026_clean.csv,2021-04-22T11:45:00+00:00,2021-04-22T11:40:00+00:00,2021-04-22T11:40:00+00:00,2021-04-22T11:50:00+00:00,2021-04-22T12:10:00+00:00,eligible,True,11,5,False,False,candidate_screen_only,True,True,True,True,True,True
2021-04-22,fx,PC,ECB_20210422,fxm21_intraday-5min_historical-data-03-24-2026_clean.csv,2021-04-22T12:30:00+00:00,2021-04-22T11:40:00+00:00,2021-04-22T12:25:00+00:00,2021-04-22T12:35:00+00:00,2021-04-22T13:15:00+00:00,eligible,True,11,9,True,False,candidate_screen_only,True,True,True,True,True,True
2021-04-22,gg,PR,ECB_20210422,ggm21_intraday-5min_historical-data-03-24-2026_clean.csv,2021-04-22T11:45:00+00:00,2021-04-22T11:40:00+00:00,2021-04-22T11:40:00+00:00,2021-04-22T11:50:00+00:00,2021-04-22T12:10:00+00:00,eligible,True,11,5,False,False,candidate_screen_only,True,True,True,True,True,True
2021-04-22,gg,PC,ECB_20210422,ggm21_intraday-5min_historical-data-03-24-2026_clean.csv,2021-04-22T12:30:00+00:00,2021-04-22T11:40:00+00:00,2021-04-22T12:25:00+00:00,2021-04-22T12:35:00+00:00,2021-04-22T13:15:00+00:00,eligible,True,11,9,True,False,candidate_screen_only,True,True,True,True,True,True
2021-04-22,hf,PR,ECB_20210422,hfm21_intraday-5min_historical-data-09-05-2026_clean.csv,2021-04-22T11:45:00+00:00,2021-04-22T11:40:00+00:00,2021-04-22T11:40:00+00:00,2021-04-22T11:50:00+00:00,2021-04-22T12:10:00+00:00,eligible,False,11,5,False,False,candidate_screen_only,True,True,True,True,True,True
2021-04-22,hf,PC,ECB_20210422,hfm21_intraday-5min_historical-data-09-05-2026_clean.csv,2021-04-22T12:30:00+00:00,2021-04-22T11:40:00+00:00,2021-04-22T12:25:00+00:00,2021-04-22T12:35:00+00:00,2021-04-22T13:15:00+00:00,eligible,False,11,9,True,False,candidate_screen_only,True,True,True,True,True,True
2021-04-22,hr,PR,ECB_20210422,hrm21_intraday-5min_historical-data-09-05-2026_clean.csv,2021-04-22T11:45:00+00:00,2021-04-22T11:40:00+00:00,2021-04-22T11:40:00+00:00,2021-04-22T11:50:00+00:00,2021-04-22T12:10:00+00:00,eligible,False,11,5,False,False,candidate_screen_only,True,True,True,True,True,True
2021-04-22,hr,PC,ECB_20210422,hrm21_intraday-5min_historical-data-09-05-2026_clean.csv,2021-04-22T12:30:00+00:00,2021-04-22T11:40:00+00:00,2021-04-22T12:25:00+00:00,2021-04-22T12:35:00+00:00,2021-04-22T13:15:00+00:00,eligible,False,11,9,True,False,candidate_screen_only,True,True,True,True,True,True
2021-06-10,fx,PR,ECB_20210610,fxm21_intraday-5min_historical-data-03-24-2026_clean.csv,2021-06-10T11:45:00+00:00,2021-06-10T11:40:00+00:00,2021-06-10T11:40:00+00:00,2021-06-10T11:50:00+00:00,2021-06-10T12:10:00+00:00,eligible,True,11,5,False,False,candidate_screen_only,True,True,True,True,True,True
2021-06-10,fx,PC,ECB_20210610,fxm21_intraday-5min_historical-data-03-24-2026_clean.csv,2021-06-10T12:30:00+00:00,2021-06-10T11:40:00+00:00,2021-06-10T12:25:00+00:00,2021-06-10T12:35:00+00:00,2021-06-10T13:15:00+00:00,eligible,True,11,9,True,False,candidate_screen_only,True,True,True,True,True,True
2021-06-10,gg,PR,ECB_20210610,ggu21_intraday-5min_historical-data-03-24-2026_clean.csv,2021-06-10T11:45:00+00:00,2021-06-10T11:40:00+00:00,2021-06-10T11:40:00+00:00,2021-06-10T11:50:00+00:00,2021-06-10T12:10:00+00:00,eligible,True,11,5,False,False,candidate_screen_only,True,True,True,True,True,True
2021-06-10,gg,PC,ECB_20210610,ggu21_intraday-5min_historical-data-03-24-2026_clean.csv,2021-06-10T12:30:00+00:00,2021-06-10T11:40:00+00:00,2021-06-10T12:25:00+00:00,2021-06-10T12:35:00+00:00,2021-06-10T13:15:00+00:00,eligible,True,11,9,True,False,candidate_screen_only,True,True,True,True,True,True
2021-06-10,hf,PR,ECB_20210610,hfu21_intraday-5min_historical-data-09-05-2026_clean.csv,2021-06-10T11:45:00+00:00,2021-06-10T11:40:00+00:00,2021-06-10T11:40:00+00:00,2021-06-10T11:50:00+00:00,2021-06-10T12:10:00+00:00,eligible,False,11,5,False,False,candidate_screen_only,True,True,True,True,True,True
2021-06-10,hf,PC,ECB_20210610,hfu21_intraday-5min_historical-data-09-05-2026_clean.csv,2021-06-10T12:30:00+00:00,2021-06-10T11:40:00+00:00,2021-06-10T12:25:00+00:00,2021-06-10T12:35:00+00:00,2021-06-10T13:15:00+00:00,eligible,False,11,9,True,False,candidate_screen_only,True,True,True,True,True,True
2021-06-10,hr,PR,ECB_20210610,hru21_intraday-5min_historical-data-09-05-2026_clean.csv,2021-06-10T11:45:00+00:00,2021-06-10T11:40:00+00:00,2021-06-10T11:40:00+00:00,2021-06-10T11:50:00+00:00,2021-06-10T12:10:00+00:00,eligible,False,11,5,False,False,candidate_screen_only,True,True,True,True,True,True
2021-06-10,hr,PC,ECB_20210610,hru21_intraday-5min_historical-data-09-05-2026_clean.csv,2021-06-10T12:30:00+00:00,2021-06-10T11:40:00+00:00,2021-06-10T12:25:00+00:00,2021-06-10T12:35:00+00:00,2021-06-10T13:15:00+00:00,eligible,False,11,9,True,False,candidate_screen_only,True,True,True,True,True,True
2021-07-22,fx,PR,ECB_20210722,fxu21_intraday-5min_historical-data-03-24-2026_clean.csv,2021-07-22T11:45:00+00:00,2021-07-22T11:40:00+00:00,2021-07-22T11:40:00+00:00,2021-07-22T11:50:00+00:00,2021-07-22T12:10:00+00:00,eligible,True,11,5,False,False,candidate_screen_only,True,True,True,True,True,True
2021-07-22,fx,PC,ECB_20210722,fxu21_intraday-5min_historical-data-03-24-2026_clean.csv,2021-07-22T12:30:00+00:00,2021-07-22T11:40:00+00:00,2021-07-22T12:25:00+00:00,2021-07-22T12:35:00+00:00,2021-07-22T13:15:00+00:00,eligible,True,11,9,True,False,candidate_screen_only,True,True,True,True,True,True
2021-07-22,gg,PR,ECB_20210722,ggu21_intraday-5min_historical-data-03-24-2026_clean.csv,2021-07-22T11:45:00+00:00,2021-07-22T11:40:00+00:00,2021-07-22T11:40:00+00:00,2021-07-22T11:50:00+00:00,2021-07-22T12:10:00+00:00,eligible,True,11,5,False,False,candidate_screen_only,True,True,True,True,True,True
2021-07-22,gg,PC,ECB_20210722,ggu21_intraday-5min_historical-data-03-24-2026_clean.csv,2021-07-22T12:30:00+00:00,2021-07-22T11:40:00+00:00,2021-07-22T12:25:00+00:00,2021-07-22T12:35:00+00:00,2021-07-22T13:15:00+00:00,eligible,True,11,9,True,False,candidate_screen_only,True,True,True,True,True,True
2021-07-22,hf,PR,ECB_20210722,hfu21_intraday-5min_historical-data-09-05-2026_clean.csv,2021-07-22T11:45:00+00:00,2021-07-22T11:40:00+00:00,2021-07-22T11:40:00+00:00,2021-07-22T11:50:00+00:00,2021-07-22T12:10:00+00:00,eligible,False,11,5,False,False,candidate_screen_only,True,True,True,True,True,True
2021-07-22,hf,PC,ECB_20210722,hfu21_intraday-5min_historical-data-09-05-2026_clean.csv,2021-07-22T12:30:00+00:00,2021-07-22T11:40:00+00:00,2021-07-22T12:25:00+00:00,2021-07-22T12:35:00+00:00,2021-07-22T13:15:00+00:00,eligible,False,11,9,True,False,candidate_screen_only,True,True,True,True,True,True
2021-07-22,hr,PR,ECB_20210722,hru21_intraday-5min_historical-data-09-05-2026_clean.csv,2021-07-22T11:45:00+00:00,2021-07-22T11:40:00+00:00,2021-07-22T11:40:00+00:00,2021-07-22T11:50:00+00:00,2021-07-22T12:10:00+00:00,eligible,False,11,5,False,False,candidate_screen_only,True,True,True,True,True,True
2021-07-22,hr,PC,ECB_20210722,hru21_intraday-5min_historical-data-09-05-2026_clean.csv,2021-07-22T12:30:00+00:00,2021-07-22T11:40:00+00:00,2021-07-22T12:25:00+00:00,2021-07-22T12:35:00+00:00,2021-07-22T13:15:00+00:00,eligible,False,11,9,True,False,candidate_screen_only,True,True,True,True,True,True
2021-09-09,fx,PR,ECB_20210909,fxu21_intraday-5min_historical-data-03-24-2026_clean.csv,2021-09-09T11:45:00+00:00,2021-09-09T11:40:00+00:00,2021-09-09T11:40:00+00:00,2021-09-09T11:50:00+00:00,2021-09-09T12:10:00+00:00,eligible,True,11,5,False,False,candidate_screen_only,True,True,True,True,True,True
2021-09-09,fx,PC,ECB_20210909,fxu21_intraday-5min_historical-data-03-24-2026_clean.csv,2021-09-09T12:30:00+00:00,2021-09-09T11:40:00+00:00,2021-09-09T12:25:00+00:00,2021-09-09T12:35:00+00:00,2021-09-09T13:15:00+00:00,eligible,True,11,9,True,False,candidate_screen_only,True,True,True,True,True,True
2021-09-09,gg,PR,ECB_20210909,ggz21_intraday-5min_historical-data-03-24-2026_clean.csv,2021-09-09T11:45:00+00:00,2021-09-09T11:40:00+00:00,2021-09-09T11:40:00+00:00,2021-09-09T11:50:00+00:00,2021-09-09T12:10:00+00:00,eligible,True,11,5,False,False,candidate_screen_only,True,True,True,True,True,True
2021-09-09,gg,PC,ECB_20210909,ggz21_intraday-5min_historical-data-03-24-2026_clean.csv,2021-09-09T12:30:00+00:00,2021-09-09T11:40:00+00:00,2021-09-09T12:25:00+00:00,2021-09-09T12:35:00+00:00,2021-09-09T13:15:00+00:00,eligible,True,11,9,True,False,candidate_screen_only,True,True,True,True,True,True
2021-09-09,hf,PR,ECB_20210909,hfz21_intraday-5min_historical-data-09-05-2026_clean.csv,2021-09-09T11:45:00+00:00,2021-09-09T11:40:00+00:00,2021-09-09T11:40:00+00:00,2021-09-09T11:50:00+00:00,2021-09-09T12:10:00+00:00,eligible,False,11,5,False,False,candidate_screen_only,True,True,True,True,True,True
2021-09-09,hf,PC,ECB_20210909,hfz21_intraday-5min_historical-data-09-05-2026_clean.csv,2021-09-09T12:30:00+00:00,2021-09-09T11:40:00+00:00,2021-09-09T12:25:00+00:00,2021-09-09T12:35:00+00:00,2021-09-09T13:15:00+00:00,eligible,False,11,9,True,False,candidate_screen_only,True,True,True,True,False,True
2021-09-09,hr,PR,ECB_20210909,hrz21_intraday-5min_historical-data-09-05-2026_clean.csv,2021-09-09T11:45:00+00:00,2021-09-09T11:40:00+00:00,2021-09-09T11:40:00+00:00,2021-09-09T11:50:00+00:00,2021-09-09T12:10:00+00:00,eligible,False,11,5,False,False,candidate_screen_only,True,True,True,True,True,True
2021-09-09,hr,PC,ECB_20210909,hrz21_intraday-5min_historical-data-09-05-2026_clean.csv,2021-09-09T12:30:00+00:00,2021-09-09T11:40:00+00:00,2021-09-09T12:25:00+00:00,2021-09-09T12:35:00+00:00,2021-09-09T13:15:00+00:00,eligible,False,11,9,True,False,candidate_screen_only,True,True,True,True,True,True
2021-10-28,fx,PR,ECB_20211028,fxz21_intraday-5min_historical-data-03-24-2026_clean.csv,2021-10-28T11:45:00+00:00,2021-10-28T11:40:00+00:00,2021-10-28T11:40:00+00:00,2021-10-28T11:50:00+00:00,2021-10-28T12:10:00+00:00,eligible,True,11,5,False,False,candidate_screen_only,True,True,True,True,True,True
2021-10-28,fx,PC,ECB_20211028,fxz21_intraday-5min_historical-data-03-24-2026_clean.csv,2021-10-28T12:30:00+00:00,2021-10-28T11:40:00+00:00,2021-10-28T12:25:00+00:00,2021-10-28T12:35:00+00:00,2021-10-28T13:15:00+00:00,eligible,True,11,9,True,False,candidate_screen_only,True,True,True,True,True,True
2021-10-28,gg,PR,ECB_20211028,ggz21_intraday-5min_historical-data-03-24-2026_clean.csv,2021-10-28T11:45:00+00:00,2021-10-28T11:40:00+00:00,2021-10-28T11:40:00+00:00,2021-10-28T11:50:00+00:00,2021-10-28T12:10:00+00:00,eligible,True,11,5,False,False,candidate_screen_only,True,True,True,True,True,True
2021-10-28,gg,PC,ECB_20211028,ggz21_intraday-5min_historical-data-03-24-2026_clean.csv,2021-10-28T12:30:00+00:00,2021-10-28T11:40:00+00:00,2021-10-28T12:25:00+00:00,2021-10-28T12:35:00+00:00,2021-10-28T13:15:00+00:00,eligible,True,11,9,True,False,candidate_screen_only,True,True,True,True,True,True
2021-10-28,hf,PR,ECB_20211028,hfz21_intraday-5min_historical-data-09-05-2026_clean.csv,2021-10-28T11:45:00+00:00,2021-10-28T11:40:00+00:00,2021-10-28T11:40:00+00:00,2021-10-28T11:50:00+00:00,2021-10-28T12:10:00+00:00,eligible,False,11,5,False,False,candidate_screen_only,True,True,True,True,True,True
2021-10-28,hf,PC,ECB_20211028,hfz21_intraday-5min_historical-data-09-05-2026_clean.csv,2021-10-28T12:30:00+00:00,2021-10-28T11:40:00+00:00,2021-10-28T12:25:00+00:00,2021-10-28T12:35:00+00:00,2021-10-28T13:15:00+00:00,eligible,False,11,9,True,False,candidate_screen_only,True,True,True,True,True,True
2021-10-28,hr,PR,ECB_20211028,hrz21_intraday-5min_historical-data-09-05-2026_clean.csv,2021-10-28T11:45:00+00:00,2021-10-28T11:40:00+00:00,2021-10-28T11:40:00+00:00,2021-10-28T11:50:00+00:00,2021-10-28T12:10:00+00:00,eligible,False,11,5,False,False,candidate_screen_only,True,True,True,True,True,True
2021-10-28,hr,PC,ECB_20211028,hrz21_intraday-5min_historical-data-09-05-2026_clean.csv,2021-10-28T12:30:00+00:00,2021-10-28T11:40:00+00:00,2021-10-28T12:25:00+00:00,2021-10-28T12:35:00+00:00,2021-10-28T13:15:00+00:00,eligible,False,11,9,True,False,candidate_screen_only,True,True,True,True,True,True
2021-12-16,fx,PR,ECB_20211216,fxz21_intraday-5min_historical-data-03-24-2026_clean.csv,2021-12-16T12:45:00+00:00,2021-12-16T12:40:00+00:00,2021-12-16T12:40:00+00:00,2021-12-16T12:50:00+00:00,2021-12-16T13:10:00+00:00,eligible,True,11,5,False,False,candidate_screen_only,True,True,True,True,True,True
2021-12-16,fx,PC,ECB_20211216,fxz21_intraday-5min_historical-data-03-24-2026_clean.csv,2021-12-16T13:30:00+00:00,2021-12-16T12:40:00+00:00,2021-12-16T13:25:00+00:00,2021-12-16T13:35:00+00:00,2021-12-16T14:15:00+00:00,eligible,True,11,9,True,False,candidate_screen_only,True,True,True,True,True,True
2021-12-16,gg,PR,ECB_20211216,ggh22_intraday-5min_historical-data-03-24-2026_clean.csv,2021-12-16T12:45:00+00:00,2021-12-16T12:40:00+00:00,2021-12-16T12:40:00+00:00,2021-12-16T12:50:00+00:00,2021-12-16T13:10:00+00:00,eligible,True,11,5,False,False,candidate_screen_only,True,True,True,True,True,True
2021-12-16,gg,PC,ECB_20211216,ggh22_intraday-5min_historical-data-03-24-2026_clean.csv,2021-12-16T13:30:00+00:00,2021-12-16T12:40:00+00:00,2021-12-16T13:25:00+00:00,2021-12-16T13:35:00+00:00,2021-12-16T14:15:00+00:00,eligible,True,11,9,True,False,candidate_screen_only,True,True,True,True,True,True
2021-12-16,hf,PR,ECB_20211216,hfh22_intraday-5min_historical-data-09-05-2026_clean.csv,2021-12-16T12:45:00+00:00,2021-12-16T12:40:00+00:00,2021-12-16T12:40:00+00:00,2021-12-16T12:50:00+00:00,2021-12-16T13:10:00+00:00,eligible,False,11,5,False,False,candidate_screen_only,True,True,True,True,True,True
2021-12-16,hf,PC,ECB_20211216,hfh22_intraday-5min_historical-data-09-05-2026_clean.csv,2021-12-16T13:30:00+00:00,2021-12-16T12:40:00+00:00,2021-12-16T13:25:00+00:00,2021-12-16T13:35:00+00:00,2021-12-16T14:15:00+00:00,eligible,False,11,9,True,False,candidate_screen_only,True,True,True,True,True,True
2021-12-16,hr,PR,ECB_20211216,hrh22_intraday-5min_historical-data-09-05-2026_clean.csv,2021-12-16T12:45:00+00:00,2021-12-16T12:40:00+00:00,2021-12-16T12:40:00+00:00,2021-12-16T12:50:00+00:00,2021-12-16T13:10:00+00:00,eligible,False,11,5,False,False,candidate_screen_only,True,True,True,True,True,True
2021-12-16,hr,PC,ECB_20211216,hrh22_intraday-5min_historical-data-09-05-2026_clean.csv,2021-12-16T13:30:00+00:00,2021-12-16T12:40:00+00:00,2021-12-16T13:25:00+00:00,2021-12-16T13:35:00+00:00,2021-12-16T14:15:00+00:00,eligible,False,11,9,True,False,candidate_screen_only,True,True,True,True,True,True
2022-02-03,fx,PR,ECB_20220203,fxh22_intraday-5min_historical-data-03-24-2026_clean.csv,2022-02-03T12:45:00+00:00,2022-02-03T12:40:00+00:00,2022-02-03T12:40:00+00:00,2022-02-03T12:50:00+00:00,2022-02-03T13:10:00+00:00,eligible,True,11,5,False,False,candidate_screen_only,True,True,True,True,True,True
2022-02-03,fx,PC,ECB_20220203,fxh22_intraday-5min_historical-data-03-24-2026_clean.csv,2022-02-03T13:30:00+00:00,2022-02-03T12:40:00+00:00,2022-02-03T13:25:00+00:00,2022-02-03T13:35:00+00:00,2022-02-03T14:15:00+00:00,eligible,True,11,9,True,False,candidate_screen_only,True,True,True,True,True,True
2022-02-03,gg,PR,ECB_20220203,ggh22_intraday-5min_historical-data-03-24-2026_clean.csv,2022-02-03T12:45:00+00:00,2022-02-03T12:40:00+00:00,2022-02-03T12:40:00+00:00,2022-02-03T12:50:00+00:00,2022-02-03T13:10:00+00:00,eligible,True,11,5,False,False,candidate_screen_only,True,True,True,True,True,True
2022-02-03,gg,PC,ECB_20220203,ggh22_intraday-5min_historical-data-03-24-2026_clean.csv,2022-02-03T13:30:00+00:00,2022-02-03T12:40:00+00:00,2022-02-03T13:25:00+00:00,2022-02-03T13:35:00+00:00,2022-02-03T14:15:00+00:00,eligible,True,11,9,True,False,candidate_screen_only,True,True,True,True,True,True
2022-02-03,hf,PR,ECB_20220203,hfh22_intraday-5min_historical-data-09-05-2026_clean.csv,2022-02-03T12:45:00+00:00,2022-02-03T12:40:00+00:00,2022-02-03T12:40:00+00:00,2022-02-03T12:50:00+00:00,2022-02-03T13:10:00+00:00,eligible,False,11,5,False,False,candidate_screen_only,True,True,True,True,True,True
2022-02-03,hf,PC,ECB_20220203,hfh22_intraday-5min_historical-data-09-05-2026_clean.csv,2022-02-03T13:30:00+00:00,2022-02-03T12:40:00+00:00,2022-02-03T13:25:00+00:00,2022-02-03T13:35:00+00:00,2022-02-03T14:15:00+00:00,eligible,False,11,9,True,False,candidate_screen_only,True,True,True,True,True,True
2022-02-03,hr,PR,ECB_20220203,hrh22_intraday-5min_historical-data-09-05-2026_clean.csv,2022-02-03T12:45:00+00:00,2022-02-03T12:40:00+00:00,2022-02-03T12:40:00+00:00,2022-02-03T12:50:00+00:00,2022-02-03T13:10:00+00:00,eligible,False,11,5,False,False,candidate_screen_only,True,True,True,True,True,True
2022-02-03,hr,PC,ECB_20220203,hrh22_intraday-5min_historical-data-09-05-2026_clean.csv,2022-02-03T13:30:00+00:00,2022-02-03T12:40:00+00:00,2022-02-03T13:25:00+00:00,2022-02-03T13:35:00+00:00,2022-02-03T14:15:00+00:00,eligible,False,11,9,True,False,candidate_screen_only,True,True,True,True,True,True
2022-03-10,fx,PR,ECB_20220310,fxh22_intraday-5min_historical-data-03-24-2026_clean.csv,2022-03-10T12:45:00+00:00,2022-03-10T12:40:00+00:00,2022-03-10T12:40:00+00:00,2022-03-10T12:50:00+00:00,2022-03-10T13:10:00+00:00,eligible,True,11,5,False,False,candidate_screen_only,True,True,True,True,True,True
2022-03-10,fx,PC,ECB_20220310,fxh22_intraday-5min_historical-data-03-24-2026_clean.csv,2022-03-10T13:30:00+00:00,2022-03-10T12:40:00+00:00,2022-03-10T13:25:00+00:00,2022-03-10T13:35:00+00:00,2022-03-10T14:15:00+00:00,eligible,True,11,9,True,False,candidate_screen_only,True,True,True,True,True,True
2022-03-10,gg,PR,ECB_20220310,ggm22_intraday-5min_historical-data-03-24-2026_clean.csv,2022-03-10T12:45:00+00:00,2022-03-10T12:40:00+00:00,2022-03-10T12:40:00+00:00,2022-03-10T12:50:00+00:00,2022-03-10T13:10:00+00:00,eligible,True,11,5,False,False,candidate_screen_only,True,True,True,True,True,True
2022-03-10,gg,PC,ECB_20220310,ggm22_intraday-5min_historical-data-03-24-2026_clean.csv,2022-03-10T13:30:00+00:00,2022-03-10T12:40:00+00:00,2022-03-10T13:25:00+00:00,2022-03-10T13:35:00+00:00,2022-03-10T14:15:00+00:00,eligible,True,11,9,True,False,candidate_screen_only,True,True,True,True,True,True
2022-03-10,hf,PR,ECB_20220310,hfm22_intraday-5min_historical-data-09-05-2026_clean.csv,2022-03-10T12:45:00+00:00,2022-03-10T12:40:00+00:00,2022-03-10T12:40:00+00:00,2022-03-10T12:50:00+00:00,2022-03-10T13:10:00+00:00,eligible,False,11,5,False,False,candidate_screen_only,True,True,True,True,True,True
2022-03-10,hf,PC,ECB_20220310,hfm22_intraday-5min_historical-data-09-05-2026_clean.csv,2022-03-10T13:30:00+00:00,2022-03-10T12:40:00+00:00,2022-03-10T13:25:00+00:00,2022-03-10T13:35:00+00:00,2022-03-10T14:15:00+00:00,eligible,False,11,9,True,False,candidate_screen_only,True,True,True,True,True,True
2022-03-10,hr,PR,ECB_20220310,hrm22_intraday-5min_historical-data-09-05-2026_clean.csv,2022-03-10T12:45:00+00:00,2022-03-10T12:40:00+00:00,2022-03-10T12:40:00+00:00,2022-03-10T12:50:00+00:00,2022-03-10T13:10:00+00:00,eligible,False,11,5,False,False,candidate_screen_only,True,True,True,True,True,True
2022-03-10,hr,PC,ECB_20220310,hrm22_intraday-5min_historical-data-09-05-2026_clean.csv,2022-03-10T13:30:00+00:00,2022-03-10T12:40:00+00:00,2022-03-10T13:25:00+00:00,2022-03-10T13:35:00+00:00,2022-03-10T14:15:00+00:00,eligible,False,11,9,True,False,candidate_screen_only,True,True,True,True,True,True
2022-04-14,fx,PR,ECB_20220414,fxm22_intraday-5min_historical-data-03-24-2026_clean.csv,2022-04-14T11:45:00+00:00,2022-04-14T11:40:00+00:00,2022-04-14T11:40:00+00:00,2022-04-14T11:50:00+00:00,2022-04-14T12:10:00+00:00,eligible,True,11,5,False,False,candidate_screen_only,True,True,True,False,True,True
2022-04-14,fx,PC,ECB_20220414,fxm22_intraday-5min_historical-data-03-24-2026_clean.csv,2022-04-14T12:30:00+00:00,2022-04-14T11:40:00+00:00,2022-04-14T12:25:00+00:00,2022-04-14T12:35:00+00:00,2022-04-14T13:15:00+00:00,eligible,True,11,9,True,False,candidate_screen_only,True,True,True,True,True,True
2022-04-14,gg,PR,ECB_20220414,ggm22_intraday-5min_historical-data-03-24-2026_clean.csv,2022-04-14T11:45:00+00:00,2022-04-14T11:40:00+00:00,2022-04-14T11:40:00+00:00,2022-04-14T11:50:00+00:00,2022-04-14T12:10:00+00:00,eligible,True,11,5,False,False,candidate_screen_only,True,True,True,False,True,True
2022-04-14,gg,PC,ECB_20220414,ggm22_intraday-5min_historical-data-03-24-2026_clean.csv,2022-04-14T12:30:00+00:00,2022-04-14T11:40:00+00:00,2022-04-14T12:25:00+00:00,2022-04-14T12:35:00+00:00,2022-04-14T13:15:00+00:00,eligible,True,11,9,True,False,candidate_screen_only,True,True,True,True,True,True
2022-04-14,hf,PR,ECB_20220414,hfm22_intraday-5min_historical-data-09-05-2026_clean.csv,2022-04-14T11:45:00+00:00,2022-04-14T11:40:00+00:00,2022-04-14T11:40:00+00:00,2022-04-14T11:50:00+00:00,2022-04-14T12:10:00+00:00,eligible,False,11,5,False,False,candidate_screen_only,True,True,True,False,True,True
2022-04-14,hf,PC,ECB_20220414,hfm22_intraday-5min_historical-data-09-05-2026_clean.csv,2022-04-14T12:30:00+00:00,2022-04-14T11:40:00+00:00,2022-04-14T12:25:00+00:00,2022-04-14T12:35:00+00:00,2022-04-14T13:15:00+00:00,eligible,False,11,9,True,False,candidate_screen_only,True,True,True,True,True,True
2022-04-14,hr,PR,ECB_20220414,hrm22_intraday-5min_historical-data-09-05-2026_clean.csv,2022-04-14T11:45:00+00:00,2022-04-14T11:40:00+00:00,2022-04-14T11:40:00+00:00,2022-04-14T11:50:00+00:00,2022-04-14T12:10:00+00:00,eligible,False,11,5,False,False,candidate_screen_only,True,True,True,False,True,True
2022-04-14,hr,PC,ECB_20220414,hrm22_intraday-5min_historical-data-09-05-2026_clean.csv,2022-04-14T12:30:00+00:00,2022-04-14T11:40:00+00:00,2022-04-14T12:25:00+00:00,2022-04-14T12:35:00+00:00,2022-04-14T13:15:00+00:00,eligible,False,11,9,True,False,candidate_screen_only,True,True,True,True,True,True
2022-06-09,fx,PR,ECB_20220609,fxm22_intraday-5min_historical-data-03-24-2026_clean.csv,2022-06-09T11:45:00+00:00,2022-06-09T11:40:00+00:00,2022-06-09T11:40:00+00:00,2022-06-09T11:50:00+00:00,2022-06-09T12:10:00+00:00,eligible,True,11,5,False,False,candidate_screen_only,True,True,True,True,True,True
2022-06-09,fx,PC,ECB_20220609,fxm22_intraday-5min_historical-data-03-24-2026_clean.csv,2022-06-09T12:30:00+00:00,2022-06-09T11:40:00+00:00,2022-06-09T12:25:00+00:00,2022-06-09T12:35:00+00:00,2022-06-09T13:15:00+00:00,eligible,True,11,9,True,False,candidate_screen_only,True,True,True,True,True,True
2022-06-09,gg,PR,ECB_20220609,ggu22_intraday-5min_historical-data-03-24-2026_clean.csv,2022-06-09T11:45:00+00:00,2022-06-09T11:40:00+00:00,2022-06-09T11:40:00+00:00,2022-06-09T11:50:00+00:00,2022-06-09T12:10:00+00:00,eligible,True,11,5,False,False,candidate_screen_only,True,True,True,True,True,True
2022-06-09,gg,PC,ECB_20220609,ggu22_intraday-5min_historical-data-03-24-2026_clean.csv,2022-06-09T12:30:00+00:00,2022-06-09T11:40:00+00:00,2022-06-09T12:25:00+00:00,2022-06-09T12:35:00+00:00,2022-06-09T13:15:00+00:00,eligible,True,11,9,True,False,candidate_screen_only,True,True,True,True,True,True
2022-06-09,hf,PR,ECB_20220609,hfu22_intraday-5min_historical-data-09-05-2026_clean.csv,2022-06-09T11:45:00+00:00,2022-06-09T11:40:00+00:00,2022-06-09T11:40:00+00:00,2022-06-09T11:50:00+00:00,2022-06-09T12:10:00+00:00,eligible,False,11,5,False,False,candidate_screen_only,True,True,True,True,True,True
2022-06-09,hf,PC,ECB_20220609,hfu22_intraday-5min_historical-data-09-05-2026_clean.csv,2022-06-09T12:30:00+00:00,2022-06-09T11:40:00+00:00,2022-06-09T12:25:00+00:00,2022-06-09T12:35:00+00:00,2022-06-09T13:15:00+00:00,eligible,False,11,9,True,False,candidate_screen_only,True,True,True,True,True,True
2022-06-09,hr,PR,ECB_20220609,hru22_intraday-5min_historical-data-09-05-2026_clean.csv,2022-06-09T11:45:00+00:00,2022-06-09T11:40:00+00:00,2022-06-09T11:40:00+00:00,2022-06-09T11:50:00+00:00,2022-06-09T12:10:00+00:00,eligible,False,11,5,False,False,candidate_screen_only,True,True,True,True,True,True
2022-06-09,hr,PC,ECB_20220609,hru22_intraday-5min_historical-data-09-05-2026_clean.csv,2022-06-09T12:30:00+00:00,2022-06-09T11:40:00+00:00,2022-06-09T12:25:00+00:00,2022-06-09T12:35:00+00:00,2022-06-09T13:15:00+00:00,eligible,False,11,9,True,False,candidate_screen_only,True,True,True,True,True,True
2022-07-21,fx,PR,ECB_20220721,fxu22_intraday-5min_historical-data-03-24-2026_clean.csv,2022-07-21T12:15:00+00:00,2022-07-21T12:10:00+00:00,2022-07-21T12:10:00+00:00,2022-07-21T12:20:00+00:00,2022-07-21T12:40:00+00:00,eligible,True,11,5,True,False,candidate_screen_only,True,True,True,True,True,True
2022-07-21,fx,PC,ECB_20220721,fxu22_intraday-5min_historical-data-03-24-2026_clean.csv,2022-07-21T12:45:00+00:00,2022-07-21T12:10:00+00:00,2022-07-21T12:40:00+00:00,2022-07-21T12:50:00+00:00,2022-07-21T13:30:00+00:00,eligible,True,11,9,False,False,candidate_screen_only,True,True,True,True,True,True
2022-07-21,gg,PR,ECB_20220721,ggu22_intraday-5min_historical-data-03-24-2026_clean.csv,2022-07-21T12:15:00+00:00,2022-07-21T12:10:00+00:00,2022-07-21T12:10:00+00:00,2022-07-21T12:20:00+00:00,2022-07-21T12:40:00+00:00,eligible,True,11,5,True,False,candidate_screen_only,True,True,True,True,True,True
2022-07-21,gg,PC,ECB_20220721,ggu22_intraday-5min_historical-data-03-24-2026_clean.csv,2022-07-21T12:45:00+00:00,2022-07-21T12:10:00+00:00,2022-07-21T12:40:00+00:00,2022-07-21T12:50:00+00:00,2022-07-21T13:30:00+00:00,eligible,True,11,9,False,False,candidate_screen_only,True,True,True,True,True,True
2022-07-21,hf,PR,ECB_20220721,hfu22_intraday-5min_historical-data-09-05-2026_clean.csv,2022-07-21T12:15:00+00:00,2022-07-21T12:10:00+00:00,2022-07-21T12:10:00+00:00,2022-07-21T12:20:00+00:00,2022-07-21T12:40:00+00:00,eligible,False,11,5,True,False,candidate_screen_only,True,True,True,True,True,True
2022-07-21,hf,PC,ECB_20220721,hfu22_intraday-5min_historical-data-09-05-2026_clean.csv,2022-07-21T12:45:00+00:00,2022-07-21T12:10:00+00:00,2022-07-21T12:40:00+00:00,2022-07-21T12:50:00+00:00,2022-07-21T13:30:00+00:00,eligible,False,11,9,False,False,candidate_screen_only,True,True,True,True,True,True
2022-07-21,hr,PR,ECB_20220721,hru22_intraday-5min_historical-data-09-05-2026_clean.csv,2022-07-21T12:15:00+00:00,2022-07-21T12:10:00+00:00,2022-07-21T12:10:00+00:00,2022-07-21T12:20:00+00:00,2022-07-21T12:40:00+00:00,eligible,False,11,5,True,False,candidate_screen_only,True,True,True,True,True,True
2022-07-21,hr,PC,ECB_20220721,hru22_intraday-5min_historical-data-09-05-2026_clean.csv,2022-07-21T12:45:00+00:00,2022-07-21T12:10:00+00:00,2022-07-21T12:40:00+00:00,2022-07-21T12:50:00+00:00,2022-07-21T13:30:00+00:00,eligible,False,11,9,False,False,candidate_screen_only,True,True,True,True,True,True
2022-09-08,fx,PR,ECB_20220908,fxu22_intraday-5min_historical-data-03-24-2026_clean.csv,2022-09-08T12:15:00+00:00,2022-09-08T12:10:00+00:00,2022-09-08T12:10:00+00:00,2022-09-08T12:20:00+00:00,2022-09-08T12:40:00+00:00,eligible,True,11,5,True,False,candidate_screen_only,True,True,True,True,True,True
2022-09-08,fx,PC,ECB_20220908,fxu22_intraday-5min_historical-data-03-24-2026_clean.csv,2022-09-08T12:45:00+00:00,2022-09-08T12:10:00+00:00,2022-09-08T12:40:00+00:00,2022-09-08T12:50:00+00:00,2022-09-08T13:30:00+00:00,eligible,True,11,9,False,False,candidate_screen_only,True,True,True,True,True,True
2022-09-08,gg,PR,ECB_20220908,ggz22_intraday-5min_historical-data-03-24-2026_clean.csv,2022-09-08T12:15:00+00:00,2022-09-08T12:10:00+00:00,2022-09-08T12:10:00+00:00,2022-09-08T12:20:00+00:00,2022-09-08T12:40:00+00:00,eligible,True,11,5,True,False,candidate_screen_only,True,True,True,True,True,True
2022-09-08,gg,PC,ECB_20220908,ggz22_intraday-5min_historical-data-03-24-2026_clean.csv,2022-09-08T12:45:00+00:00,2022-09-08T12:10:00+00:00,2022-09-08T12:40:00+00:00,2022-09-08T12:50:00+00:00,2022-09-08T13:30:00+00:00,eligible,True,11,9,False,False,candidate_screen_only,True,True,True,True,True,True
2022-09-08,hf,PR,ECB_20220908,hfz22_intraday-5min_historical-data-09-05-2026_clean.csv,2022-09-08T12:15:00+00:00,2022-09-08T12:10:00+00:00,2022-09-08T12:10:00+00:00,2022-09-08T12:20:00+00:00,2022-09-08T12:40:00+00:00,eligible,False,11,5,True,False,candidate_screen_only,True,True,True,True,True,True
2022-09-08,hf,PC,ECB_20220908,hfz22_intraday-5min_historical-data-09-05-2026_clean.csv,2022-09-08T12:45:00+00:00,2022-09-08T12:10:00+00:00,2022-09-08T12:40:00+00:00,2022-09-08T12:50:00+00:00,2022-09-08T13:30:00+00:00,eligible,False,11,9,False,False,candidate_screen_only,True,True,True,True,True,True
2022-09-08,hr,PR,ECB_20220908,hrz22_intraday-5min_historical-data-09-05-2026_clean.csv,2022-09-08T12:15:00+00:00,2022-09-08T12:10:00+00:00,2022-09-08T12:10:00+00:00,2022-09-08T12:20:00+00:00,2022-09-08T12:40:00+00:00,eligible,False,11,5,True,False,candidate_screen_only,True,True,True,True,True,True
2022-09-08,hr,PC,ECB_20220908,hrz22_intraday-5min_historical-data-09-05-2026_clean.csv,2022-09-08T12:45:00+00:00,2022-09-08T12:10:00+00:00,2022-09-08T12:40:00+00:00,2022-09-08T12:50:00+00:00,2022-09-08T13:30:00+00:00,eligible,False,11,9,False,False,candidate_screen_only,True,True,True,True,True,True
2022-10-27,fx,PR,ECB_20221027,fxz22_intraday-5min_historical-data-03-24-2026_clean.csv,2022-10-27T12:15:00+00:00,2022-10-27T12:10:00+00:00,2022-10-27T12:10:00+00:00,2022-10-27T12:20:00+00:00,2022-10-27T12:40:00+00:00,eligible,True,11,5,True,False,candidate_screen_only,True,True,True,True,True,True
2022-10-27,fx,PC,ECB_20221027,fxz22_intraday-5min_historical-data-03-24-2026_clean.csv,2022-10-27T12:45:00+00:00,2022-10-27T12:10:00+00:00,2022-10-27T12:40:00+00:00,2022-10-27T12:50:00+00:00,2022-10-27T13:30:00+00:00,eligible,True,11,9,False,False,candidate_screen_only,True,True,True,True,True,True
2022-10-27,gg,PR,ECB_20221027,ggz22_intraday-5min_historical-data-03-24-2026_clean.csv,2022-10-27T12:15:00+00:00,2022-10-27T12:10:00+00:00,2022-10-27T12:10:00+00:00,2022-10-27T12:20:00+00:00,2022-10-27T12:40:00+00:00,eligible,True,11,5,True,False,candidate_screen_only,True,True,True,True,True,True
2022-10-27,gg,PC,ECB_20221027,ggz22_intraday-5min_historical-data-03-24-2026_clean.csv,2022-10-27T12:45:00+00:00,2022-10-27T12:10:00+00:00,2022-10-27T12:40:00+00:00,2022-10-27T12:50:00+00:00,2022-10-27T13:30:00+00:00,eligible,True,11,9,False,False,candidate_screen_only,True,True,True,True,True,True
2022-10-27,hf,PR,ECB_20221027,hfz22_intraday-5min_historical-data-09-05-2026_clean.csv,2022-10-27T12:15:00+00:00,2022-10-27T12:10:00+00:00,2022-10-27T12:10:00+00:00,2022-10-27T12:20:00+00:00,2022-10-27T12:40:00+00:00,eligible,False,11,5,True,False,candidate_screen_only,True,True,True,True,True,True
2022-10-27,hf,PC,ECB_20221027,hfz22_intraday-5min_historical-data-09-05-2026_clean.csv,2022-10-27T12:45:00+00:00,2022-10-27T12:10:00+00:00,2022-10-27T12:40:00+00:00,2022-10-27T12:50:00+00:00,2022-10-27T13:30:00+00:00,eligible,False,11,9,False,False,candidate_screen_only,True,True,True,True,True,True
2022-10-27,hr,PR,ECB_20221027,hrz22_intraday-5min_historical-data-09-05-2026_clean.csv,2022-10-27T12:15:00+00:00,2022-10-27T12:10:00+00:00,2022-10-27T12:10:00+00:00,2022-10-27T12:20:00+00:00,2022-10-27T12:40:00+00:00,eligible,False,11,5,True,False,candidate_screen_only,True,True,True,True,True,True
2022-10-27,hr,PC,ECB_20221027,hrz22_intraday-5min_historical-data-09-05-2026_clean.csv,2022-10-27T12:45:00+00:00,2022-10-27T12:10:00+00:00,2022-10-27T12:40:00+00:00,2022-10-27T12:50:00+00:00,2022-10-27T13:30:00+00:00,eligible,False,11,9,False,False,candidate_screen_only,True,True,True,True,True,True
2022-12-15,fx,PR,ECB_20221215,fxh23_intraday-5min_historical-data-03-24-2026_clean.csv,2022-12-15T13:15:00+00:00,2022-12-15T13:10:00+00:00,2022-12-15T13:10:00+00:00,2022-12-15T13:20:00+00:00,2022-12-15T13:40:00+00:00,eligible,True,11,5,True,False,candidate_screen_only,True,True,True,True,True,True
2022-12-15,fx,PC,ECB_20221215,fxh23_intraday-5min_historical-data-03-24-2026_clean.csv,2022-12-15T13:45:00+00:00,2022-12-15T13:10:00+00:00,2022-12-15T13:40:00+00:00,2022-12-15T13:50:00+00:00,2022-12-15T14:30:00+00:00,eligible,True,11,9,False,False,candidate_screen_only,True,True,True,True,True,True
2022-12-15,gg,PR,ECB_20221215,ggh23_intraday-5min_historical-data-03-24-2026_clean.csv,2022-12-15T13:15:00+00:00,2022-12-15T13:10:00+00:00,2022-12-15T13:10:00+00:00,2022-12-15T13:20:00+00:00,2022-12-15T13:40:00+00:00,eligible,True,11,5,True,False,candidate_screen_only,True,True,True,True,True,True
2022-12-15,gg,PC,ECB_20221215,ggh23_intraday-5min_historical-data-03-24-2026_clean.csv,2022-12-15T13:45:00+00:00,2022-12-15T13:10:00+00:00,2022-12-15T13:40:00+00:00,2022-12-15T13:50:00+00:00,2022-12-15T14:30:00+00:00,eligible,True,11,9,False,False,candidate_screen_only,True,True,True,True,True,True
2022-12-15,hf,PR,ECB_20221215,hfh23_intraday-5min_historical-data-09-05-2026_clean.csv,2022-12-15T13:15:00+00:00,2022-12-15T13:10:00+00:00,2022-12-15T13:10:00+00:00,2022-12-15T13:20:00+00:00,2022-12-15T13:40:00+00:00,eligible,False,11,5,True,False,candidate_screen_only,True,True,True,True,True,True
2022-12-15,hf,PC,ECB_20221215,hfh23_intraday-5min_historical-data-09-05-2026_clean.csv,2022-12-15T13:45:00+00:00,2022-12-15T13:10:00+00:00,2022-12-15T13:40:00+00:00,2022-12-15T13:50:00+00:00,2022-12-15T14:30:00+00:00,eligible,False,11,9,False,False,candidate_screen_only,True,True,True,True,True,True
2022-12-15,hr,PR,ECB_20221215,hrh23_intraday-5min_historical-data-09-05-2026_clean.csv,2022-12-15T13:15:00+00:00,2022-12-15T13:10:00+00:00,2022-12-15T13:10:00+00:00,2022-12-15T13:20:00+00:00,2022-12-15T13:40:00+00:00,eligible,False,11,5,True,False,candidate_screen_only,True,True,True,True,True,True
2022-12-15,hr,PC,ECB_20221215,hrh23_intraday-5min_historical-data-09-05-2026_clean.csv,2022-12-15T13:45:00+00:00,2022-12-15T13:10:00+00:00,2022-12-15T13:40:00+00:00,2022-12-15T13:50:00+00:00,2022-12-15T14:30:00+00:00,eligible,False,11,9,False,False,candidate_screen_only,True,True,True,True,True,True
2023-02-02,fx,PR,ECB_20230202,fxh23_intraday-5min_historical-data-03-24-2026_clean.csv,2023-02-02T13:15:00+00:00,2023-02-02T13:10:00+00:00,2023-02-02T13:10:00+00:00,2023-02-02T13:20:00+00:00,2023-02-02T13:40:00+00:00,eligible,True,11,5,True,False,candidate_screen_only,True,True,True,True,True,True
2023-02-02,fx,PC,ECB_20230202,fxh23_intraday-5min_historical-data-03-24-2026_clean.csv,2023-02-02T13:45:00+00:00,2023-02-02T13:10:00+00:00,2023-02-02T13:40:00+00:00,2023-02-02T13:50:00+00:00,2023-02-02T14:30:00+00:00,eligible,True,11,9,False,False,candidate_screen_only,True,True,True,True,True,True
2023-02-02,gg,PR,ECB_20230202,ggh23_intraday-5min_historical-data-03-24-2026_clean.csv,2023-02-02T13:15:00+00:00,2023-02-02T13:10:00+00:00,2023-02-02T13:10:00+00:00,2023-02-02T13:20:00+00:00,2023-02-02T13:40:00+00:00,eligible,True,11,5,True,False,candidate_screen_only,True,True,True,True,True,True
2023-02-02,gg,PC,ECB_20230202,ggh23_intraday-5min_historical-data-03-24-2026_clean.csv,2023-02-02T13:45:00+00:00,2023-02-02T13:10:00+00:00,2023-02-02T13:40:00+00:00,2023-02-02T13:50:00+00:00,2023-02-02T14:30:00+00:00,eligible,True,11,9,False,False,candidate_screen_only,True,True,True,True,True,True
2023-02-02,hf,PR,ECB_20230202,hfh23_intraday-5min_historical-data-09-05-2026_clean.csv,2023-02-02T13:15:00+00:00,2023-02-02T13:10:00+00:00,2023-02-02T13:10:00+00:00,2023-02-02T13:20:00+00:00,2023-02-02T13:40:00+00:00,eligible,False,11,5,True,False,candidate_screen_only,True,True,True,True,True,True
2023-02-02,hf,PC,ECB_20230202,hfh23_intraday-5min_historical-data-09-05-2026_clean.csv,2023-02-02T13:45:00+00:00,2023-02-02T13:10:00+00:00,2023-02-02T13:40:00+00:00,2023-02-02T13:50:00+00:00,2023-02-02T14:30:00+00:00,eligible,False,11,9,False,False,candidate_screen_only,True,True,True,True,True,True
2023-02-02,hr,PR,ECB_20230202,hrh23_intraday-5min_historical-data-09-05-2026_clean.csv,2023-02-02T13:15:00+00:00,2023-02-02T13:10:00+00:00,2023-02-02T13:10:00+00:00,2023-02-02T13:20:00+00:00,2023-02-02T13:40:00+00:00,eligible,False,11,5,True,False,candidate_screen_only,True,True,True,True,True,True
2023-02-02,hr,PC,ECB_20230202,hrh23_intraday-5min_historical-data-09-05-2026_clean.csv,2023-02-02T13:45:00+00:00,2023-02-02T13:10:00+00:00,2023-02-02T13:40:00+00:00,2023-02-02T13:50:00+00:00,2023-02-02T14:30:00+00:00,eligible,False,11,9,False,False,candidate_screen_only,True,True,True,True,True,True
2023-03-16,fx,PR,ECB_20230316,fxm23_intraday-5min_historical-data-03-24-2026_clean.csv,2023-03-16T13:15:00+00:00,2023-03-16T13:10:00+00:00,2023-03-16T13:10:00+00:00,2023-03-16T13:20:00+00:00,2023-03-16T13:40:00+00:00,eligible,True,11,5,False,False,candidate_screen_only,True,True,True,True,True,True
2023-03-16,fx,PC,ECB_20230316,fxm23_intraday-5min_historical-data-03-24-2026_clean.csv,2023-03-16T13:45:00+00:00,2023-03-16T13:10:00+00:00,2023-03-16T13:40:00+00:00,2023-03-16T13:50:00+00:00,2023-03-16T14:30:00+00:00,eligible,True,11,9,False,False,candidate_screen_only,True,True,True,True,True,True
2023-03-16,gg,PR,ECB_20230316,ggm23_intraday-5min_historical-data-03-24-2026_clean.csv,2023-03-16T13:15:00+00:00,2023-03-16T13:10:00+00:00,2023-03-16T13:10:00+00:00,2023-03-16T13:20:00+00:00,2023-03-16T13:40:00+00:00,eligible,True,11,5,False,False,candidate_screen_only,True,True,True,True,True,True
2023-03-16,gg,PC,ECB_20230316,ggm23_intraday-5min_historical-data-03-24-2026_clean.csv,2023-03-16T13:45:00+00:00,2023-03-16T13:10:00+00:00,2023-03-16T13:40:00+00:00,2023-03-16T13:50:00+00:00,2023-03-16T14:30:00+00:00,eligible,True,11,9,False,False,candidate_screen_only,True,True,True,True,True,True
2023-03-16,hf,PR,ECB_20230316,hfm23_intraday-5min_historical-data-09-05-2026_clean.csv,2023-03-16T13:15:00+00:00,2023-03-16T13:10:00+00:00,2023-03-16T13:10:00+00:00,2023-03-16T13:20:00+00:00,2023-03-16T13:40:00+00:00,eligible,False,11,5,False,False,candidate_screen_only,True,True,True,True,True,True
2023-03-16,hf,PC,ECB_20230316,hfm23_intraday-5min_historical-data-09-05-2026_clean.csv,2023-03-16T13:45:00+00:00,2023-03-16T13:10:00+00:00,2023-03-16T13:40:00+00:00,2023-03-16T13:50:00+00:00,2023-03-16T14:30:00+00:00,eligible,False,11,9,False,False,candidate_screen_only,True,True,True,True,True,True
2023-03-16,hr,PR,ECB_20230316,hrm23_intraday-5min_historical-data-09-05-2026_clean.csv,2023-03-16T13:15:00+00:00,2023-03-16T13:10:00+00:00,2023-03-16T13:10:00+00:00,2023-03-16T13:20:00+00:00,2023-03-16T13:40:00+00:00,eligible,False,11,5,False,False,candidate_screen_only,True,True,True,True,True,True
2023-03-16,hr,PC,ECB_20230316,hrm23_intraday-5min_historical-data-09-05-2026_clean.csv,2023-03-16T13:45:00+00:00,2023-03-16T13:10:00+00:00,2023-03-16T13:40:00+00:00,2023-03-16T13:50:00+00:00,2023-03-16T14:30:00+00:00,eligible,False,11,9,False,False,candidate_screen_only,True,True,True,True,True,True
2023-05-04,fx,PR,ECB_20230504,fxm23_intraday-5min_historical-data-03-24-2026_clean.csv,2023-05-04T12:15:00+00:00,2023-05-04T12:10:00+00:00,2023-05-04T12:10:00+00:00,2023-05-04T12:20:00+00:00,2023-05-04T12:40:00+00:00,eligible,True,11,5,True,False,candidate_screen_only,True,True,True,True,True,True
2023-05-04,fx,PC,ECB_20230504,fxm23_intraday-5min_historical-data-03-24-2026_clean.csv,2023-05-04T12:45:00+00:00,2023-05-04T12:10:00+00:00,2023-05-04T12:40:00+00:00,2023-05-04T12:50:00+00:00,2023-05-04T13:30:00+00:00,eligible,True,11,9,False,False,candidate_screen_only,True,True,True,True,True,True
2023-05-04,gg,PR,ECB_20230504,ggm23_intraday-5min_historical-data-03-24-2026_clean.csv,2023-05-04T12:15:00+00:00,2023-05-04T12:10:00+00:00,2023-05-04T12:10:00+00:00,2023-05-04T12:20:00+00:00,2023-05-04T12:40:00+00:00,eligible,True,11,5,True,False,candidate_screen_only,True,True,True,True,True,True
2023-05-04,gg,PC,ECB_20230504,ggm23_intraday-5min_historical-data-03-24-2026_clean.csv,2023-05-04T12:45:00+00:00,2023-05-04T12:10:00+00:00,2023-05-04T12:40:00+00:00,2023-05-04T12:50:00+00:00,2023-05-04T13:30:00+00:00,eligible,True,11,9,False,False,candidate_screen_only,True,True,True,True,True,True
2023-05-04,hf,PR,ECB_20230504,hfm23_intraday-5min_historical-data-09-05-2026_clean.csv,2023-05-04T12:15:00+00:00,2023-05-04T12:10:00+00:00,2023-05-04T12:10:00+00:00,2023-05-04T12:20:00+00:00,2023-05-04T12:40:00+00:00,eligible,False,11,5,True,False,candidate_screen_only,True,True,True,True,True,True
2023-05-04,hf,PC,ECB_20230504,hfm23_intraday-5min_historical-data-09-05-2026_clean.csv,2023-05-04T12:45:00+00:00,2023-05-04T12:10:00+00:00,2023-05-04T12:40:00+00:00,2023-05-04T12:50:00+00:00,2023-05-04T13:30:00+00:00,eligible,False,11,9,False,False,candidate_screen_only,True,True,True,True,True,True
2023-05-04,hr,PR,ECB_20230504,hrm23_intraday-5min_historical-data-09-05-2026_clean.csv,2023-05-04T12:15:00+00:00,2023-05-04T12:10:00+00:00,2023-05-04T12:10:00+00:00,2023-05-04T12:20:00+00:00,2023-05-04T12:40:00+00:00,eligible,False,11,5,True,False,candidate_screen_only,True,True,True,True,True,True
2023-05-04,hr,PC,ECB_20230504,hrm23_intraday-5min_historical-data-09-05-2026_clean.csv,2023-05-04T12:45:00+00:00,2023-05-04T12:10:00+00:00,2023-05-04T12:40:00+00:00,2023-05-04T12:50:00+00:00,2023-05-04T13:30:00+00:00,eligible,False,11,9,False,False,candidate_screen_only,True,True,True,True,True,True
2023-06-15,fx,PR,ECB_20230615,fxu23_intraday-5min_historical-data-03-24-2026_clean.csv,2023-06-15T12:15:00+00:00,2023-06-15T12:10:00+00:00,2023-06-15T12:10:00+00:00,2023-06-15T12:20:00+00:00,2023-06-15T12:40:00+00:00,eligible,True,11,5,True,False,candidate_screen_only,True,True,True,True,True,True
2023-06-15,fx,PC,ECB_20230615,fxu23_intraday-5min_historical-data-03-24-2026_clean.csv,2023-06-15T12:45:00+00:00,2023-06-15T12:10:00+00:00,2023-06-15T12:40:00+00:00,2023-06-15T12:50:00+00:00,2023-06-15T13:30:00+00:00,eligible,True,11,9,False,False,candidate_screen_only,True,True,True,True,True,True
2023-06-15,gg,PR,ECB_20230615,ggu23_intraday-5min_historical-data-03-24-2026_clean.csv,2023-06-15T12:15:00+00:00,2023-06-15T12:10:00+00:00,2023-06-15T12:10:00+00:00,2023-06-15T12:20:00+00:00,2023-06-15T12:40:00+00:00,eligible,True,11,5,True,False,candidate_screen_only,True,True,True,True,True,True
2023-06-15,gg,PC,ECB_20230615,ggu23_intraday-5min_historical-data-03-24-2026_clean.csv,2023-06-15T12:45:00+00:00,2023-06-15T12:10:00+00:00,2023-06-15T12:40:00+00:00,2023-06-15T12:50:00+00:00,2023-06-15T13:30:00+00:00,eligible,True,11,9,False,False,candidate_screen_only,True,True,True,True,True,True
2023-06-15,hf,PR,ECB_20230615,hfu23_intraday-5min_historical-data-09-05-2026_clean.csv,2023-06-15T12:15:00+00:00,2023-06-15T12:10:00+00:00,2023-06-15T12:10:00+00:00,2023-06-15T12:20:00+00:00,2023-06-15T12:40:00+00:00,eligible,False,11,5,True,False,candidate_screen_only,True,True,True,True,True,True
2023-06-15,hf,PC,ECB_20230615,hfu23_intraday-5min_historical-data-09-05-2026_clean.csv,2023-06-15T12:45:00+00:00,2023-06-15T12:10:00+00:00,2023-06-15T12:40:00+00:00,2023-06-15T12:50:00+00:00,2023-06-15T13:30:00+00:00,eligible,False,11,9,False,False,candidate_screen_only,True,True,True,True,True,True
2023-06-15,hr,PR,ECB_20230615,hru23_intraday-5min_historical-data-09-05-2026_clean.csv,2023-06-15T12:15:00+00:00,2023-06-15T12:10:00+00:00,2023-06-15T12:10:00+00:00,2023-06-15T12:20:00+00:00,2023-06-15T12:40:00+00:00,eligible,False,11,5,True,False,candidate_screen_only,True,True,True,True,True,True
2023-06-15,hr,PC,ECB_20230615,hru23_intraday-5min_historical-data-09-05-2026_clean.csv,2023-06-15T12:45:00+00:00,2023-06-15T12:10:00+00:00,2023-06-15T12:40:00+00:00,2023-06-15T12:50:00+00:00,2023-06-15T13:30:00+00:00,eligible,False,11,9,False,False,candidate_screen_only,True,True,True,True,True,True
2023-07-27,fx,PR,ECB_20230727,fxu23_intraday-5min_historical-data-03-24-2026_clean.csv,2023-07-27T12:15:00+00:00,2023-07-27T12:10:00+00:00,2023-07-27T12:10:00+00:00,2023-07-27T12:20:00+00:00,2023-07-27T12:40:00+00:00,eligible,True,11,5,True,False,candidate_screen_only,True,True,True,True,True,True
2023-07-27,fx,PC,ECB_20230727,fxu23_intraday-5min_historical-data-03-24-2026_clean.csv,2023-07-27T12:45:00+00:00,2023-07-27T12:10:00+00:00,2023-07-27T12:40:00+00:00,2023-07-27T12:50:00+00:00,2023-07-27T13:30:00+00:00,eligible,True,11,9,False,False,candidate_screen_only,True,True,True,True,True,True
2023-07-27,gg,PR,ECB_20230727,ggu23_intraday-5min_historical-data-03-24-2026_clean.csv,2023-07-27T12:15:00+00:00,2023-07-27T12:10:00+00:00,2023-07-27T12:10:00+00:00,2023-07-27T12:20:00+00:00,2023-07-27T12:40:00+00:00,eligible,True,11,5,True,False,candidate_screen_only,True,True,True,True,True,True
2023-07-27,gg,PC,ECB_20230727,ggu23_intraday-5min_historical-data-03-24-2026_clean.csv,2023-07-27T12:45:00+00:00,2023-07-27T12:10:00+00:00,2023-07-27T12:40:00+00:00,2023-07-27T12:50:00+00:00,2023-07-27T13:30:00+00:00,eligible,True,11,9,False,False,candidate_screen_only,True,True,True,True,True,True
2023-07-27,hf,PR,ECB_20230727,hfu23_intraday-5min_historical-data-09-05-2026_clean.csv,2023-07-27T12:15:00+00:00,2023-07-27T12:10:00+00:00,2023-07-27T12:10:00+00:00,2023-07-27T12:20:00+00:00,2023-07-27T12:40:00+00:00,eligible,False,11,5,True,False,candidate_screen_only,True,True,True,True,True,True
2023-07-27,hf,PC,ECB_20230727,hfu23_intraday-5min_historical-data-09-05-2026_clean.csv,2023-07-27T12:45:00+00:00,2023-07-27T12:10:00+00:00,2023-07-27T12:40:00+00:00,2023-07-27T12:50:00+00:00,2023-07-27T13:30:00+00:00,eligible,False,11,9,False,False,candidate_screen_only,True,True,True,True,True,True
2023-07-27,hr,PR,ECB_20230727,hru23_intraday-5min_historical-data-09-05-2026_clean.csv,2023-07-27T12:15:00+00:00,2023-07-27T12:10:00+00:00,2023-07-27T12:10:00+00:00,2023-07-27T12:20:00+00:00,2023-07-27T12:40:00+00:00,eligible,False,11,5,True,False,candidate_screen_only,True,True,True,True,True,True
2023-07-27,hr,PC,ECB_20230727,hru23_intraday-5min_historical-data-09-05-2026_clean.csv,2023-07-27T12:45:00+00:00,2023-07-27T12:10:00+00:00,2023-07-27T12:40:00+00:00,2023-07-27T12:50:00+00:00,2023-07-27T13:30:00+00:00,eligible,False,11,9,False,False,candidate_screen_only,True,True,True,True,True,True
2023-09-14,fx,PR,ECB_20230914,fxz23_intraday-5min_historical-data-03-24-2026_clean.csv,2023-09-14T12:15:00+00:00,2023-09-14T12:10:00+00:00,2023-09-14T12:10:00+00:00,2023-09-14T12:20:00+00:00,2023-09-14T12:40:00+00:00,eligible,True,11,5,True,False,candidate_screen_only,True,True,True,True,True,True
2023-09-14,fx,PC,ECB_20230914,fxz23_intraday-5min_historical-data-03-24-2026_clean.csv,2023-09-14T12:45:00+00:00,2023-09-14T12:10:00+00:00,2023-09-14T12:40:00+00:00,2023-09-14T12:50:00+00:00,2023-09-14T13:30:00+00:00,eligible,True,11,9,False,False,candidate_screen_only,True,True,True,True,True,True
2023-09-14,gg,PR,ECB_20230914,ggz23_intraday-5min_historical-data-03-24-2026_clean.csv,2023-09-14T12:15:00+00:00,2023-09-14T12:10:00+00:00,2023-09-14T12:10:00+00:00,2023-09-14T12:20:00+00:00,2023-09-14T12:40:00+00:00,eligible,True,11,5,True,False,candidate_screen_only,True,True,True,True,True,True
2023-09-14,gg,PC,ECB_20230914,ggz23_intraday-5min_historical-data-03-24-2026_clean.csv,2023-09-14T12:45:00+00:00,2023-09-14T12:10:00+00:00,2023-09-14T12:40:00+00:00,2023-09-14T12:50:00+00:00,2023-09-14T13:30:00+00:00,eligible,True,11,9,False,False,candidate_screen_only,True,True,True,True,True,True
2023-09-14,hf,PR,ECB_20230914,hfz23_intraday-5min_historical-data-09-05-2026_clean.csv,2023-09-14T12:15:00+00:00,2023-09-14T12:10:00+00:00,2023-09-14T12:10:00+00:00,2023-09-14T12:20:00+00:00,2023-09-14T12:40:00+00:00,eligible,False,11,5,True,False,candidate_screen_only,True,True,True,True,True,True
2023-09-14,hf,PC,ECB_20230914,hfz23_intraday-5min_historical-data-09-05-2026_clean.csv,2023-09-14T12:45:00+00:00,2023-09-14T12:10:00+00:00,2023-09-14T12:40:00+00:00,2023-09-14T12:50:00+00:00,2023-09-14T13:30:00+00:00,eligible,False,11,9,False,False,candidate_screen_only,True,True,True,True,True,True
2023-09-14,hr,PR,ECB_20230914,hrz23_intraday-5min_historical-data-09-05-2026_clean.csv,2023-09-14T12:15:00+00:00,2023-09-14T12:10:00+00:00,2023-09-14T12:10:00+00:00,2023-09-14T12:20:00+00:00,2023-09-14T12:40:00+00:00,eligible,False,11,5,True,False,candidate_screen_only,True,True,True,True,True,True
2023-09-14,hr,PC,ECB_20230914,hrz23_intraday-5min_historical-data-09-05-2026_clean.csv,2023-09-14T12:45:00+00:00,2023-09-14T12:10:00+00:00,2023-09-14T12:40:00+00:00,2023-09-14T12:50:00+00:00,2023-09-14T13:30:00+00:00,eligible,False,11,9,False,False,candidate_screen_only,True,True,True,True,True,True
2023-10-26,fx,PR,ECB_20231026,fxz23_intraday-5min_historical-data-03-24-2026_clean.csv,2023-10-26T12:15:00+00:00,2023-10-26T12:10:00+00:00,2023-10-26T12:10:00+00:00,2023-10-26T12:20:00+00:00,2023-10-26T12:40:00+00:00,eligible,True,11,5,True,False,candidate_screen_only,True,True,True,True,True,True
2023-10-26,fx,PC,ECB_20231026,fxz23_intraday-5min_historical-data-03-24-2026_clean.csv,2023-10-26T12:45:00+00:00,2023-10-26T12:10:00+00:00,2023-10-26T12:40:00+00:00,2023-10-26T12:50:00+00:00,2023-10-26T13:30:00+00:00,eligible,True,11,9,False,False,candidate_screen_only,True,True,True,True,True,True
2023-10-26,gg,PR,ECB_20231026,ggz23_intraday-5min_historical-data-03-24-2026_clean.csv,2023-10-26T12:15:00+00:00,2023-10-26T12:10:00+00:00,2023-10-26T12:10:00+00:00,2023-10-26T12:20:00+00:00,2023-10-26T12:40:00+00:00,eligible,True,11,5,True,False,candidate_screen_only,True,True,True,True,True,True
2023-10-26,gg,PC,ECB_20231026,ggz23_intraday-5min_historical-data-03-24-2026_clean.csv,2023-10-26T12:45:00+00:00,2023-10-26T12:10:00+00:00,2023-10-26T12:40:00+00:00,2023-10-26T12:50:00+00:00,2023-10-26T13:30:00+00:00,eligible,True,11,9,False,False,candidate_screen_only,True,True,True,True,True,True
2023-10-26,hf,PR,ECB_20231026,hfz23_intraday-5min_historical-data-09-05-2026_clean.csv,2023-10-26T12:15:00+00:00,2023-10-26T12:10:00+00:00,2023-10-26T12:10:00+00:00,2023-10-26T12:20:00+00:00,2023-10-26T12:40:00+00:00,eligible,False,11,5,True,False,candidate_screen_only,True,True,True,True,True,True
2023-10-26,hf,PC,ECB_20231026,hfz23_intraday-5min_historical-data-09-05-2026_clean.csv,2023-10-26T12:45:00+00:00,2023-10-26T12:10:00+00:00,2023-10-26T12:40:00+00:00,2023-10-26T12:50:00+00:00,2023-10-26T13:30:00+00:00,eligible,False,11,9,False,False,candidate_screen_only,True,True,True,True,True,True
2023-10-26,hr,PR,ECB_20231026,hrz23_intraday-5min_historical-data-09-05-2026_clean.csv,2023-10-26T12:15:00+00:00,2023-10-26T12:10:00+00:00,2023-10-26T12:10:00+00:00,2023-10-26T12:20:00+00:00,2023-10-26T12:40:00+00:00,eligible,False,11,5,True,False,candidate_screen_only,True,True,True,True,True,True
2023-10-26,hr,PC,ECB_20231026,hrz23_intraday-5min_historical-data-09-05-2026_clean.csv,2023-10-26T12:45:00+00:00,2023-10-26T12:10:00+00:00,2023-10-26T12:40:00+00:00,2023-10-26T12:50:00+00:00,2023-10-26T13:30:00+00:00,eligible,False,11,9,False,False,candidate_screen_only,True,True,True,True,True,True
2023-12-14,fx,PR,ECB_20231214,fxh24_intraday-5min_historical-data-03-24-2026_clean.csv,2023-12-14T13:15:00+00:00,2023-12-14T13:10:00+00:00,2023-12-14T13:10:00+00:00,2023-12-14T13:20:00+00:00,2023-12-14T13:40:00+00:00,eligible,True,11,5,True,False,candidate_screen_only,True,True,True,True,True,True
2023-12-14,fx,PC,ECB_20231214,fxh24_intraday-5min_historical-data-03-24-2026_clean.csv,2023-12-14T13:45:00+00:00,2023-12-14T13:10:00+00:00,2023-12-14T13:40:00+00:00,2023-12-14T13:50:00+00:00,2023-12-14T14:30:00+00:00,eligible,True,11,9,False,False,candidate_screen_only,True,True,True,True,True,True
2023-12-14,gg,PR,ECB_20231214,ggh24_intraday-5min_historical-data-03-24-2026_clean.csv,2023-12-14T13:15:00+00:00,2023-12-14T13:10:00+00:00,2023-12-14T13:10:00+00:00,2023-12-14T13:20:00+00:00,2023-12-14T13:40:00+00:00,eligible,True,11,5,True,False,candidate_screen_only,True,True,True,True,True,True
2023-12-14,gg,PC,ECB_20231214,ggh24_intraday-5min_historical-data-03-24-2026_clean.csv,2023-12-14T13:45:00+00:00,2023-12-14T13:10:00+00:00,2023-12-14T13:40:00+00:00,2023-12-14T13:50:00+00:00,2023-12-14T14:30:00+00:00,eligible,True,11,9,False,False,candidate_screen_only,True,True,True,True,True,True
2023-12-14,hf,PR,ECB_20231214,hfh24_intraday-5min_historical-data-09-05-2026_clean.csv,2023-12-14T13:15:00+00:00,2023-12-14T13:10:00+00:00,2023-12-14T13:10:00+00:00,2023-12-14T13:20:00+00:00,2023-12-14T13:40:00+00:00,eligible,False,11,5,True,False,candidate_screen_only,True,True,True,True,True,True
2023-12-14,hf,PC,ECB_20231214,hfh24_intraday-5min_historical-data-09-05-2026_clean.csv,2023-12-14T13:45:00+00:00,2023-12-14T13:10:00+00:00,2023-12-14T13:40:00+00:00,2023-12-14T13:50:00+00:00,2023-12-14T14:30:00+00:00,eligible,False,11,9,False,False,candidate_screen_only,True,True,True,True,True,True
2023-12-14,hr,PR,ECB_20231214,hrh24_intraday-5min_historical-data-09-05-2026_clean.csv,2023-12-14T13:15:00+00:00,2023-12-14T13:10:00+00:00,2023-12-14T13:10:00+00:00,2023-12-14T13:20:00+00:00,2023-12-14T13:40:00+00:00,eligible,False,11,5,True,False,candidate_screen_only,True,True,True,True,True,True
2023-12-14,hr,PC,ECB_20231214,hrh24_intraday-5min_historical-data-09-05-2026_clean.csv,2023-12-14T13:45:00+00:00,2023-12-14T13:10:00+00:00,2023-12-14T13:40:00+00:00,2023-12-14T13:50:00+00:00,2023-12-14T14:30:00+00:00,eligible,False,11,9,False,False,candidate_screen_only,True,True,True,True,True,True
2024-01-25,fx,PR,ECB_20240125,fxh24_intraday-5min_historical-data-03-24-2026_clean.csv,2024-01-25T13:15:00+00:00,2024-01-25T13:10:00+00:00,2024-01-25T13:10:00+00:00,2024-01-25T13:20:00+00:00,2024-01-25T13:40:00+00:00,eligible,True,11,5,True,False,candidate_screen_only,True,True,True,True,True,True
2024-01-25,fx,PC,ECB_20240125,fxh24_intraday-5min_historical-data-03-24-2026_clean.csv,2024-01-25T13:45:00+00:00,2024-01-25T13:10:00+00:00,2024-01-25T13:40:00+00:00,2024-01-25T13:50:00+00:00,2024-01-25T14:30:00+00:00,eligible,True,11,9,False,False,candidate_screen_only,True,True,True,True,True,True
2024-01-25,gg,PR,ECB_20240125,ggh24_intraday-5min_historical-data-03-24-2026_clean.csv,2024-01-25T13:15:00+00:00,2024-01-25T13:10:00+00:00,2024-01-25T13:10:00+00:00,2024-01-25T13:20:00+00:00,2024-01-25T13:40:00+00:00,eligible,True,11,5,True,False,candidate_screen_only,True,True,True,True,True,True
2024-01-25,gg,PC,ECB_20240125,ggh24_intraday-5min_historical-data-03-24-2026_clean.csv,2024-01-25T13:45:00+00:00,2024-01-25T13:10:00+00:00,2024-01-25T13:40:00+00:00,2024-01-25T13:50:00+00:00,2024-01-25T14:30:00+00:00,eligible,True,11,9,False,False,candidate_screen_only,True,True,True,True,True,True
2024-01-25,hf,PR,ECB_20240125,hfh24_intraday-5min_historical-data-09-05-2026_clean.csv,2024-01-25T13:15:00+00:00,2024-01-25T13:10:00+00:00,2024-01-25T13:10:00+00:00,2024-01-25T13:20:00+00:00,2024-01-25T13:40:00+00:00,eligible,False,11,5,True,False,candidate_screen_only,True,True,True,True,True,True
2024-01-25,hf,PC,ECB_20240125,hfh24_intraday-5min_historical-data-09-05-2026_clean.csv,2024-01-25T13:45:00+00:00,2024-01-25T13:10:00+00:00,2024-01-25T13:40:00+00:00,2024-01-25T13:50:00+00:00,2024-01-25T14:30:00+00:00,eligible,False,11,9,False,False,candidate_screen_only,True,True,True,True,True,True
2024-01-25,hr,PR,ECB_20240125,hrh24_intraday-5min_historical-data-09-05-2026_clean.csv,2024-01-25T13:15:00+00:00,2024-01-25T13:10:00+00:00,2024-01-25T13:10:00+00:00,2024-01-25T13:20:00+00:00,2024-01-25T13:40:00+00:00,eligible,False,11,5,True,False,candidate_screen_only,True,True,True,True,True,True
2024-01-25,hr,PC,ECB_20240125,hrh24_intraday-5min_historical-data-09-05-2026_clean.csv,2024-01-25T13:45:00+00:00,2024-01-25T13:10:00+00:00,2024-01-25T13:40:00+00:00,2024-01-25T13:50:00+00:00,2024-01-25T14:30:00+00:00,eligible,False,11,9,False,False,candidate_screen_only,True,True,True,True,True,True
2024-03-07,fx,PR,ECB_20240307,fxh24_intraday-5min_historical-data-03-24-2026_clean.csv,2024-03-07T13:15:00+00:00,2024-03-07T13:10:00+00:00,2024-03-07T13:10:00+00:00,2024-03-07T13:20:00+00:00,2024-03-07T13:40:00+00:00,eligible,True,11,5,True,False,candidate_screen_only,True,True,True,True,True,True
2024-03-07,fx,PC,ECB_20240307,fxh24_intraday-5min_historical-data-03-24-2026_clean.csv,2024-03-07T13:45:00+00:00,2024-03-07T13:10:00+00:00,2024-03-07T13:40:00+00:00,2024-03-07T13:50:00+00:00,2024-03-07T14:30:00+00:00,eligible,True,11,9,False,False,candidate_screen_only,True,True,True,True,True,True
2024-03-07,gg,PR,ECB_20240307,ggm24_intraday-5min_historical-data-03-24-2026_clean.csv,2024-03-07T13:15:00+00:00,2024-03-07T13:10:00+00:00,2024-03-07T13:10:00+00:00,2024-03-07T13:20:00+00:00,2024-03-07T13:40:00+00:00,eligible,True,11,5,True,False,candidate_screen_only,True,True,True,True,True,True
2024-03-07,gg,PC,ECB_20240307,ggm24_intraday-5min_historical-data-03-24-2026_clean.csv,2024-03-07T13:45:00+00:00,2024-03-07T13:10:00+00:00,2024-03-07T13:40:00+00:00,2024-03-07T13:50:00+00:00,2024-03-07T14:30:00+00:00,eligible,True,11,9,False,False,candidate_screen_only,True,True,True,True,True,True
2024-03-07,hf,PR,ECB_20240307,hfm24_intraday-5min_historical-data-09-05-2026_clean.csv,2024-03-07T13:15:00+00:00,2024-03-07T13:10:00+00:00,2024-03-07T13:10:00+00:00,2024-03-07T13:20:00+00:00,2024-03-07T13:40:00+00:00,eligible,False,11,5,True,False,candidate_screen_only,True,True,True,True,True,True
2024-03-07,hf,PC,ECB_20240307,hfm24_intraday-5min_historical-data-09-05-2026_clean.csv,2024-03-07T13:45:00+00:00,2024-03-07T13:10:00+00:00,2024-03-07T13:40:00+00:00,2024-03-07T13:50:00+00:00,2024-03-07T14:30:00+00:00,eligible,False,11,9,False,False,candidate_screen_only,True,True,True,True,True,True
2024-03-07,hr,PR,ECB_20240307,hrm24_intraday-5min_historical-data-09-05-2026_clean.csv,2024-03-07T13:15:00+00:00,2024-03-07T13:10:00+00:00,2024-03-07T13:10:00+00:00,2024-03-07T13:20:00+00:00,2024-03-07T13:40:00+00:00,eligible,False,11,5,True,False,candidate_screen_only,True,True,True,True,True,True
2024-03-07,hr,PC,ECB_20240307,hrm24_intraday-5min_historical-data-09-05-2026_clean.csv,2024-03-07T13:45:00+00:00,2024-03-07T13:10:00+00:00,2024-03-07T13:40:00+00:00,2024-03-07T13:50:00+00:00,2024-03-07T14:30:00+00:00,eligible,False,11,9,False,False,candidate_screen_only,True,True,True,True,True,True
2024-04-11,fx,PR,ECB_20240411,fxm24_intraday-5min_historical-data-03-24-2026_clean.csv,2024-04-11T12:15:00+00:00,2024-04-11T12:10:00+00:00,2024-04-11T12:10:00+00:00,2024-04-11T12:20:00+00:00,2024-04-11T12:40:00+00:00,eligible,True,11,5,True,False,candidate_screen_only,True,True,True,True,True,True
2024-04-11,fx,PC,ECB_20240411,fxm24_intraday-5min_historical-data-03-24-2026_clean.csv,2024-04-11T12:45:00+00:00,2024-04-11T12:10:00+00:00,2024-04-11T12:40:00+00:00,2024-04-11T12:50:00+00:00,2024-04-11T13:30:00+00:00,eligible,True,11,9,False,False,candidate_screen_only,True,True,True,True,True,True
2024-04-11,gg,PR,ECB_20240411,ggm24_intraday-5min_historical-data-03-24-2026_clean.csv,2024-04-11T12:15:00+00:00,2024-04-11T12:10:00+00:00,2024-04-11T12:10:00+00:00,2024-04-11T12:20:00+00:00,2024-04-11T12:40:00+00:00,eligible,True,11,5,True,False,candidate_screen_only,True,True,True,True,True,True
2024-04-11,gg,PC,ECB_20240411,ggm24_intraday-5min_historical-data-03-24-2026_clean.csv,2024-04-11T12:45:00+00:00,2024-04-11T12:10:00+00:00,2024-04-11T12:40:00+00:00,2024-04-11T12:50:00+00:00,2024-04-11T13:30:00+00:00,eligible,True,11,9,False,False,candidate_screen_only,True,True,True,True,True,True
2024-04-11,hf,PR,ECB_20240411,hfm24_intraday-5min_historical-data-09-05-2026_clean.csv,2024-04-11T12:15:00+00:00,2024-04-11T12:10:00+00:00,2024-04-11T12:10:00+00:00,2024-04-11T12:20:00+00:00,2024-04-11T12:40:00+00:00,eligible,False,11,5,True,False,candidate_screen_only,True,True,True,True,True,True
2024-04-11,hf,PC,ECB_20240411,hfm24_intraday-5min_historical-data-09-05-2026_clean.csv,2024-04-11T12:45:00+00:00,2024-04-11T12:10:00+00:00,2024-04-11T12:40:00+00:00,2024-04-11T12:50:00+00:00,2024-04-11T13:30:00+00:00,eligible,False,11,9,False,False,candidate_screen_only,True,True,True,True,True,True
2024-04-11,hr,PR,ECB_20240411,hrm24_intraday-5min_historical-data-09-05-2026_clean.csv,2024-04-11T12:15:00+00:00,2024-04-11T12:10:00+00:00,2024-04-11T12:10:00+00:00,2024-04-11T12:20:00+00:00,2024-04-11T12:40:00+00:00,eligible,False,11,5,True,False,candidate_screen_only,True,True,True,True,True,True
2024-04-11,hr,PC,ECB_20240411,hrm24_intraday-5min_historical-data-09-05-2026_clean.csv,2024-04-11T12:45:00+00:00,2024-04-11T12:10:00+00:00,2024-04-11T12:40:00+00:00,2024-04-11T12:50:00+00:00,2024-04-11T13:30:00+00:00,eligible,False,11,9,False,False,candidate_screen_only,True,True,True,True,True,True
2024-06-06,fx,PR,ECB_20240606,fxm24_intraday-5min_historical-data-03-24-2026_clean.csv,2024-06-06T12:15:00+00:00,2024-06-06T12:10:00+00:00,2024-06-06T12:10:00+00:00,2024-06-06T12:20:00+00:00,2024-06-06T12:40:00+00:00,eligible,True,11,5,True,False,candidate_screen_only,True,True,True,True,True,True
2024-06-06,fx,PC,ECB_20240606,fxm24_intraday-5min_historical-data-03-24-2026_clean.csv,2024-06-06T12:45:00+00:00,2024-06-06T12:10:00+00:00,2024-06-06T12:40:00+00:00,2024-06-06T12:50:00+00:00,2024-06-06T13:30:00+00:00,eligible,True,11,9,False,False,candidate_screen_only,True,True,True,True,True,True
2024-06-06,gg,PR,ECB_20240606,ggu24_intraday-5min_historical-data-03-24-2026_clean.csv,2024-06-06T12:15:00+00:00,2024-06-06T12:10:00+00:00,2024-06-06T12:10:00+00:00,2024-06-06T12:20:00+00:00,2024-06-06T12:40:00+00:00,eligible,True,11,5,True,False,candidate_screen_only,True,True,True,True,True,True
2024-06-06,gg,PC,ECB_20240606,ggu24_intraday-5min_historical-data-03-24-2026_clean.csv,2024-06-06T12:45:00+00:00,2024-06-06T12:10:00+00:00,2024-06-06T12:40:00+00:00,2024-06-06T12:50:00+00:00,2024-06-06T13:30:00+00:00,eligible,True,11,9,False,False,candidate_screen_only,True,True,True,True,True,True
2024-06-06,hf,PR,ECB_20240606,hfu24_intraday-5min_historical-data-09-05-2026_clean.csv,2024-06-06T12:15:00+00:00,2024-06-06T12:10:00+00:00,2024-06-06T12:10:00+00:00,2024-06-06T12:20:00+00:00,2024-06-06T12:40:00+00:00,eligible,False,11,5,True,False,candidate_screen_only,True,True,True,True,True,True
2024-06-06,hf,PC,ECB_20240606,hfu24_intraday-5min_historical-data-09-05-2026_clean.csv,2024-06-06T12:45:00+00:00,2024-06-06T12:10:00+00:00,2024-06-06T12:40:00+00:00,2024-06-06T12:50:00+00:00,2024-06-06T13:30:00+00:00,eligible,False,11,9,False,False,candidate_screen_only,True,True,True,True,True,True
2024-06-06,hr,PR,ECB_20240606,hru24_intraday-5min_historical-data-09-05-2026_clean.csv,2024-06-06T12:15:00+00:00,2024-06-06T12:10:00+00:00,2024-06-06T12:10:00+00:00,2024-06-06T12:20:00+00:00,2024-06-06T12:40:00+00:00,eligible,False,11,5,True,False,candidate_screen_only,True,True,True,True,True,True
2024-06-06,hr,PC,ECB_20240606,hru24_intraday-5min_historical-data-09-05-2026_clean.csv,2024-06-06T12:45:00+00:00,2024-06-06T12:10:00+00:00,2024-06-06T12:40:00+00:00,2024-06-06T12:50:00+00:00,2024-06-06T13:30:00+00:00,eligible,False,11,9,False,False,candidate_screen_only,True,True,True,True,True,True
2024-07-18,fx,PR,ECB_20240718,fxu24_intraday-5min_historical-data-03-24-2026_clean.csv,2024-07-18T12:15:00+00:00,2024-07-18T12:10:00+00:00,2024-07-18T12:10:00+00:00,2024-07-18T12:20:00+00:00,2024-07-18T12:40:00+00:00,eligible,True,11,5,True,False,candidate_screen_only,True,True,True,True,True,True
2024-07-18,fx,PC,ECB_20240718,fxu24_intraday-5min_historical-data-03-24-2026_clean.csv,2024-07-18T12:45:00+00:00,2024-07-18T12:10:00+00:00,2024-07-18T12:40:00+00:00,2024-07-18T12:50:00+00:00,2024-07-18T13:30:00+00:00,eligible,True,11,9,False,False,candidate_screen_only,True,True,True,True,True,True
2024-07-18,gg,PR,ECB_20240718,ggu24_intraday-5min_historical-data-03-24-2026_clean.csv,2024-07-18T12:15:00+00:00,2024-07-18T12:10:00+00:00,2024-07-18T12:10:00+00:00,2024-07-18T12:20:00+00:00,2024-07-18T12:40:00+00:00,eligible,True,11,5,True,False,candidate_screen_only,True,True,True,True,True,True
2024-07-18,gg,PC,ECB_20240718,ggu24_intraday-5min_historical-data-03-24-2026_clean.csv,2024-07-18T12:45:00+00:00,2024-07-18T12:10:00+00:00,2024-07-18T12:40:00+00:00,2024-07-18T12:50:00+00:00,2024-07-18T13:30:00+00:00,eligible,True,11,9,False,False,candidate_screen_only,True,True,True,True,True,True
2024-07-18,hf,PR,ECB_20240718,hfu24_intraday-5min_historical-data-09-05-2026_clean.csv,2024-07-18T12:15:00+00:00,2024-07-18T12:10:00+00:00,2024-07-18T12:10:00+00:00,2024-07-18T12:20:00+00:00,2024-07-18T12:40:00+00:00,eligible,False,11,5,True,False,candidate_screen_only,True,True,True,True,True,True
2024-07-18,hf,PC,ECB_20240718,hfu24_intraday-5min_historical-data-09-05-2026_clean.csv,2024-07-18T12:45:00+00:00,2024-07-18T12:10:00+00:00,2024-07-18T12:40:00+00:00,2024-07-18T12:50:00+00:00,2024-07-18T13:30:00+00:00,eligible,False,11,9,False,False,candidate_screen_only,True,True,True,True,True,True
2024-07-18,hr,PR,ECB_20240718,hru24_intraday-5min_historical-data-09-05-2026_clean.csv,2024-07-18T12:15:00+00:00,2024-07-18T12:10:00+00:00,2024-07-18T12:10:00+00:00,2024-07-18T12:20:00+00:00,2024-07-18T12:40:00+00:00,eligible,False,11,5,True,False,candidate_screen_only,True,True,True,True,True,True
2024-07-18,hr,PC,ECB_20240718,hru24_intraday-5min_historical-data-09-05-2026_clean.csv,2024-07-18T12:45:00+00:00,2024-07-18T12:10:00+00:00,2024-07-18T12:40:00+00:00,2024-07-18T12:50:00+00:00,2024-07-18T13:30:00+00:00,eligible,False,11,9,False,False,candidate_screen_only,True,True,True,True,True,True
2024-09-12,fx,PR,ECB_20240912,fxu24_intraday-5min_historical-data-03-24-2026_clean.csv,2024-09-12T12:15:00+00:00,2024-09-12T12:10:00+00:00,2024-09-12T12:10:00+00:00,2024-09-12T12:20:00+00:00,2024-09-12T12:40:00+00:00,eligible,True,11,5,True,False,candidate_screen_only,True,True,True,True,True,True
2024-09-12,fx,PC,ECB_20240912,fxu24_intraday-5min_historical-data-03-24-2026_clean.csv,2024-09-12T12:45:00+00:00,2024-09-12T12:10:00+00:00,2024-09-12T12:40:00+00:00,2024-09-12T12:50:00+00:00,2024-09-12T13:30:00+00:00,eligible,True,11,9,False,False,candidate_screen_only,True,True,True,True,True,True
2024-09-12,gg,PR,ECB_20240912,ggz24_intraday-5min_historical-data-03-24-2026_clean.csv,2024-09-12T12:15:00+00:00,2024-09-12T12:10:00+00:00,2024-09-12T12:10:00+00:00,2024-09-12T12:20:00+00:00,2024-09-12T12:40:00+00:00,eligible,True,11,5,True,False,candidate_screen_only,True,True,True,True,True,True
2024-09-12,gg,PC,ECB_20240912,ggz24_intraday-5min_historical-data-03-24-2026_clean.csv,2024-09-12T12:45:00+00:00,2024-09-12T12:10:00+00:00,2024-09-12T12:40:00+00:00,2024-09-12T12:50:00+00:00,2024-09-12T13:30:00+00:00,eligible,True,11,9,False,False,candidate_screen_only,True,True,True,True,True,True
2024-09-12,hf,PR,ECB_20240912,hfz24_intraday-5min_historical-data-09-05-2026_clean.csv,2024-09-12T12:15:00+00:00,2024-09-12T12:10:00+00:00,2024-09-12T12:10:00+00:00,2024-09-12T12:20:00+00:00,2024-09-12T12:40:00+00:00,eligible,False,11,5,True,False,candidate_screen_only,True,True,True,True,True,True
2024-09-12,hf,PC,ECB_20240912,hfz24_intraday-5min_historical-data-09-05-2026_clean.csv,2024-09-12T12:45:00+00:00,2024-09-12T12:10:00+00:00,2024-09-12T12:40:00+00:00,2024-09-12T12:50:00+00:00,2024-09-12T13:30:00+00:00,eligible,False,11,9,False,False,candidate_screen_only,True,True,True,True,True,True
2024-09-12,hr,PR,ECB_20240912,hrz24_intraday-5min_historical-data-09-05-2026_clean.csv,2024-09-12T12:15:00+00:00,2024-09-12T12:10:00+00:00,2024-09-12T12:10:00+00:00,2024-09-12T12:20:00+00:00,2024-09-12T12:40:00+00:00,eligible,False,11,5,True,False,candidate_screen_only,True,True,True,True,True,True
2024-09-12,hr,PC,ECB_20240912,hrz24_intraday-5min_historical-data-09-05-2026_clean.csv,2024-09-12T12:45:00+00:00,2024-09-12T12:10:00+00:00,2024-09-12T12:40:00+00:00,2024-09-12T12:50:00+00:00,2024-09-12T13:30:00+00:00,eligible,False,11,9,False,False,candidate_screen_only,True,True,True,True,True,True
2024-10-17,fx,PR,ECB_20241017,fxz24_intraday-5min_historical-data-03-24-2026_clean.csv,2024-10-17T12:15:00+00:00,2024-10-17T12:10:00+00:00,2024-10-17T12:10:00+00:00,2024-10-17T12:20:00+00:00,2024-10-17T12:40:00+00:00,eligible,True,11,5,True,False,candidate_screen_only,True,True,True,True,True,True
2024-10-17,fx,PC,ECB_20241017,fxz24_intraday-5min_historical-data-03-24-2026_clean.csv,2024-10-17T12:45:00+00:00,2024-10-17T12:10:00+00:00,2024-10-17T12:40:00+00:00,2024-10-17T12:50:00+00:00,2024-10-17T13:30:00+00:00,eligible,True,11,9,False,False,candidate_screen_only,True,True,True,True,True,True
2024-10-17,gg,PR,ECB_20241017,ggz24_intraday-5min_historical-data-03-24-2026_clean.csv,2024-10-17T12:15:00+00:00,2024-10-17T12:10:00+00:00,2024-10-17T12:10:00+00:00,2024-10-17T12:20:00+00:00,2024-10-17T12:40:00+00:00,eligible,True,11,5,True,False,candidate_screen_only,True,True,True,True,True,True
2024-10-17,gg,PC,ECB_20241017,ggz24_intraday-5min_historical-data-03-24-2026_clean.csv,2024-10-17T12:45:00+00:00,2024-10-17T12:10:00+00:00,2024-10-17T12:40:00+00:00,2024-10-17T12:50:00+00:00,2024-10-17T13:30:00+00:00,eligible,True,11,9,False,False,candidate_screen_only,True,True,True,True,True,True
2024-10-17,hf,PR,ECB_20241017,hfz24_intraday-5min_historical-data-09-05-2026_clean.csv,2024-10-17T12:15:00+00:00,2024-10-17T12:10:00+00:00,2024-10-17T12:10:00+00:00,2024-10-17T12:20:00+00:00,2024-10-17T12:40:00+00:00,eligible,False,11,5,True,False,candidate_screen_only,True,True,True,True,True,True
2024-10-17,hf,PC,ECB_20241017,hfz24_intraday-5min_historical-data-09-05-2026_clean.csv,2024-10-17T12:45:00+00:00,2024-10-17T12:10:00+00:00,2024-10-17T12:40:00+00:00,2024-10-17T12:50:00+00:00,2024-10-17T13:30:00+00:00,eligible,False,11,9,False,False,candidate_screen_only,True,True,True,True,True,True
2024-10-17,hr,PR,ECB_20241017,hrz24_intraday-5min_historical-data-09-05-2026_clean.csv,2024-10-17T12:15:00+00:00,2024-10-17T12:10:00+00:00,2024-10-17T12:10:00+00:00,2024-10-17T12:20:00+00:00,2024-10-17T12:40:00+00:00,eligible,False,11,5,True,False,candidate_screen_only,True,True,True,True,True,True
2024-10-17,hr,PC,ECB_20241017,hrz24_intraday-5min_historical-data-09-05-2026_clean.csv,2024-10-17T12:45:00+00:00,2024-10-17T12:10:00+00:00,2024-10-17T12:40:00+00:00,2024-10-17T12:50:00+00:00,2024-10-17T13:30:00+00:00,eligible,False,11,9,False,False,candidate_screen_only,True,True,True,True,True,True
2024-12-12,fx,PR,ECB_20241212,fxz24_intraday-5min_historical-data-03-24-2026_clean.csv,2024-12-12T13:15:00+00:00,2024-12-12T13:10:00+00:00,2024-12-12T13:10:00+00:00,2024-12-12T13:20:00+00:00,2024-12-12T13:40:00+00:00,eligible,True,11,5,True,False,candidate_screen_only,True,True,True,True,True,True
2024-12-12,fx,PC,ECB_20241212,fxz24_intraday-5min_historical-data-03-24-2026_clean.csv,2024-12-12T13:45:00+00:00,2024-12-12T13:10:00+00:00,2024-12-12T13:40:00+00:00,2024-12-12T13:50:00+00:00,2024-12-12T14:30:00+00:00,eligible,True,11,9,False,False,candidate_screen_only,True,True,True,True,True,True
2024-12-12,gg,PR,ECB_20241212,ggh25_intraday-5min_historical-data-03-24-2026_clean.csv,2024-12-12T13:15:00+00:00,2024-12-12T13:10:00+00:00,2024-12-12T13:10:00+00:00,2024-12-12T13:20:00+00:00,2024-12-12T13:40:00+00:00,eligible,True,11,5,True,False,candidate_screen_only,True,True,True,True,True,True
2024-12-12,gg,PC,ECB_20241212,ggh25_intraday-5min_historical-data-03-24-2026_clean.csv,2024-12-12T13:45:00+00:00,2024-12-12T13:10:00+00:00,2024-12-12T13:40:00+00:00,2024-12-12T13:50:00+00:00,2024-12-12T14:30:00+00:00,eligible,True,11,9,False,False,candidate_screen_only,True,True,True,True,True,True
2024-12-12,hf,PR,ECB_20241212,hfh25_intraday-5min_historical-data-09-05-2026_clean.csv,2024-12-12T13:15:00+00:00,2024-12-12T13:10:00+00:00,2024-12-12T13:10:00+00:00,2024-12-12T13:20:00+00:00,2024-12-12T13:40:00+00:00,eligible,False,11,5,True,False,candidate_screen_only,True,True,True,True,True,True
2024-12-12,hf,PC,ECB_20241212,hfh25_intraday-5min_historical-data-09-05-2026_clean.csv,2024-12-12T13:45:00+00:00,2024-12-12T13:10:00+00:00,2024-12-12T13:40:00+00:00,2024-12-12T13:50:00+00:00,2024-12-12T14:30:00+00:00,eligible,False,11,9,False,False,candidate_screen_only,True,True,True,True,True,True
2024-12-12,hr,PR,ECB_20241212,hrh25_intraday-5min_historical-data-09-05-2026_clean.csv,2024-12-12T13:15:00+00:00,2024-12-12T13:10:00+00:00,2024-12-12T13:10:00+00:00,2024-12-12T13:20:00+00:00,2024-12-12T13:40:00+00:00,eligible,False,11,5,True,False,candidate_screen_only,True,True,True,True,True,True
2024-12-12,hr,PC,ECB_20241212,hrh25_intraday-5min_historical-data-09-05-2026_clean.csv,2024-12-12T13:45:00+00:00,2024-12-12T13:10:00+00:00,2024-12-12T13:40:00+00:00,2024-12-12T13:50:00+00:00,2024-12-12T14:30:00+00:00,eligible,False,11,9,False,False,candidate_screen_only,True,True,True,True,True,True
2025-01-30,fx,PR,ECB_20250130,fxh25_intraday-5min_historical-data-03-24-2026_clean.csv,2025-01-30T13:15:00+00:00,2025-01-30T13:10:00+00:00,2025-01-30T13:10:00+00:00,2025-01-30T13:20:00+00:00,2025-01-30T13:40:00+00:00,eligible,True,11,5,True,False,candidate_screen_only,True,True,True,True,True,True
2025-01-30,fx,PC,ECB_20250130,fxh25_intraday-5min_historical-data-03-24-2026_clean.csv,2025-01-30T13:45:00+00:00,2025-01-30T13:10:00+00:00,2025-01-30T13:40:00+00:00,2025-01-30T13:50:00+00:00,2025-01-30T14:30:00+00:00,eligible,True,11,9,False,False,candidate_screen_only,True,True,True,True,True,True
2025-01-30,gg,PR,ECB_20250130,ggh25_intraday-5min_historical-data-03-24-2026_clean.csv,2025-01-30T13:15:00+00:00,2025-01-30T13:10:00+00:00,2025-01-30T13:10:00+00:00,2025-01-30T13:20:00+00:00,2025-01-30T13:40:00+00:00,eligible,True,11,5,True,False,candidate_screen_only,True,True,True,True,True,True
2025-01-30,gg,PC,ECB_20250130,ggh25_intraday-5min_historical-data-03-24-2026_clean.csv,2025-01-30T13:45:00+00:00,2025-01-30T13:10:00+00:00,2025-01-30T13:40:00+00:00,2025-01-30T13:50:00+00:00,2025-01-30T14:30:00+00:00,eligible,True,11,9,False,False,candidate_screen_only,True,True,True,True,True,True
2025-01-30,hf,PR,ECB_20250130,hfh25_intraday-5min_historical-data-09-05-2026_clean.csv,2025-01-30T13:15:00+00:00,2025-01-30T13:10:00+00:00,2025-01-30T13:10:00+00:00,2025-01-30T13:20:00+00:00,2025-01-30T13:40:00+00:00,eligible,False,11,5,True,False,candidate_screen_only,True,True,True,True,False,True
2025-01-30,hf,PC,ECB_20250130,hfh25_intraday-5min_historical-data-09-05-2026_clean.csv,2025-01-30T13:45:00+00:00,2025-01-30T13:10:00+00:00,2025-01-30T13:40:00+00:00,2025-01-30T13:50:00+00:00,2025-01-30T14:30:00+00:00,eligible,False,11,9,False,False,candidate_screen_only,True,True,True,True,True,True
2025-01-30,hr,PR,ECB_20250130,hrh25_intraday-5min_historical-data-09-05-2026_clean.csv,2025-01-30T13:15:00+00:00,2025-01-30T13:10:00+00:00,2025-01-30T13:10:00+00:00,2025-01-30T13:20:00+00:00,2025-01-30T13:40:00+00:00,eligible,False,11,5,True,False,candidate_screen_only,True,True,True,True,True,True
2025-01-30,hr,PC,ECB_20250130,hrh25_intraday-5min_historical-data-09-05-2026_clean.csv,2025-01-30T13:45:00+00:00,2025-01-30T13:10:00+00:00,2025-01-30T13:40:00+00:00,2025-01-30T13:50:00+00:00,2025-01-30T14:30:00+00:00,eligible,False,11,9,False,False,candidate_screen_only,True,True,True,True,True,True
2025-03-06,fx,PR,ECB_20250306,fxh25_intraday-5min_historical-data-03-24-2026_clean.csv,2025-03-06T13:15:00+00:00,2025-03-06T13:10:00+00:00,2025-03-06T13:10:00+00:00,2025-03-06T13:20:00+00:00,2025-03-06T13:40:00+00:00,eligible,True,11,5,True,False,candidate_screen_only,True,True,True,True,True,True
2025-03-06,fx,PC,ECB_20250306,fxh25_intraday-5min_historical-data-03-24-2026_clean.csv,2025-03-06T13:45:00+00:00,2025-03-06T13:10:00+00:00,2025-03-06T13:40:00+00:00,2025-03-06T13:50:00+00:00,2025-03-06T14:30:00+00:00,eligible,True,11,9,False,False,candidate_screen_only,True,True,True,True,True,True
2025-03-06,gg,PR,ECB_20250306,ggm25_intraday-5min_historical-data-03-24-2026_clean.csv,2025-03-06T13:15:00+00:00,2025-03-06T13:10:00+00:00,2025-03-06T13:10:00+00:00,2025-03-06T13:20:00+00:00,2025-03-06T13:40:00+00:00,eligible,True,11,5,True,False,candidate_screen_only,True,True,True,True,True,True
2025-03-06,gg,PC,ECB_20250306,ggm25_intraday-5min_historical-data-03-24-2026_clean.csv,2025-03-06T13:45:00+00:00,2025-03-06T13:10:00+00:00,2025-03-06T13:40:00+00:00,2025-03-06T13:50:00+00:00,2025-03-06T14:30:00+00:00,eligible,True,11,9,False,False,candidate_screen_only,True,True,True,True,True,True
2025-03-06,hf,PR,ECB_20250306,hfm25_intraday-5min_historical-data-09-05-2026_clean.csv,2025-03-06T13:15:00+00:00,2025-03-06T13:10:00+00:00,2025-03-06T13:10:00+00:00,2025-03-06T13:20:00+00:00,2025-03-06T13:40:00+00:00,eligible,False,11,5,True,False,candidate_screen_only,True,True,True,True,True,True
2025-03-06,hf,PC,ECB_20250306,hfm25_intraday-5min_historical-data-09-05-2026_clean.csv,2025-03-06T13:45:00+00:00,2025-03-06T13:10:00+00:00,2025-03-06T13:40:00+00:00,2025-03-06T13:50:00+00:00,2025-03-06T14:30:00+00:00,eligible,False,11,9,False,False,candidate_screen_only,True,True,True,True,True,True
2025-03-06,hr,PR,ECB_20250306,hrm25_intraday-5min_historical-data-09-05-2026_clean.csv,2025-03-06T13:15:00+00:00,2025-03-06T13:10:00+00:00,2025-03-06T13:10:00+00:00,2025-03-06T13:20:00+00:00,2025-03-06T13:40:00+00:00,eligible,False,11,5,True,False,candidate_screen_only,True,True,True,True,True,True
2025-03-06,hr,PC,ECB_20250306,hrm25_intraday-5min_historical-data-09-05-2026_clean.csv,2025-03-06T13:45:00+00:00,2025-03-06T13:10:00+00:00,2025-03-06T13:40:00+00:00,2025-03-06T13:50:00+00:00,2025-03-06T14:30:00+00:00,eligible,False,11,9,False,False,candidate_screen_only,True,True,True,True,True,True
2025-04-17,fx,PR,ECB_20250417,fxm25_intraday-5min_historical-data-03-24-2026_clean.csv,2025-04-17T12:15:00+00:00,2025-04-17T12:10:00+00:00,2025-04-17T12:10:00+00:00,2025-04-17T12:20:00+00:00,2025-04-17T12:40:00+00:00,eligible,True,11,5,True,False,candidate_screen_only,True,True,True,True,True,True
2025-04-17,fx,PC,ECB_20250417,fxm25_intraday-5min_historical-data-03-24-2026_clean.csv,2025-04-17T12:45:00+00:00,2025-04-17T12:10:00+00:00,2025-04-17T12:40:00+00:00,2025-04-17T12:50:00+00:00,2025-04-17T13:30:00+00:00,eligible,True,11,9,False,False,candidate_screen_only,True,True,True,True,True,True
2025-04-17,gg,PR,ECB_20250417,ggm25_intraday-5min_historical-data-03-24-2026_clean.csv,2025-04-17T12:15:00+00:00,2025-04-17T12:10:00+00:00,2025-04-17T12:10:00+00:00,2025-04-17T12:20:00+00:00,2025-04-17T12:40:00+00:00,eligible,True,11,5,True,False,candidate_screen_only,True,True,True,True,True,True
2025-04-17,gg,PC,ECB_20250417,ggm25_intraday-5min_historical-data-03-24-2026_clean.csv,2025-04-17T12:45:00+00:00,2025-04-17T12:10:00+00:00,2025-04-17T12:40:00+00:00,2025-04-17T12:50:00+00:00,2025-04-17T13:30:00+00:00,eligible,True,11,9,False,False,candidate_screen_only,True,True,True,True,True,True
2025-04-17,hf,PR,ECB_20250417,hfm25_intraday-5min_historical-data-09-05-2026_clean.csv,2025-04-17T12:15:00+00:00,2025-04-17T12:10:00+00:00,2025-04-17T12:10:00+00:00,2025-04-17T12:20:00+00:00,2025-04-17T12:40:00+00:00,eligible,False,11,5,True,False,candidate_screen_only,True,True,True,True,True,True
2025-04-17,hf,PC,ECB_20250417,hfm25_intraday-5min_historical-data-09-05-2026_clean.csv,2025-04-17T12:45:00+00:00,2025-04-17T12:10:00+00:00,2025-04-17T12:40:00+00:00,2025-04-17T12:50:00+00:00,2025-04-17T13:30:00+00:00,eligible,False,11,9,False,False,candidate_screen_only,True,True,True,True,True,True
2025-04-17,hr,PR,ECB_20250417,hrm25_intraday-5min_historical-data-09-05-2026_clean.csv,2025-04-17T12:15:00+00:00,2025-04-17T12:10:00+00:00,2025-04-17T12:10:00+00:00,2025-04-17T12:20:00+00:00,2025-04-17T12:40:00+00:00,eligible,False,11,5,True,False,candidate_screen_only,True,True,True,True,True,True
2025-04-17,hr,PC,ECB_20250417,hrm25_intraday-5min_historical-data-09-05-2026_clean.csv,2025-04-17T12:45:00+00:00,2025-04-17T12:10:00+00:00,2025-04-17T12:40:00+00:00,2025-04-17T12:50:00+00:00,2025-04-17T13:30:00+00:00,eligible,False,11,9,False,False,candidate_screen_only,True,True,True,True,True,True
2025-06-05,fx,PR,ECB_20250605,fxm25_intraday-5min_historical-data-03-24-2026_clean.csv,2025-06-05T12:15:00+00:00,2025-06-05T12:10:00+00:00,2025-06-05T12:10:00+00:00,2025-06-05T12:20:00+00:00,2025-06-05T12:40:00+00:00,eligible,True,11,5,True,False,candidate_screen_only,True,True,True,True,True,True
2025-06-05,fx,PC,ECB_20250605,fxm25_intraday-5min_historical-data-03-24-2026_clean.csv,2025-06-05T12:45:00+00:00,2025-06-05T12:10:00+00:00,2025-06-05T12:40:00+00:00,2025-06-05T12:50:00+00:00,2025-06-05T13:30:00+00:00,eligible,True,11,9,False,False,candidate_screen_only,True,True,True,True,True,True
2025-06-05,gg,PR,ECB_20250605,ggu25_intraday-5min_historical-data-03-24-2026_clean.csv,2025-06-05T12:15:00+00:00,2025-06-05T12:10:00+00:00,2025-06-05T12:10:00+00:00,2025-06-05T12:20:00+00:00,2025-06-05T12:40:00+00:00,eligible,True,11,5,True,False,candidate_screen_only,True,True,True,True,True,True
2025-06-05,gg,PC,ECB_20250605,ggu25_intraday-5min_historical-data-03-24-2026_clean.csv,2025-06-05T12:45:00+00:00,2025-06-05T12:10:00+00:00,2025-06-05T12:40:00+00:00,2025-06-05T12:50:00+00:00,2025-06-05T13:30:00+00:00,eligible,True,11,9,False,False,candidate_screen_only,True,True,True,True,True,True
2025-06-05,hf,PR,ECB_20250605,hfu25_intraday-5min_historical-data-09-05-2026_clean.csv,2025-06-05T12:15:00+00:00,2025-06-05T12:10:00+00:00,2025-06-05T12:10:00+00:00,2025-06-05T12:20:00+00:00,2025-06-05T12:40:00+00:00,eligible,False,11,5,True,False,candidate_screen_only,True,True,True,True,True,True
2025-06-05,hf,PC,ECB_20250605,hfu25_intraday-5min_historical-data-09-05-2026_clean.csv,2025-06-05T12:45:00+00:00,2025-06-05T12:10:00+00:00,2025-06-05T12:40:00+00:00,2025-06-05T12:50:00+00:00,2025-06-05T13:30:00+00:00,eligible,False,11,9,False,False,candidate_screen_only,True,True,True,True,True,True
2025-06-05,hr,PR,ECB_20250605,hru25_intraday-5min_historical-data-09-05-2026_clean.csv,2025-06-05T12:15:00+00:00,2025-06-05T12:10:00+00:00,2025-06-05T12:10:00+00:00,2025-06-05T12:20:00+00:00,2025-06-05T12:40:00+00:00,eligible,False,11,5,True,False,candidate_screen_only,True,True,True,True,True,True
2025-06-05,hr,PC,ECB_20250605,hru25_intraday-5min_historical-data-09-05-2026_clean.csv,2025-06-05T12:45:00+00:00,2025-06-05T12:10:00+00:00,2025-06-05T12:40:00+00:00,2025-06-05T12:50:00+00:00,2025-06-05T13:30:00+00:00,eligible,False,11,9,False,False,candidate_screen_only,True,True,True,True,True,True
2025-07-24,fx,PR,ECB_20250724,fxu25_intraday-5min_historical-data-03-24-2026_clean.csv,2025-07-24T12:15:00+00:00,2025-07-24T12:10:00+00:00,2025-07-24T12:10:00+00:00,2025-07-24T12:20:00+00:00,2025-07-24T12:40:00+00:00,eligible,True,11,5,True,False,candidate_screen_only,True,True,True,True,True,True
2025-07-24,fx,PC,ECB_20250724,fxu25_intraday-5min_historical-data-03-24-2026_clean.csv,2025-07-24T12:45:00+00:00,2025-07-24T12:10:00+00:00,2025-07-24T12:40:00+00:00,2025-07-24T12:50:00+00:00,2025-07-24T13:30:00+00:00,eligible,True,11,9,False,False,candidate_screen_only,True,True,True,True,True,True
2025-07-24,gg,PR,ECB_20250724,ggu25_intraday-5min_historical-data-03-24-2026_clean.csv,2025-07-24T12:15:00+00:00,2025-07-24T12:10:00+00:00,2025-07-24T12:10:00+00:00,2025-07-24T12:20:00+00:00,2025-07-24T12:40:00+00:00,eligible,True,11,5,True,False,candidate_screen_only,True,True,True,True,True,True
2025-07-24,gg,PC,ECB_20250724,ggu25_intraday-5min_historical-data-03-24-2026_clean.csv,2025-07-24T12:45:00+00:00,2025-07-24T12:10:00+00:00,2025-07-24T12:40:00+00:00,2025-07-24T12:50:00+00:00,2025-07-24T13:30:00+00:00,eligible,True,11,9,False,False,candidate_screen_only,True,True,True,True,True,True
2025-07-24,hf,PR,ECB_20250724,hfu25_intraday-5min_historical-data-09-05-2026_clean.csv,2025-07-24T12:15:00+00:00,2025-07-24T12:10:00+00:00,2025-07-24T12:10:00+00:00,2025-07-24T12:20:00+00:00,2025-07-24T12:40:00+00:00,eligible,False,11,5,True,False,candidate_screen_only,True,True,True,True,True,True
2025-07-24,hf,PC,ECB_20250724,hfu25_intraday-5min_historical-data-09-05-2026_clean.csv,2025-07-24T12:45:00+00:00,2025-07-24T12:10:00+00:00,2025-07-24T12:40:00+00:00,2025-07-24T12:50:00+00:00,2025-07-24T13:30:00+00:00,eligible,False,11,9,False,False,candidate_screen_only,True,True,True,True,True,True
2025-07-24,hr,PR,ECB_20250724,hru25_intraday-5min_historical-data-09-05-2026_clean.csv,2025-07-24T12:15:00+00:00,2025-07-24T12:10:00+00:00,2025-07-24T12:10:00+00:00,2025-07-24T12:20:00+00:00,2025-07-24T12:40:00+00:00,eligible,False,11,5,True,False,candidate_screen_only,True,True,True,True,True,True
2025-07-24,hr,PC,ECB_20250724,hru25_intraday-5min_historical-data-09-05-2026_clean.csv,2025-07-24T12:45:00+00:00,2025-07-24T12:10:00+00:00,2025-07-24T12:40:00+00:00,2025-07-24T12:50:00+00:00,2025-07-24T13:30:00+00:00,eligible,False,11,9,False,False,candidate_screen_only,True,True,True,True,True,True
2025-09-11,fx,PR,ECB_20250911,fxu25_intraday-5min_historical-data-03-24-2026_clean.csv,2025-09-11T12:15:00+00:00,2025-09-11T12:10:00+00:00,2025-09-11T12:10:00+00:00,2025-09-11T12:20:00+00:00,2025-09-11T12:40:00+00:00,eligible,True,11,5,True,False,candidate_screen_only,True,True,True,True,True,True
2025-09-11,fx,PC,ECB_20250911,fxu25_intraday-5min_historical-data-03-24-2026_clean.csv,2025-09-11T12:45:00+00:00,2025-09-11T12:10:00+00:00,2025-09-11T12:40:00+00:00,2025-09-11T12:50:00+00:00,2025-09-11T13:30:00+00:00,eligible,True,11,9,False,False,candidate_screen_only,True,True,True,True,True,True
2025-09-11,gg,PR,ECB_20250911,ggz25_intraday-5min_historical-data-03-24-2026_clean.csv,2025-09-11T12:15:00+00:00,2025-09-11T12:10:00+00:00,2025-09-11T12:10:00+00:00,2025-09-11T12:20:00+00:00,2025-09-11T12:40:00+00:00,eligible,True,11,5,True,False,candidate_screen_only,True,True,True,True,True,True
2025-09-11,gg,PC,ECB_20250911,ggz25_intraday-5min_historical-data-03-24-2026_clean.csv,2025-09-11T12:45:00+00:00,2025-09-11T12:10:00+00:00,2025-09-11T12:40:00+00:00,2025-09-11T12:50:00+00:00,2025-09-11T13:30:00+00:00,eligible,True,11,9,False,False,candidate_screen_only,True,True,True,True,True,True
2025-09-11,hf,PR,ECB_20250911,hfz25_intraday-5min_historical-data-09-05-2026_clean.csv,2025-09-11T12:15:00+00:00,2025-09-11T12:10:00+00:00,2025-09-11T12:10:00+00:00,2025-09-11T12:20:00+00:00,2025-09-11T12:40:00+00:00,eligible,False,11,5,True,False,candidate_screen_only,True,True,True,True,True,True
2025-09-11,hf,PC,ECB_20250911,hfz25_intraday-5min_historical-data-09-05-2026_clean.csv,2025-09-11T12:45:00+00:00,2025-09-11T12:10:00+00:00,2025-09-11T12:40:00+00:00,2025-09-11T12:50:00+00:00,2025-09-11T13:30:00+00:00,eligible,False,11,9,False,False,candidate_screen_only,True,True,True,True,True,True
2025-09-11,hr,PR,ECB_20250911,hrz25_intraday-5min_historical-data-09-05-2026_clean.csv,2025-09-11T12:15:00+00:00,2025-09-11T12:10:00+00:00,2025-09-11T12:10:00+00:00,2025-09-11T12:20:00+00:00,2025-09-11T12:40:00+00:00,eligible,False,11,5,True,False,candidate_screen_only,True,True,True,True,True,True
2025-09-11,hr,PC,ECB_20250911,hrz25_intraday-5min_historical-data-09-05-2026_clean.csv,2025-09-11T12:45:00+00:00,2025-09-11T12:10:00+00:00,2025-09-11T12:40:00+00:00,2025-09-11T12:50:00+00:00,2025-09-11T13:30:00+00:00,eligible,False,11,9,False,False,candidate_screen_only,True,True,True,True,True,True
2025-10-30,fx,PR,ECB_20251030,fxz25_intraday-5min_historical-data-03-24-2026_clean.csv,2025-10-30T13:15:00+00:00,2025-10-30T13:10:00+00:00,2025-10-30T13:10:00+00:00,2025-10-30T13:20:00+00:00,2025-10-30T13:40:00+00:00,eligible,True,11,5,False,False,candidate_screen_only,True,True,True,True,True,True
2025-10-30,fx,PC,ECB_20251030,fxz25_intraday-5min_historical-data-03-24-2026_clean.csv,2025-10-30T13:45:00+00:00,2025-10-30T13:10:00+00:00,2025-10-30T13:40:00+00:00,2025-10-30T13:50:00+00:00,2025-10-30T14:30:00+00:00,eligible,True,11,9,False,False,candidate_screen_only,True,True,True,True,True,True
2025-10-30,gg,PR,ECB_20251030,ggz25_intraday-5min_historical-data-03-24-2026_clean.csv,2025-10-30T13:15:00+00:00,2025-10-30T13:10:00+00:00,2025-10-30T13:10:00+00:00,2025-10-30T13:20:00+00:00,2025-10-30T13:40:00+00:00,eligible,True,11,5,False,False,candidate_screen_only,True,True,True,True,True,True
2025-10-30,gg,PC,ECB_20251030,ggz25_intraday-5min_historical-data-03-24-2026_clean.csv,2025-10-30T13:45:00+00:00,2025-10-30T13:10:00+00:00,2025-10-30T13:40:00+00:00,2025-10-30T13:50:00+00:00,2025-10-30T14:30:00+00:00,eligible,True,11,9,False,False,candidate_screen_only,True,True,True,True,True,True
2025-10-30,hf,PR,ECB_20251030,hfz25_intraday-5min_historical-data-09-05-2026_clean.csv,2025-10-30T13:15:00+00:00,2025-10-30T13:10:00+00:00,2025-10-30T13:10:00+00:00,2025-10-30T13:20:00+00:00,2025-10-30T13:40:00+00:00,eligible,False,11,5,False,False,candidate_screen_only,True,True,True,True,False,True
2025-10-30,hf,PC,ECB_20251030,hfz25_intraday-5min_historical-data-09-05-2026_clean.csv,2025-10-30T13:45:00+00:00,2025-10-30T13:10:00+00:00,2025-10-30T13:40:00+00:00,2025-10-30T13:50:00+00:00,2025-10-30T14:30:00+00:00,eligible,False,11,9,False,False,candidate_screen_only,True,True,True,True,True,True
2025-10-30,hr,PR,ECB_20251030,hrz25_intraday-5min_historical-data-09-05-2026_clean.csv,2025-10-30T13:15:00+00:00,2025-10-30T13:10:00+00:00,2025-10-30T13:10:00+00:00,2025-10-30T13:20:00+00:00,2025-10-30T13:40:00+00:00,eligible,False,11,5,False,False,candidate_screen_only,True,True,True,True,False,True
2025-10-30,hr,PC,ECB_20251030,hrz25_intraday-5min_historical-data-09-05-2026_clean.csv,2025-10-30T13:45:00+00:00,2025-10-30T13:10:00+00:00,2025-10-30T13:40:00+00:00,2025-10-30T13:50:00+00:00,2025-10-30T14:30:00+00:00,eligible,False,11,9,False,False,candidate_screen_only,True,True,True,True,True,True
2025-12-18,fx,PR,ECB_20251218,fxh26_intraday-5min_historical-data-09-05-2026_clean.csv,2025-12-18T13:15:00+00:00,2025-12-18T13:10:00+00:00,2025-12-18T13:10:00+00:00,2025-12-18T13:20:00+00:00,2025-12-18T13:40:00+00:00,eligible,True,11,5,True,False,candidate_screen_only,True,True,False,False,True,True
2025-12-18,fx,PC,ECB_20251218,fxh26_intraday-5min_historical-data-09-05-2026_clean.csv,2025-12-18T13:45:00+00:00,2025-12-18T13:10:00+00:00,2025-12-18T13:40:00+00:00,2025-12-18T13:50:00+00:00,2025-12-18T14:30:00+00:00,eligible,True,11,9,False,False,candidate_screen_only,True,True,False,False,True,True
2025-12-18,gg,PR,ECB_20251218,ggh26_intraday-5min_historical-data-09-05-2026_clean.csv,2025-12-18T13:15:00+00:00,2025-12-18T13:10:00+00:00,2025-12-18T13:10:00+00:00,2025-12-18T13:20:00+00:00,2025-12-18T13:40:00+00:00,eligible,True,11,5,True,False,candidate_screen_only,True,True,False,False,True,True
2025-12-18,gg,PC,ECB_20251218,ggh26_intraday-5min_historical-data-09-05-2026_clean.csv,2025-12-18T13:45:00+00:00,2025-12-18T13:10:00+00:00,2025-12-18T13:40:00+00:00,2025-12-18T13:50:00+00:00,2025-12-18T14:30:00+00:00,eligible,True,11,9,False,False,candidate_screen_only,True,True,False,False,True,True
2025-12-18,hf,PR,ECB_20251218,hfh26_intraday-5min_historical-data-09-05-2026_clean.csv,2025-12-18T13:15:00+00:00,2025-12-18T13:10:00+00:00,2025-12-18T13:10:00+00:00,2025-12-18T13:20:00+00:00,2025-12-18T13:40:00+00:00,eligible,False,11,5,True,False,candidate_screen_only,True,True,False,False,True,True
2025-12-18,hf,PC,ECB_20251218,hfh26_intraday-5min_historical-data-09-05-2026_clean.csv,2025-12-18T13:45:00+00:00,2025-12-18T13:10:00+00:00,2025-12-18T13:40:00+00:00,2025-12-18T13:50:00+00:00,2025-12-18T14:30:00+00:00,eligible,False,11,9,False,False,candidate_screen_only,True,True,False,False,True,True
2025-12-18,hr,PR,ECB_20251218,hrh26_intraday-5min_historical-data-09-05-2026_clean.csv,2025-12-18T13:15:00+00:00,2025-12-18T13:10:00+00:00,2025-12-18T13:10:00+00:00,2025-12-18T13:20:00+00:00,2025-12-18T13:40:00+00:00,eligible,False,11,5,True,False,candidate_screen_only,True,True,False,False,True,True
2025-12-18,hr,PC,ECB_20251218,hrh26_intraday-5min_historical-data-09-05-2026_clean.csv,2025-12-18T13:45:00+00:00,2025-12-18T13:10:00+00:00,2025-12-18T13:40:00+00:00,2025-12-18T13:50:00+00:00,2025-12-18T14:30:00+00:00,eligible,False,11,9,False,False,candidate_screen_only,True,True,False,False,True,True
2026-02-05,fx,PR,ECB_20260205,fxh26_intraday-5min_historical-data-09-05-2026_clean.csv,2026-02-05T13:15:00+00:00,2026-02-05T13:10:00+00:00,2026-02-05T13:10:00+00:00,2026-02-05T13:20:00+00:00,2026-02-05T13:40:00+00:00,eligible,True,11,5,True,False,candidate_screen_only,True,True,False,False,True,True
2026-02-05,fx,PC,ECB_20260205,fxh26_intraday-5min_historical-data-09-05-2026_clean.csv,2026-02-05T13:45:00+00:00,2026-02-05T13:10:00+00:00,2026-02-05T13:40:00+00:00,2026-02-05T13:50:00+00:00,2026-02-05T14:30:00+00:00,eligible,True,11,9,False,False,candidate_screen_only,True,True,False,False,True,True
2026-02-05,gg,PR,ECB_20260205,ggh26_intraday-5min_historical-data-09-05-2026_clean.csv,2026-02-05T13:15:00+00:00,2026-02-05T13:10:00+00:00,2026-02-05T13:10:00+00:00,2026-02-05T13:20:00+00:00,2026-02-05T13:40:00+00:00,eligible,True,11,5,True,False,candidate_screen_only,True,True,False,False,True,True
2026-02-05,gg,PC,ECB_20260205,ggh26_intraday-5min_historical-data-09-05-2026_clean.csv,2026-02-05T13:45:00+00:00,2026-02-05T13:10:00+00:00,2026-02-05T13:40:00+00:00,2026-02-05T13:50:00+00:00,2026-02-05T14:30:00+00:00,eligible,True,11,9,False,False,candidate_screen_only,True,True,False,False,True,True
2026-02-05,hf,PR,ECB_20260205,hfh26_intraday-5min_historical-data-09-05-2026_clean.csv,2026-02-05T13:15:00+00:00,2026-02-05T13:10:00+00:00,2026-02-05T13:10:00+00:00,2026-02-05T13:20:00+00:00,2026-02-05T13:40:00+00:00,eligible,False,11,5,True,False,candidate_screen_only,True,True,False,False,True,True
2026-02-05,hf,PC,ECB_20260205,hfh26_intraday-5min_historical-data-09-05-2026_clean.csv,2026-02-05T13:45:00+00:00,2026-02-05T13:10:00+00:00,2026-02-05T13:40:00+00:00,2026-02-05T13:50:00+00:00,2026-02-05T14:30:00+00:00,eligible,False,11,9,False,False,candidate_screen_only,True,True,False,False,False,True
2026-02-05,hr,PR,ECB_20260205,hrh26_intraday-5min_historical-data-09-05-2026_clean.csv,2026-02-05T13:15:00+00:00,2026-02-05T13:10:00+00:00,2026-02-05T13:10:00+00:00,2026-02-05T13:20:00+00:00,2026-02-05T13:40:00+00:00,eligible,False,11,5,True,False,candidate_screen_only,True,True,False,False,True,True
2026-02-05,hr,PC,ECB_20260205,hrh26_intraday-5min_historical-data-09-05-2026_clean.csv,2026-02-05T13:45:00+00:00,2026-02-05T13:10:00+00:00,2026-02-05T13:40:00+00:00,2026-02-05T13:50:00+00:00,2026-02-05T14:30:00+00:00,eligible,False,11,9,False,False,candidate_screen_only,True,True,False,False,True,True
2026-03-19,fx,PR,ECB_20260319,fxm26_intraday-5min_historical-data-09-05-2026_clean.csv,2026-03-19T13:15:00+00:00,2026-03-19T13:10:00+00:00,2026-03-19T13:10:00+00:00,2026-03-19T13:20:00+00:00,2026-03-19T13:40:00+00:00,eligible,True,11,5,False,False,candidate_screen_only,True,True,False,False,True,True
2026-03-19,fx,PC,ECB_20260319,fxm26_intraday-5min_historical-data-09-05-2026_clean.csv,2026-03-19T13:45:00+00:00,2026-03-19T13:10:00+00:00,2026-03-19T13:40:00+00:00,2026-03-19T13:50:00+00:00,2026-03-19T14:30:00+00:00,eligible,True,11,9,False,False,candidate_screen_only,True,True,False,False,True,True
2026-03-19,gg,PR,ECB_20260319,ggm26_intraday-5min_historical-data-09-05-2026_clean.csv,2026-03-19T13:15:00+00:00,2026-03-19T13:10:00+00:00,2026-03-19T13:10:00+00:00,2026-03-19T13:20:00+00:00,2026-03-19T13:40:00+00:00,eligible,True,11,5,False,False,candidate_screen_only,True,True,False,False,True,True
2026-03-19,gg,PC,ECB_20260319,ggm26_intraday-5min_historical-data-09-05-2026_clean.csv,2026-03-19T13:45:00+00:00,2026-03-19T13:10:00+00:00,2026-03-19T13:40:00+00:00,2026-03-19T13:50:00+00:00,2026-03-19T14:30:00+00:00,eligible,True,11,9,False,False,candidate_screen_only,True,True,False,False,True,True
2026-03-19,hf,PR,ECB_20260319,hfm26_intraday-5min_historical-data-09-05-2026_clean.csv,2026-03-19T13:15:00+00:00,2026-03-19T13:10:00+00:00,2026-03-19T13:10:00+00:00,2026-03-19T13:20:00+00:00,2026-03-19T13:40:00+00:00,eligible,False,11,5,False,False,candidate_screen_only,True,True,False,False,True,True
2026-03-19,hf,PC,ECB_20260319,hfm26_intraday-5min_historical-data-09-05-2026_clean.csv,2026-03-19T13:45:00+00:00,2026-03-19T13:10:00+00:00,2026-03-19T13:40:00+00:00,2026-03-19T13:50:00+00:00,2026-03-19T14:30:00+00:00,eligible,False,11,9,False,False,candidate_screen_only,True,True,False,False,True,True
2026-03-19,hr,PR,ECB_20260319,hrm26_intraday-5min_historical-data-09-05-2026_clean.csv,2026-03-19T13:15:00+00:00,2026-03-19T13:10:00+00:00,2026-03-19T13:10:00+00:00,2026-03-19T13:20:00+00:00,2026-03-19T13:40:00+00:00,eligible,False,11,5,False,False,candidate_screen_only,True,True,False,False,True,True
2026-03-19,hr,PC,ECB_20260319,hrm26_intraday-5min_historical-data-09-05-2026_clean.csv,2026-03-19T13:45:00+00:00,2026-03-19T13:10:00+00:00,2026-03-19T13:40:00+00:00,2026-03-19T13:50:00+00:00,2026-03-19T14:30:00+00:00,eligible,False,11,9,False,False,candidate_screen_only,True,True,False,False,True,True
