event_date,release_utc,decision,primary,time_source,statement_url,market_status,review_reasons,verification_status,reviewer,reviewed_on,reviewer_note,rule
2008-12-16,2008-12-16T19:15:00+00:00,include_primary,True,regular_schedule,https://www.federalreserve.gov/newsevents/press/monetary/20081216b.htm,reaction_only_after_release_bar,market_timing_disagreement,verified,"Pinna, F.",2026-09-29,"Release at 2:15 p.m. ET, stated in the minutes of the meeting; the market reaction extends into the following five-minute bars, which does not justify moving the anchor.","Dates from the Board's FOMC calendar pages. Release times from the statement or press-conference page, otherwise from the regular schedule documented in the Board's release of 13 March 2013; flagged dates checked against the minutes of each meeting, which prevail over conflicting press-conference pages. Anchors are never set from the market reaction. Event perimeter: FOMC decisions on the policy rate, forward guidance and asset purchases; statements devoted exclusively to swap lines excluded."
2009-01-28,2009-01-28T19:15:00+00:00,include_primary,True,regular_schedule,https://www.federalreserve.gov/newsevents/press/monetary/20090128a.htm,no_visible_reaction,,verified,"Pinna, F.",2026-09-29,"promoted in bulk: time from page evidence, or from the documented regular schedule and not contradicted by the market","Dates from the Board's FOMC calendar pages. Release times from the statement or press-conference page, otherwise from the regular schedule documented in the Board's release of 13 March 2013; flagged dates checked against the minutes of each meeting, which prevail over conflicting press-conference pages. Anchors are never set from the market reaction. Event perimeter: FOMC decisions on the policy rate, forward guidance and asset purchases; statements devoted exclusively to swap lines excluded."
2009-03-18,2009-03-18T18:15:00+00:00,include_primary,True,regular_schedule,https://www.federalreserve.gov/newsevents/press/monetary/20090318a.htm,confirmed_at_release_bar,,verified,"Pinna, F.",2026-09-29,"promoted in bulk: time from page evidence, or from the documented regular schedule and not contradicted by the market","Dates from the Board's FOMC calendar pages. Release times from the statement or press-conference page, otherwise from the regular schedule documented in the Board's release of 13 March 2013; flagged dates checked against the minutes of each meeting, which prevail over conflicting press-conference pages. Anchors are never set from the market reaction. Event perimeter: FOMC decisions on the policy rate, forward guidance and asset purchases; statements devoted exclusively to swap lines excluded."
2009-04-29,2009-04-29T18:15:00+00:00,include_primary,True,regular_schedule,https://www.federalreserve.gov/newsevents/press/monetary/20090429a.htm,no_visible_reaction,,verified,"Pinna, F.",2026-09-29,"promoted in bulk: time from page evidence, or from the documented regular schedule and not contradicted by the market","Dates from the Board's FOMC calendar pages. Release times from the statement or press-conference page, otherwise from the regular schedule documented in the Board's release of 13 March 2013; flagged dates checked against the minutes of each meeting, which prevail over conflicting press-conference pages. Anchors are never set from the market reaction. Event perimeter: FOMC decisions on the policy rate, forward guidance and asset purchases; statements devoted exclusively to swap lines excluded."
2009-06-24,2009-06-24T18:15:00+00:00,include_primary,True,regular_schedule,https://www.federalreserve.gov/newsevents/press/monetary/20090624a.htm,reaction_only_after_release_bar,market_timing_disagreement,verified,"Pinna, F.",2026-09-29,"Release at 2:15 p.m. ET, stated in the minutes of the meeting; the market reaction extends into the following five-minute bars, which does not justify moving the anchor.","Dates from the Board's FOMC calendar pages. Release times from the statement or press-conference page, otherwise from the regular schedule documented in the Board's release of 13 March 2013; flagged dates checked against the minutes of each meeting, which prevail over conflicting press-conference pages. Anchors are never set from the market reaction. Event perimeter: FOMC decisions on the policy rate, forward guidance and asset purchases; statements devoted exclusively to swap lines excluded."
2009-08-12,2009-08-12T18:15:00+00:00,include_primary,True,regular_schedule,https://www.federalreserve.gov/newsevents/press/monetary/20090812a.htm,confirmed_at_release_bar,,verified,"Pinna, F.",2026-09-29,"promoted in bulk: time from page evidence, or from the documented regular schedule and not contradicted by the market","Dates from the Board's FOMC calendar pages. Release times from the statement or press-conference page, otherwise from the regular schedule documented in the Board's release of 13 March 2013; flagged dates checked against the minutes of each meeting, which prevail over conflicting press-conference pages. Anchors are never set from the market reaction. Event perimeter: FOMC decisions on the policy rate, forward guidance and asset purchases; statements devoted exclusively to swap lines excluded."
2009-09-23,2009-09-23T18:15:00+00:00,include_primary,True,regular_schedule,https://www.federalreserve.gov/newsevents/press/monetary/20090923a.htm,confirmed_at_release_bar,,verified,"Pinna, F.",2026-09-29,"promoted in bulk: time from page evidence, or from the documented regular schedule and not contradicted by the market","Dates from the Board's FOMC calendar pages. Release times from the statement or press-conference page, otherwise from the regular schedule documented in the Board's release of 13 March 2013; flagged dates checked against the minutes of each meeting, which prevail over conflicting press-conference pages. Anchors are never set from the market reaction. Event perimeter: FOMC decisions on the policy rate, forward guidance and asset purchases; statements devoted exclusively to swap lines excluded."
2009-11-04,2009-11-04T19:15:00+00:00,include_primary,True,regular_schedule,https://www.federalreserve.gov/newsevents/press/monetary/20091104a.htm,confirmed_at_release_bar,,verified,"Pinna, F.",2026-09-29,"promoted in bulk: time from page evidence, or from the documented regular schedule and not contradicted by the market","Dates from the Board's FOMC calendar pages. Release times from the statement or press-conference page, otherwise from the regular schedule documented in the Board's release of 13 March 2013; flagged dates checked against the minutes of each meeting, which prevail over conflicting press-conference pages. Anchors are never set from the market reaction. Event perimeter: FOMC decisions on the policy rate, forward guidance and asset purchases; statements devoted exclusively to swap lines excluded."
2009-12-16,2009-12-16T19:15:00+00:00,include_primary,True,regular_schedule,https://www.federalreserve.gov/newsevents/press/monetary/20091216a.htm,no_visible_reaction,,verified,"Pinna, F.",2026-09-29,"promoted in bulk: time from page evidence, or from the documented regular schedule and not contradicted by the market","Dates from the Board's FOMC calendar pages. Release times from the statement or press-conference page, otherwise from the regular schedule documented in the Board's release of 13 March 2013; flagged dates checked against the minutes of each meeting, which prevail over conflicting press-conference pages. Anchors are never set from the market reaction. Event perimeter: FOMC decisions on the policy rate, forward guidance and asset purchases; statements devoted exclusively to swap lines excluded."
2010-01-27,2010-01-27T19:15:00+00:00,include_primary,True,regular_schedule,https://www.federalreserve.gov/newsevents/press/monetary/20100127a.htm,confirmed_at_release_bar,,verified,"Pinna, F.",2026-09-29,"promoted in bulk: time from page evidence, or from the documented regular schedule and not contradicted by the market","Dates from the Board's FOMC calendar pages. Release times from the statement or press-conference page, otherwise from the regular schedule documented in the Board's release of 13 March 2013; flagged dates checked against the minutes of each meeting, which prevail over conflicting press-conference pages. Anchors are never set from the market reaction. Event perimeter: FOMC decisions on the policy rate, forward guidance and asset purchases; statements devoted exclusively to swap lines excluded."
2010-03-16,2010-03-16T18:15:00+00:00,include_primary,True,regular_schedule,https://www.federalreserve.gov/newsevents/press/monetary/20100316a.htm,activity_before_release_bar,market_timing_disagreement,verified,"Pinna, F.",2026-09-29,"Release at 2:15 p.m. ET, stated in the minutes of the meeting. Activity earlier in the hour does not justify moving the anchor; it is not shown to be unrelated to the announcement.","Dates from the Board's FOMC calendar pages. Release times from the statement or press-conference page, otherwise from the regular schedule documented in the Board's release of 13 March 2013; flagged dates checked against the minutes of each meeting, which prevail over conflicting press-conference pages. Anchors are never set from the market reaction. Event perimeter: FOMC decisions on the policy rate, forward guidance and asset purchases; statements devoted exclusively to swap lines excluded."
2010-04-28,2010-04-28T18:15:00+00:00,include_primary,True,regular_schedule,https://www.federalreserve.gov/newsevents/press/monetary/20100428a.htm,no_visible_reaction,,verified,"Pinna, F.",2026-09-29,"promoted in bulk: time from page evidence, or from the documented regular schedule and not contradicted by the market","Dates from the Board's FOMC calendar pages. Release times from the statement or press-conference page, otherwise from the regular schedule documented in the Board's release of 13 March 2013; flagged dates checked against the minutes of each meeting, which prevail over conflicting press-conference pages. Anchors are never set from the market reaction. Event perimeter: FOMC decisions on the policy rate, forward guidance and asset purchases; statements devoted exclusively to swap lines excluded."
2010-05-09,2010-05-10T01:15:00+00:00,exclude,False,statement_page,https://www.federalreserve.gov/newsevents/press/monetary/20100509a.htm,no_visible_reaction,weekend_announcement|nonstandard_time_candidate_unscheduled,verified,"Pinna, F.",2026-09-29,"Statement released at 9:15 p.m. EDT on the re-establishment of dollar liquidity swap lines, authorized by the FOMC. Outside the event perimeter of the Fed sample: FOMC decisions on the policy rate, forward guidance and asset purchases; statements devoted exclusively to swap lines are excluded. Kept in the calendar with this reason.","Dates from the Board's FOMC calendar pages. Release times from the statement or press-conference page, otherwise from the regular schedule documented in the Board's release of 13 March 2013; flagged dates checked against the minutes of each meeting, which prevail over conflicting press-conference pages. Anchors are never set from the market reaction. Event perimeter: FOMC decisions on the policy rate, forward guidance and asset purchases; statements devoted exclusively to swap lines excluded."
2010-06-23,2010-06-23T18:15:00+00:00,include_primary,True,regular_schedule,https://www.federalreserve.gov/newsevents/press/monetary/20100623a.htm,reaction_only_after_release_bar,market_timing_disagreement,verified,"Pinna, F.",2026-09-29,"Release at 2:15 p.m. ET, stated in the minutes of the meeting; the market reaction extends into the following five-minute bars, which does not justify moving the anchor.","Dates from the Board's FOMC calendar pages. Release times from the statement or press-conference page, otherwise from the regular schedule documented in the Board's release of 13 March 2013; flagged dates checked against the minutes of each meeting, which prevail over conflicting press-conference pages. Anchors are never set from the market reaction. Event perimeter: FOMC decisions on the policy rate, forward guidance and asset purchases; statements devoted exclusively to swap lines excluded."
2010-08-10,2010-08-10T18:15:00+00:00,include_primary,True,regular_schedule,https://www.federalreserve.gov/newsevents/press/monetary/20100810a.htm,confirmed_at_release_bar,,verified,"Pinna, F.",2026-09-29,"promoted in bulk: time from page evidence, or from the documented regular schedule and not contradicted by the market","Dates from the Board's FOMC calendar pages. Release times from the statement or press-conference page, otherwise from the regular schedule documented in the Board's release of 13 March 2013; flagged dates checked against the minutes of each meeting, which prevail over conflicting press-conference pages. Anchors are never set from the market reaction. Event perimeter: FOMC decisions on the policy rate, forward guidance and asset purchases; statements devoted exclusively to swap lines excluded."
2010-09-21,2010-09-21T18:15:00+00:00,include_primary,True,regular_schedule,https://www.federalreserve.gov/newsevents/press/monetary/20100921a.htm,confirmed_at_release_bar,,verified,"Pinna, F.",2026-09-29,"promoted in bulk: time from page evidence, or from the documented regular schedule and not contradicted by the market","Dates from the Board's FOMC calendar pages. Release times from the statement or press-conference page, otherwise from the regular schedule documented in the Board's release of 13 March 2013; flagged dates checked against the minutes of each meeting, which prevail over conflicting press-conference pages. Anchors are never set from the market reaction. Event perimeter: FOMC decisions on the policy rate, forward guidance and asset purchases; statements devoted exclusively to swap lines excluded."
2010-11-03,2010-11-03T18:15:00+00:00,include_primary,True,regular_schedule,https://www.federalreserve.gov/newsevents/press/monetary/20101103a.htm,confirmed_at_release_bar,,verified,"Pinna, F.",2026-09-29,"promoted in bulk: time from page evidence, or from the documented regular schedule and not contradicted by the market","Dates from the Board's FOMC calendar pages. Release times from the statement or press-conference page, otherwise from the regular schedule documented in the Board's release of 13 March 2013; flagged dates checked against the minutes of each meeting, which prevail over conflicting press-conference pages. Anchors are never set from the market reaction. Event perimeter: FOMC decisions on the policy rate, forward guidance and asset purchases; statements devoted exclusively to swap lines excluded."
2010-12-14,2010-12-14T19:15:00+00:00,include_primary,True,regular_schedule,https://www.federalreserve.gov/newsevents/press/monetary/20101214a.htm,no_visible_reaction,,verified,"Pinna, F.",2026-09-29,"promoted in bulk: time from page evidence, or from the documented regular schedule and not contradicted by the market","Dates from the Board's FOMC calendar pages. Release times from the statement or press-conference page, otherwise from the regular schedule documented in the Board's release of 13 March 2013; flagged dates checked against the minutes of each meeting, which prevail over conflicting press-conference pages. Anchors are never set from the market reaction. Event perimeter: FOMC decisions on the policy rate, forward guidance and asset purchases; statements devoted exclusively to swap lines excluded."
2011-01-26,2011-01-26T19:15:00+00:00,include_primary,True,regular_schedule,https://www.federalreserve.gov/newsevents/pressreleases/monetary20110126a.htm,no_visible_reaction,,verified,"Pinna, F.",2026-09-29,"promoted in bulk: time from page evidence, or from the documented regular schedule and not contradicted by the market","Dates from the Board's FOMC calendar pages. Release times from the statement or press-conference page, otherwise from the regular schedule documented in the Board's release of 13 March 2013; flagged dates checked against the minutes of each meeting, which prevail over conflicting press-conference pages. Anchors are never set from the market reaction. Event perimeter: FOMC decisions on the policy rate, forward guidance and asset purchases; statements devoted exclusively to swap lines excluded."
2011-03-15,2011-03-15T18:15:00+00:00,include_primary,True,regular_schedule,https://www.federalreserve.gov/newsevents/pressreleases/monetary20110315a.htm,no_visible_reaction,,verified,"Pinna, F.",2026-09-29,"promoted in bulk: time from page evidence, or from the documented regular schedule and not contradicted by the market","Dates from the Board's FOMC calendar pages. Release times from the statement or press-conference page, otherwise from the regular schedule documented in the Board's release of 13 March 2013; flagged dates checked against the minutes of each meeting, which prevail over conflicting press-conference pages. Anchors are never set from the market reaction. Event perimeter: FOMC decisions on the policy rate, forward guidance and asset purchases; statements devoted exclusively to swap lines excluded."
2011-04-27,2011-04-27T16:30:00+00:00,include_primary,True,press_conference_page,https://www.federalreserve.gov/newsevents/pressreleases/monetary20110427a.htm,reaction_only_after_release_bar,market_timing_disagreement,verified,"Pinna, F.",2026-09-29,"Release at 12:30 p.m. ET, stated on the press-conference page; the reaction extends into the following bars, which does not justify moving the anchor.","Dates from the Board's FOMC calendar pages. Release times from the statement or press-conference page, otherwise from the regular schedule documented in the Board's release of 13 March 2013; flagged dates checked against the minutes of each meeting, which prevail over conflicting press-conference pages. Anchors are never set from the market reaction. Event perimeter: FOMC decisions on the policy rate, forward guidance and asset purchases; statements devoted exclusively to swap lines excluded."
2011-06-22,2011-06-22T16:30:00+00:00,include_primary,True,press_conference_page,https://www.federalreserve.gov/newsevents/pressreleases/monetary20110622a.htm,no_visible_reaction,,verified,"Pinna, F.",2026-09-29,"promoted in bulk: time from page evidence, or from the documented regular schedule and not contradicted by the market","Dates from the Board's FOMC calendar pages. Release times from the statement or press-conference page, otherwise from the regular schedule documented in the Board's release of 13 March 2013; flagged dates checked against the minutes of each meeting, which prevail over conflicting press-conference pages. Anchors are never set from the market reaction. Event perimeter: FOMC decisions on the policy rate, forward guidance and asset purchases; statements devoted exclusively to swap lines excluded."
2011-08-09,2011-08-09T18:15:00+00:00,include_primary,True,regular_schedule,https://www.federalreserve.gov/newsevents/pressreleases/monetary20110809a.htm,confirmed_at_release_bar,,verified,"Pinna, F.",2026-09-29,"promoted in bulk: time from page evidence, or from the documented regular schedule and not contradicted by the market","Dates from the Board's FOMC calendar pages. Release times from the statement or press-conference page, otherwise from the regular schedule documented in the Board's release of 13 March 2013; flagged dates checked against the minutes of each meeting, which prevail over conflicting press-conference pages. Anchors are never set from the market reaction. Event perimeter: FOMC decisions on the policy rate, forward guidance and asset purchases; statements devoted exclusively to swap lines excluded."
2011-09-21,2011-09-21T18:15:00+00:00,include_primary,True,regular_schedule,https://www.federalreserve.gov/newsevents/pressreleases/monetary20110921a.htm,reaction_only_after_release_bar,market_timing_disagreement,verified,"Pinna, F.",2026-09-29,"Release at 2:15 p.m. ET, stated in the minutes of the meeting; the market reaction extends into the following five-minute bars, which does not justify moving the anchor.","Dates from the Board's FOMC calendar pages. Release times from the statement or press-conference page, otherwise from the regular schedule documented in the Board's release of 13 March 2013; flagged dates checked against the minutes of each meeting, which prevail over conflicting press-conference pages. Anchors are never set from the market reaction. Event perimeter: FOMC decisions on the policy rate, forward guidance and asset purchases; statements devoted exclusively to swap lines excluded."
2011-11-02,2011-11-02T16:30:00+00:00,include_primary,True,press_conference_page,https://www.federalreserve.gov/newsevents/pressreleases/monetary20111102a.htm,no_visible_reaction,,verified,"Pinna, F.",2026-09-29,"promoted in bulk: time from page evidence, or from the documented regular schedule and not contradicted by the market","Dates from the Board's FOMC calendar pages. Release times from the statement or press-conference page, otherwise from the regular schedule documented in the Board's release of 13 March 2013; flagged dates checked against the minutes of each meeting, which prevail over conflicting press-conference pages. Anchors are never set from the market reaction. Event perimeter: FOMC decisions on the policy rate, forward guidance and asset purchases; statements devoted exclusively to swap lines excluded."
2011-12-13,2011-12-13T19:15:00+00:00,include_primary,True,regular_schedule,https://www.federalreserve.gov/newsevents/pressreleases/monetary20111213a.htm,no_visible_reaction,,verified,"Pinna, F.",2026-09-29,"promoted in bulk: time from page evidence, or from the documented regular schedule and not contradicted by the market","Dates from the Board's FOMC calendar pages. Release times from the statement or press-conference page, otherwise from the regular schedule documented in the Board's release of 13 March 2013; flagged dates checked against the minutes of each meeting, which prevail over conflicting press-conference pages. Anchors are never set from the market reaction. Event perimeter: FOMC decisions on the policy rate, forward guidance and asset purchases; statements devoted exclusively to swap lines excluded."
2012-01-25,2012-01-25T17:30:00+00:00,include_primary,True,press_conference_page,https://www.federalreserve.gov/newsevents/pressreleases/monetary20120125a.htm,reaction_only_after_release_bar,nonstandard_time_candidate_unscheduled|market_timing_disagreement,verified,"Pinna, F.",2026-09-29,"Minutes of the meeting state release at 12:30 p.m. ET, also used by the New York Fed; the press-conference page states 12:20 p.m., a discrepancy kept on record. The minutes document the authorized release time and are not a technical log of dissemination.","Dates from the Board's FOMC calendar pages. Release times from the statement or press-conference page, otherwise from the regular schedule documented in the Board's release of 13 March 2013; flagged dates checked against the minutes of each meeting, which prevail over conflicting press-conference pages. Anchors are never set from the market reaction. Event perimeter: FOMC decisions on the policy rate, forward guidance and asset purchases; statements devoted exclusively to swap lines excluded."
2012-03-13,2012-03-13T18:15:00+00:00,include_primary,True,regular_schedule,https://www.federalreserve.gov/newsevents/pressreleases/monetary20120313a.htm,no_visible_reaction,,verified,"Pinna, F.",2026-09-29,"promoted in bulk: time from page evidence, or from the documented regular schedule and not contradicted by the market","Dates from the Board's FOMC calendar pages. Release times from the statement or press-conference page, otherwise from the regular schedule documented in the Board's release of 13 March 2013; flagged dates checked against the minutes of each meeting, which prevail over conflicting press-conference pages. Anchors are never set from the market reaction. Event perimeter: FOMC decisions on the policy rate, forward guidance and asset purchases; statements devoted exclusively to swap lines excluded."
2012-04-25,2012-04-25T16:30:00+00:00,include_primary,True,press_conference_page,https://www.federalreserve.gov/newsevents/pressreleases/monetary20120425a.htm,no_visible_reaction,nonstandard_time_candidate_unscheduled,verified,"Pinna, F.",2026-09-29,"Minutes of the meeting state release at 12:30 p.m. ET, also used by the New York Fed; the press-conference page states 12:35 p.m., a discrepancy kept on record. The minutes document the authorized release time and are not a technical log of dissemination.","Dates from the Board's FOMC calendar pages. Release times from the statement or press-conference page, otherwise from the regular schedule documented in the Board's release of 13 March 2013; flagged dates checked against the minutes of each meeting, which prevail over conflicting press-conference pages. Anchors are never set from the market reaction. Event perimeter: FOMC decisions on the policy rate, forward guidance and asset purchases; statements devoted exclusively to swap lines excluded."
2012-06-20,2012-06-20T16:30:00+00:00,include_primary,True,press_conference_page,https://www.federalreserve.gov/newsevents/pressreleases/monetary20120620a.htm,no_visible_reaction,nonstandard_time_candidate_unscheduled,verified,"Pinna, F.",2026-09-29,"Minutes of the meeting state release at 12:30 p.m. ET, also used by the New York Fed; the press-conference page states 12:35 p.m., a discrepancy kept on record. The minutes document the authorized release time and are not a technical log of dissemination.","Dates from the Board's FOMC calendar pages. Release times from the statement or press-conference page, otherwise from the regular schedule documented in the Board's release of 13 March 2013; flagged dates checked against the minutes of each meeting, which prevail over conflicting press-conference pages. Anchors are never set from the market reaction. Event perimeter: FOMC decisions on the policy rate, forward guidance and asset purchases; statements devoted exclusively to swap lines excluded."
2012-08-01,2012-08-01T18:15:00+00:00,include_primary,True,regular_schedule,https://www.federalreserve.gov/newsevents/pressreleases/monetary20120801a.htm,activity_before_release_bar,market_timing_disagreement,verified,"Pinna, F.",2026-09-29,"Release at 2:15 p.m. ET, stated in the minutes of the meeting. Activity earlier in the hour does not justify moving the anchor; it is not shown to be unrelated to the announcement.","Dates from the Board's FOMC calendar pages. Release times from the statement or press-conference page, otherwise from the regular schedule documented in the Board's release of 13 March 2013; flagged dates checked against the minutes of each meeting, which prevail over conflicting press-conference pages. Anchors are never set from the market reaction. Event perimeter: FOMC decisions on the policy rate, forward guidance and asset purchases; statements devoted exclusively to swap lines excluded."
2012-09-13,2012-09-13T16:30:00+00:00,include_primary,True,press_conference_page,https://www.federalreserve.gov/newsevents/pressreleases/monetary20120913a.htm,activity_before_release_bar,nonstandard_time_candidate_unscheduled|market_timing_disagreement,verified,"Pinna, F.",2026-09-29,"Minutes of the meeting state release at 12:30 p.m. ET, also used by the New York Fed; the press-conference page states 12:35 p.m., a discrepancy kept on record. The minutes document the authorized release time and are not a technical log of dissemination.","Dates from the Board's FOMC calendar pages. Release times from the statement or press-conference page, otherwise from the regular schedule documented in the Board's release of 13 March 2013; flagged dates checked against the minutes of each meeting, which prevail over conflicting press-conference pages. Anchors are never set from the market reaction. Event perimeter: FOMC decisions on the policy rate, forward guidance and asset purchases; statements devoted exclusively to swap lines excluded."
2012-10-24,2012-10-24T16:30:00+00:00,include_primary,True,press_conference_page,https://www.federalreserve.gov/newsevents/pressreleases/monetary20121024a.htm,no_visible_reaction,,verified,"Pinna, F.",2026-09-29,"promoted in bulk: time from page evidence, or from the documented regular schedule and not contradicted by the market","Dates from the Board's FOMC calendar pages. Release times from the statement or press-conference page, otherwise from the regular schedule documented in the Board's release of 13 March 2013; flagged dates checked against the minutes of each meeting, which prevail over conflicting press-conference pages. Anchors are never set from the market reaction. Event perimeter: FOMC decisions on the policy rate, forward guidance and asset purchases; statements devoted exclusively to swap lines excluded."
2012-12-12,2012-12-12T17:30:00+00:00,include_primary,True,press_conference_page,https://www.federalreserve.gov/newsevents/pressreleases/monetary20121212a.htm,no_visible_reaction,,verified,"Pinna, F.",2026-09-29,"promoted in bulk: time from page evidence, or from the documented regular schedule and not contradicted by the market","Dates from the Board's FOMC calendar pages. Release times from the statement or press-conference page, otherwise from the regular schedule documented in the Board's release of 13 March 2013; flagged dates checked against the minutes of each meeting, which prevail over conflicting press-conference pages. Anchors are never set from the market reaction. Event perimeter: FOMC decisions on the policy rate, forward guidance and asset purchases; statements devoted exclusively to swap lines excluded."
2013-01-30,2013-01-30T19:15:00+00:00,include_primary,True,regular_schedule,https://www.federalreserve.gov/newsevents/pressreleases/monetary20130130a.htm,no_visible_reaction,,verified,"Pinna, F.",2026-09-29,"promoted in bulk: time from page evidence, or from the documented regular schedule and not contradicted by the market","Dates from the Board's FOMC calendar pages. Release times from the statement or press-conference page, otherwise from the regular schedule documented in the Board's release of 13 March 2013; flagged dates checked against the minutes of each meeting, which prevail over conflicting press-conference pages. Anchors are never set from the market reaction. Event perimeter: FOMC decisions on the policy rate, forward guidance and asset purchases; statements devoted exclusively to swap lines excluded."
2013-03-20,2013-03-20T18:00:00+00:00,include_primary,True,press_conference_page,https://www.federalreserve.gov/newsevents/pressreleases/monetary20130320a.htm,no_visible_reaction,,verified,"Pinna, F.",2026-09-29,"promoted in bulk: time from page evidence, or from the documented regular schedule and not contradicted by the market","Dates from the Board's FOMC calendar pages. Release times from the statement or press-conference page, otherwise from the regular schedule documented in the Board's release of 13 March 2013; flagged dates checked against the minutes of each meeting, which prevail over conflicting press-conference pages. Anchors are never set from the market reaction. Event perimeter: FOMC decisions on the policy rate, forward guidance and asset purchases; statements devoted exclusively to swap lines excluded."
2013-05-01,2013-05-01T18:00:00+00:00,include_primary,True,regular_schedule,https://www.federalreserve.gov/newsevents/pressreleases/monetary20130501a.htm,no_visible_reaction,,verified,"Pinna, F.",2026-09-29,"promoted in bulk: time from page evidence, or from the documented regular schedule and not contradicted by the market","Dates from the Board's FOMC calendar pages. Release times from the statement or press-conference page, otherwise from the regular schedule documented in the Board's release of 13 March 2013; flagged dates checked against the minutes of each meeting, which prevail over conflicting press-conference pages. Anchors are never set from the market reaction. Event perimeter: FOMC decisions on the policy rate, forward guidance and asset purchases; statements devoted exclusively to swap lines excluded."
2013-06-19,2013-06-19T18:00:00+00:00,include_primary,True,press_conference_page,https://www.federalreserve.gov/newsevents/pressreleases/monetary20130619a.htm,confirmed_at_release_bar,,verified,"Pinna, F.",2026-09-29,"promoted in bulk: time from page evidence, or from the documented regular schedule and not contradicted by the market","Dates from the Board's FOMC calendar pages. Release times from the statement or press-conference page, otherwise from the regular schedule documented in the Board's release of 13 March 2013; flagged dates checked against the minutes of each meeting, which prevail over conflicting press-conference pages. Anchors are never set from the market reaction. Event perimeter: FOMC decisions on the policy rate, forward guidance and asset purchases; statements devoted exclusively to swap lines excluded."
2013-07-31,2013-07-31T18:00:00+00:00,include_primary,True,regular_schedule,https://www.federalreserve.gov/newsevents/pressreleases/monetary20130731a.htm,confirmed_at_release_bar,,verified,"Pinna, F.",2026-09-29,"promoted in bulk: time from page evidence, or from the documented regular schedule and not contradicted by the market","Dates from the Board's FOMC calendar pages. Release times from the statement or press-conference page, otherwise from the regular schedule documented in the Board's release of 13 March 2013; flagged dates checked against the minutes of each meeting, which prevail over conflicting press-conference pages. Anchors are never set from the market reaction. Event perimeter: FOMC decisions on the policy rate, forward guidance and asset purchases; statements devoted exclusively to swap lines excluded."
2013-09-18,2013-09-18T18:00:00+00:00,include_primary,True,press_conference_page,https://www.federalreserve.gov/newsevents/pressreleases/monetary20130918a.htm,confirmed_at_release_bar,,verified,"Pinna, F.",2026-09-29,"promoted in bulk: time from page evidence, or from the documented regular schedule and not contradicted by the market","Dates from the Board's FOMC calendar pages. Release times from the statement or press-conference page, otherwise from the regular schedule documented in the Board's release of 13 March 2013; flagged dates checked against the minutes of each meeting, which prevail over conflicting press-conference pages. Anchors are never set from the market reaction. Event perimeter: FOMC decisions on the policy rate, forward guidance and asset purchases; statements devoted exclusively to swap lines excluded."
2013-10-30,2013-10-30T18:00:00+00:00,include_primary,True,regular_schedule,https://www.federalreserve.gov/newsevents/pressreleases/monetary20131030a.htm,no_visible_reaction,market_prefers_other_regular_slot,verified,"Pinna, F.",2026-09-29,Release at 2:00 p.m. ET under the schedule announced by the Board on 13 March 2013 for all regularly scheduled meetings; the reaction continuing into the 2:15 bar does not justify moving the anchor.,"Dates from the Board's FOMC calendar pages. Release times from the statement or press-conference page, otherwise from the regular schedule documented in the Board's release of 13 March 2013; flagged dates checked against the minutes of each meeting, which prevail over conflicting press-conference pages. Anchors are never set from the market reaction. Event perimeter: FOMC decisions on the policy rate, forward guidance and asset purchases; statements devoted exclusively to swap lines excluded."
2013-12-18,2013-12-18T19:00:00+00:00,include_primary,True,press_conference_page,https://www.federalreserve.gov/newsevents/pressreleases/monetary20131218a.htm,confirmed_at_release_bar,,verified,"Pinna, F.",2026-09-29,"promoted in bulk: time from page evidence, or from the documented regular schedule and not contradicted by the market","Dates from the Board's FOMC calendar pages. Release times from the statement or press-conference page, otherwise from the regular schedule documented in the Board's release of 13 March 2013; flagged dates checked against the minutes of each meeting, which prevail over conflicting press-conference pages. Anchors are never set from the market reaction. Event perimeter: FOMC decisions on the policy rate, forward guidance and asset purchases; statements devoted exclusively to swap lines excluded."
2014-01-29,2014-01-29T19:00:00+00:00,include_primary,True,regular_schedule,https://www.federalreserve.gov/newsevents/pressreleases/monetary20140129a.htm,no_visible_reaction,,verified,"Pinna, F.",2026-09-29,"promoted in bulk: time from page evidence, or from the documented regular schedule and not contradicted by the market","Dates from the Board's FOMC calendar pages. Release times from the statement or press-conference page, otherwise from the regular schedule documented in the Board's release of 13 March 2013; flagged dates checked against the minutes of each meeting, which prevail over conflicting press-conference pages. Anchors are never set from the market reaction. Event perimeter: FOMC decisions on the policy rate, forward guidance and asset purchases; statements devoted exclusively to swap lines excluded."
2014-03-19,2014-03-19T18:00:00+00:00,include_primary,True,press_conference_page,https://www.federalreserve.gov/newsevents/pressreleases/monetary20140319a.htm,confirmed_at_release_bar,,verified,"Pinna, F.",2026-09-29,"promoted in bulk: time from page evidence, or from the documented regular schedule and not contradicted by the market","Dates from the Board's FOMC calendar pages. Release times from the statement or press-conference page, otherwise from the regular schedule documented in the Board's release of 13 March 2013; flagged dates checked against the minutes of each meeting, which prevail over conflicting press-conference pages. Anchors are never set from the market reaction. Event perimeter: FOMC decisions on the policy rate, forward guidance and asset purchases; statements devoted exclusively to swap lines excluded."
2014-04-30,2014-04-30T18:00:00+00:00,include_primary,True,regular_schedule,https://www.federalreserve.gov/newsevents/pressreleases/monetary20140430a.htm,confirmed_at_release_bar,,verified,"Pinna, F.",2026-09-29,"promoted in bulk: time from page evidence, or from the documented regular schedule and not contradicted by the market","Dates from the Board's FOMC calendar pages. Release times from the statement or press-conference page, otherwise from the regular schedule documented in the Board's release of 13 March 2013; flagged dates checked against the minutes of each meeting, which prevail over conflicting press-conference pages. Anchors are never set from the market reaction. Event perimeter: FOMC decisions on the policy rate, forward guidance and asset purchases; statements devoted exclusively to swap lines excluded."
2014-06-18,2014-06-18T18:00:00+00:00,include_primary,True,press_conference_page,https://www.federalreserve.gov/newsevents/pressreleases/monetary20140618a.htm,confirmed_at_release_bar,,verified,"Pinna, F.",2026-09-29,"promoted in bulk: time from page evidence, or from the documented regular schedule and not contradicted by the market","Dates from the Board's FOMC calendar pages. Release times from the statement or press-conference page, otherwise from the regular schedule documented in the Board's release of 13 March 2013; flagged dates checked against the minutes of each meeting, which prevail over conflicting press-conference pages. Anchors are never set from the market reaction. Event perimeter: FOMC decisions on the policy rate, forward guidance and asset purchases; statements devoted exclusively to swap lines excluded."
2014-07-30,2014-07-30T18:00:00+00:00,include_primary,True,regular_schedule,https://www.federalreserve.gov/newsevents/pressreleases/monetary20140730a.htm,no_visible_reaction,,verified,"Pinna, F.",2026-09-29,"promoted in bulk: time from page evidence, or from the documented regular schedule and not contradicted by the market","Dates from the Board's FOMC calendar pages. Release times from the statement or press-conference page, otherwise from the regular schedule documented in the Board's release of 13 March 2013; flagged dates checked against the minutes of each meeting, which prevail over conflicting press-conference pages. Anchors are never set from the market reaction. Event perimeter: FOMC decisions on the policy rate, forward guidance and asset purchases; statements devoted exclusively to swap lines excluded."
2014-09-17,2014-09-17T18:00:00+00:00,include_primary,True,press_conference_page,https://www.federalreserve.gov/newsevents/pressreleases/monetary20140917a.htm,confirmed_at_release_bar,,verified,"Pinna, F.",2026-09-29,"promoted in bulk: time from page evidence, or from the documented regular schedule and not contradicted by the market","Dates from the Board's FOMC calendar pages. Release times from the statement or press-conference page, otherwise from the regular schedule documented in the Board's release of 13 March 2013; flagged dates checked against the minutes of each meeting, which prevail over conflicting press-conference pages. Anchors are never set from the market reaction. Event perimeter: FOMC decisions on the policy rate, forward guidance and asset purchases; statements devoted exclusively to swap lines excluded."
2014-10-29,2014-10-29T18:00:00+00:00,include_primary,True,regular_schedule,https://www.federalreserve.gov/newsevents/pressreleases/monetary20141029a.htm,confirmed_at_release_bar,,verified,"Pinna, F.",2026-09-29,"promoted in bulk: time from page evidence, or from the documented regular schedule and not contradicted by the market","Dates from the Board's FOMC calendar pages. Release times from the statement or press-conference page, otherwise from the regular schedule documented in the Board's release of 13 March 2013; flagged dates checked against the minutes of each meeting, which prevail over conflicting press-conference pages. Anchors are never set from the market reaction. Event perimeter: FOMC decisions on the policy rate, forward guidance and asset purchases; statements devoted exclusively to swap lines excluded."
2014-12-17,2014-12-17T19:00:00+00:00,include_primary,True,press_conference_page,https://www.federalreserve.gov/newsevents/pressreleases/monetary20141217a.htm,confirmed_at_release_bar,,verified,"Pinna, F.",2026-09-29,"promoted in bulk: time from page evidence, or from the documented regular schedule and not contradicted by the market","Dates from the Board's FOMC calendar pages. Release times from the statement or press-conference page, otherwise from the regular schedule documented in the Board's release of 13 March 2013; flagged dates checked against the minutes of each meeting, which prevail over conflicting press-conference pages. Anchors are never set from the market reaction. Event perimeter: FOMC decisions on the policy rate, forward guidance and asset purchases; statements devoted exclusively to swap lines excluded."
2015-01-28,2015-01-28T19:00:00+00:00,include_primary,True,regular_schedule,https://www.federalreserve.gov/newsevents/pressreleases/monetary20150128a.htm,no_visible_reaction,,verified,"Pinna, F.",2026-09-29,"promoted in bulk: time from page evidence, or from the documented regular schedule and not contradicted by the market","Dates from the Board's FOMC calendar pages. Release times from the statement or press-conference page, otherwise from the regular schedule documented in the Board's release of 13 March 2013; flagged dates checked against the minutes of each meeting, which prevail over conflicting press-conference pages. Anchors are never set from the market reaction. Event perimeter: FOMC decisions on the policy rate, forward guidance and asset purchases; statements devoted exclusively to swap lines excluded."
2015-03-18,2015-03-18T18:00:00+00:00,include_primary,True,press_conference_page,https://www.federalreserve.gov/newsevents/pressreleases/monetary20150318a.htm,confirmed_at_release_bar,,verified,"Pinna, F.",2026-09-29,"promoted in bulk: time from page evidence, or from the documented regular schedule and not contradicted by the market","Dates from the Board's FOMC calendar pages. Release times from the statement or press-conference page, otherwise from the regular schedule documented in the Board's release of 13 March 2013; flagged dates checked against the minutes of each meeting, which prevail over conflicting press-conference pages. Anchors are never set from the market reaction. Event perimeter: FOMC decisions on the policy rate, forward guidance and asset purchases; statements devoted exclusively to swap lines excluded."
2015-04-29,2015-04-29T18:00:00+00:00,include_primary,True,regular_schedule,https://www.federalreserve.gov/newsevents/pressreleases/monetary20150429a.htm,no_visible_reaction,market_prefers_other_regular_slot,verified,"Pinna, F.",2026-09-29,"Release at 2:00 p.m. ET under the schedule announced by the Board on 13 March 2013 for all regularly scheduled meetings. The zn and zt files contain a single five-minute bar between 2:00 and 2:25 p.m. on this date, so the flag reflects missing bars and not a later reaction; the anchor is unchanged and the event fails the completeness rule of the replication.","Dates from the Board's FOMC calendar pages. Release times from the statement or press-conference page, otherwise from the regular schedule documented in the Board's release of 13 March 2013; flagged dates checked against the minutes of each meeting, which prevail over conflicting press-conference pages. Anchors are never set from the market reaction. Event perimeter: FOMC decisions on the policy rate, forward guidance and asset purchases; statements devoted exclusively to swap lines excluded."
2015-06-17,2015-06-17T18:00:00+00:00,include_primary,True,press_conference_page,https://www.federalreserve.gov/newsevents/pressreleases/monetary20150617a.htm,confirmed_at_release_bar,,verified,"Pinna, F.",2026-09-29,"promoted in bulk: time from page evidence, or from the documented regular schedule and not contradicted by the market","Dates from the Board's FOMC calendar pages. Release times from the statement or press-conference page, otherwise from the regular schedule documented in the Board's release of 13 March 2013; flagged dates checked against the minutes of each meeting, which prevail over conflicting press-conference pages. Anchors are never set from the market reaction. Event perimeter: FOMC decisions on the policy rate, forward guidance and asset purchases; statements devoted exclusively to swap lines excluded."
2015-07-29,2015-07-29T18:00:00+00:00,include_primary,True,regular_schedule,https://www.federalreserve.gov/newsevents/pressreleases/monetary20150729a.htm,confirmed_at_release_bar,,verified,"Pinna, F.",2026-09-29,"promoted in bulk: time from page evidence, or from the documented regular schedule and not contradicted by the market","Dates from the Board's FOMC calendar pages. Release times from the statement or press-conference page, otherwise from the regular schedule documented in the Board's release of 13 March 2013; flagged dates checked against the minutes of each meeting, which prevail over conflicting press-conference pages. Anchors are never set from the market reaction. Event perimeter: FOMC decisions on the policy rate, forward guidance and asset purchases; statements devoted exclusively to swap lines excluded."
2015-09-17,2015-09-17T18:00:00+00:00,include_primary,True,press_conference_page,https://www.federalreserve.gov/newsevents/pressreleases/monetary20150917a.htm,confirmed_at_release_bar,,verified,"Pinna, F.",2026-09-29,"promoted in bulk: time from page evidence, or from the documented regular schedule and not contradicted by the market","Dates from the Board's FOMC calendar pages. Release times from the statement or press-conference page, otherwise from the regular schedule documented in the Board's release of 13 March 2013; flagged dates checked against the minutes of each meeting, which prevail over conflicting press-conference pages. Anchors are never set from the market reaction. Event perimeter: FOMC decisions on the policy rate, forward guidance and asset purchases; statements devoted exclusively to swap lines excluded."
2015-10-28,2015-10-28T18:00:00+00:00,include_primary,True,regular_schedule,https://www.federalreserve.gov/newsevents/pressreleases/monetary20151028a.htm,confirmed_at_release_bar,,verified,"Pinna, F.",2026-09-29,"promoted in bulk: time from page evidence, or from the documented regular schedule and not contradicted by the market","Dates from the Board's FOMC calendar pages. Release times from the statement or press-conference page, otherwise from the regular schedule documented in the Board's release of 13 March 2013; flagged dates checked against the minutes of each meeting, which prevail over conflicting press-conference pages. Anchors are never set from the market reaction. Event perimeter: FOMC decisions on the policy rate, forward guidance and asset purchases; statements devoted exclusively to swap lines excluded."
2015-12-16,2015-12-16T19:00:00+00:00,include_primary,True,press_conference_page,https://www.federalreserve.gov/newsevents/pressreleases/monetary20151216a.htm,no_visible_reaction,,verified,"Pinna, F.",2026-09-29,"promoted in bulk: time from page evidence, or from the documented regular schedule and not contradicted by the market","Dates from the Board's FOMC calendar pages. Release times from the statement or press-conference page, otherwise from the regular schedule documented in the Board's release of 13 March 2013; flagged dates checked against the minutes of each meeting, which prevail over conflicting press-conference pages. Anchors are never set from the market reaction. Event perimeter: FOMC decisions on the policy rate, forward guidance and asset purchases; statements devoted exclusively to swap lines excluded."
2016-01-27,2016-01-27T19:00:00+00:00,include_primary,True,statement_page,https://www.federalreserve.gov/newsevents/pressreleases/monetary20160127a.htm,no_visible_reaction,,verified,"Pinna, F.",2026-09-29,"promoted in bulk: time from page evidence, or from the documented regular schedule and not contradicted by the market","Dates from the Board's FOMC calendar pages. Release times from the statement or press-conference page, otherwise from the regular schedule documented in the Board's release of 13 March 2013; flagged dates checked against the minutes of each meeting, which prevail over conflicting press-conference pages. Anchors are never set from the market reaction. Event perimeter: FOMC decisions on the policy rate, forward guidance and asset purchases; statements devoted exclusively to swap lines excluded."
2016-03-16,2016-03-16T18:00:00+00:00,include_primary,True,statement_page,https://www.federalreserve.gov/newsevents/pressreleases/monetary20160316a.htm,confirmed_at_release_bar,,verified,"Pinna, F.",2026-09-29,"promoted in bulk: time from page evidence, or from the documented regular schedule and not contradicted by the market","Dates from the Board's FOMC calendar pages. Release times from the statement or press-conference page, otherwise from the regular schedule documented in the Board's release of 13 March 2013; flagged dates checked against the minutes of each meeting, which prevail over conflicting press-conference pages. Anchors are never set from the market reaction. Event perimeter: FOMC decisions on the policy rate, forward guidance and asset purchases; statements devoted exclusively to swap lines excluded."
2016-04-27,2016-04-27T18:00:00+00:00,include_primary,True,statement_page,https://www.federalreserve.gov/newsevents/pressreleases/monetary20160427a.htm,no_visible_reaction,,verified,"Pinna, F.",2026-09-29,"promoted in bulk: time from page evidence, or from the documented regular schedule and not contradicted by the market","Dates from the Board's FOMC calendar pages. Release times from the statement or press-conference page, otherwise from the regular schedule documented in the Board's release of 13 March 2013; flagged dates checked against the minutes of each meeting, which prevail over conflicting press-conference pages. Anchors are never set from the market reaction. Event perimeter: FOMC decisions on the policy rate, forward guidance and asset purchases; statements devoted exclusively to swap lines excluded."
2016-06-15,2016-06-15T18:00:00+00:00,include_primary,True,statement_page,https://www.federalreserve.gov/newsevents/pressreleases/monetary20160615a.htm,confirmed_at_release_bar,,verified,"Pinna, F.",2026-09-29,"promoted in bulk: time from page evidence, or from the documented regular schedule and not contradicted by the market","Dates from the Board's FOMC calendar pages. Release times from the statement or press-conference page, otherwise from the regular schedule documented in the Board's release of 13 March 2013; flagged dates checked against the minutes of each meeting, which prevail over conflicting press-conference pages. Anchors are never set from the market reaction. Event perimeter: FOMC decisions on the policy rate, forward guidance and asset purchases; statements devoted exclusively to swap lines excluded."
2016-07-27,2016-07-27T18:00:00+00:00,include_primary,True,statement_page,https://www.federalreserve.gov/newsevents/pressreleases/monetary20160727a.htm,confirmed_at_release_bar,,verified,"Pinna, F.",2026-09-29,"promoted in bulk: time from page evidence, or from the documented regular schedule and not contradicted by the market","Dates from the Board's FOMC calendar pages. Release times from the statement or press-conference page, otherwise from the regular schedule documented in the Board's release of 13 March 2013; flagged dates checked against the minutes of each meeting, which prevail over conflicting press-conference pages. Anchors are never set from the market reaction. Event perimeter: FOMC decisions on the policy rate, forward guidance and asset purchases; statements devoted exclusively to swap lines excluded."
2016-09-21,2016-09-21T18:00:00+00:00,include_primary,True,statement_page,https://www.federalreserve.gov/newsevents/pressreleases/monetary20160921a.htm,confirmed_at_release_bar,,verified,"Pinna, F.",2026-09-29,"promoted in bulk: time from page evidence, or from the documented regular schedule and not contradicted by the market","Dates from the Board's FOMC calendar pages. Release times from the statement or press-conference page, otherwise from the regular schedule documented in the Board's release of 13 March 2013; flagged dates checked against the minutes of each meeting, which prevail over conflicting press-conference pages. Anchors are never set from the market reaction. Event perimeter: FOMC decisions on the policy rate, forward guidance and asset purchases; statements devoted exclusively to swap lines excluded."
2016-11-02,2016-11-02T18:00:00+00:00,include_primary,True,statement_page,https://www.federalreserve.gov/newsevents/pressreleases/monetary20161102a.htm,no_visible_reaction,,verified,"Pinna, F.",2026-09-29,"promoted in bulk: time from page evidence, or from the documented regular schedule and not contradicted by the market","Dates from the Board's FOMC calendar pages. Release times from the statement or press-conference page, otherwise from the regular schedule documented in the Board's release of 13 March 2013; flagged dates checked against the minutes of each meeting, which prevail over conflicting press-conference pages. Anchors are never set from the market reaction. Event perimeter: FOMC decisions on the policy rate, forward guidance and asset purchases; statements devoted exclusively to swap lines excluded."
2016-12-14,2016-12-14T19:00:00+00:00,include_primary,True,statement_page,https://www.federalreserve.gov/newsevents/pressreleases/monetary20161214a.htm,confirmed_at_release_bar,,verified,"Pinna, F.",2026-09-29,"promoted in bulk: time from page evidence, or from the documented regular schedule and not contradicted by the market","Dates from the Board's FOMC calendar pages. Release times from the statement or press-conference page, otherwise from the regular schedule documented in the Board's release of 13 March 2013; flagged dates checked against the minutes of each meeting, which prevail over conflicting press-conference pages. Anchors are never set from the market reaction. Event perimeter: FOMC decisions on the policy rate, forward guidance and asset purchases; statements devoted exclusively to swap lines excluded."
2017-02-01,2017-02-01T19:00:00+00:00,include_primary,True,statement_page,https://www.federalreserve.gov/newsevents/pressreleases/monetary20170201a.htm,no_visible_reaction,,verified,"Pinna, F.",2026-09-29,"promoted in bulk: time from page evidence, or from the documented regular schedule and not contradicted by the market","Dates from the Board's FOMC calendar pages. Release times from the statement or press-conference page, otherwise from the regular schedule documented in the Board's release of 13 March 2013; flagged dates checked against the minutes of each meeting, which prevail over conflicting press-conference pages. Anchors are never set from the market reaction. Event perimeter: FOMC decisions on the policy rate, forward guidance and asset purchases; statements devoted exclusively to swap lines excluded."
2017-03-15,2017-03-15T18:00:00+00:00,include_primary,True,statement_page,https://www.federalreserve.gov/newsevents/pressreleases/monetary20170315a.htm,confirmed_at_release_bar,,verified,"Pinna, F.",2026-09-29,"promoted in bulk: time from page evidence, or from the documented regular schedule and not contradicted by the market","Dates from the Board's FOMC calendar pages. Release times from the statement or press-conference page, otherwise from the regular schedule documented in the Board's release of 13 March 2013; flagged dates checked against the minutes of each meeting, which prevail over conflicting press-conference pages. Anchors are never set from the market reaction. Event perimeter: FOMC decisions on the policy rate, forward guidance and asset purchases; statements devoted exclusively to swap lines excluded."
2017-05-03,2017-05-03T18:00:00+00:00,include_primary,True,statement_page,https://www.federalreserve.gov/newsevents/pressreleases/monetary20170503a.htm,no_visible_reaction,,verified,"Pinna, F.",2026-09-29,"promoted in bulk: time from page evidence, or from the documented regular schedule and not contradicted by the market","Dates from the Board's FOMC calendar pages. Release times from the statement or press-conference page, otherwise from the regular schedule documented in the Board's release of 13 March 2013; flagged dates checked against the minutes of each meeting, which prevail over conflicting press-conference pages. Anchors are never set from the market reaction. Event perimeter: FOMC decisions on the policy rate, forward guidance and asset purchases; statements devoted exclusively to swap lines excluded."
2017-06-14,2017-06-14T18:00:00+00:00,include_primary,True,statement_page,https://www.federalreserve.gov/newsevents/pressreleases/monetary20170614a.htm,no_visible_reaction,,verified,"Pinna, F.",2026-09-29,"promoted in bulk: time from page evidence, or from the documented regular schedule and not contradicted by the market","Dates from the Board's FOMC calendar pages. Release times from the statement or press-conference page, otherwise from the regular schedule documented in the Board's release of 13 March 2013; flagged dates checked against the minutes of each meeting, which prevail over conflicting press-conference pages. Anchors are never set from the market reaction. Event perimeter: FOMC decisions on the policy rate, forward guidance and asset purchases; statements devoted exclusively to swap lines excluded."
2017-07-26,2017-07-26T18:00:00+00:00,include_primary,True,statement_page,https://www.federalreserve.gov/newsevents/pressreleases/monetary20170726a.htm,confirmed_at_release_bar,,verified,"Pinna, F.",2026-09-29,"promoted in bulk: time from page evidence, or from the documented regular schedule and not contradicted by the market","Dates from the Board's FOMC calendar pages. Release times from the statement or press-conference page, otherwise from the regular schedule documented in the Board's release of 13 March 2013; flagged dates checked against the minutes of each meeting, which prevail over conflicting press-conference pages. Anchors are never set from the market reaction. Event perimeter: FOMC decisions on the policy rate, forward guidance and asset purchases; statements devoted exclusively to swap lines excluded."
2017-09-20,2017-09-20T18:00:00+00:00,include_primary,True,statement_page,https://www.federalreserve.gov/newsevents/pressreleases/monetary20170920a.htm,confirmed_at_release_bar,,verified,"Pinna, F.",2026-09-29,"promoted in bulk: time from page evidence, or from the documented regular schedule and not contradicted by the market","Dates from the Board's FOMC calendar pages. Release times from the statement or press-conference page, otherwise from the regular schedule documented in the Board's release of 13 March 2013; flagged dates checked against the minutes of each meeting, which prevail over conflicting press-conference pages. Anchors are never set from the market reaction. Event perimeter: FOMC decisions on the policy rate, forward guidance and asset purchases; statements devoted exclusively to swap lines excluded."
2017-11-01,2017-11-01T18:00:00+00:00,include_primary,True,statement_page,https://www.federalreserve.gov/newsevents/pressreleases/monetary20171101a.htm,no_visible_reaction,,verified,"Pinna, F.",2026-09-29,"promoted in bulk: time from page evidence, or from the documented regular schedule and not contradicted by the market","Dates from the Board's FOMC calendar pages. Release times from the statement or press-conference page, otherwise from the regular schedule documented in the Board's release of 13 March 2013; flagged dates checked against the minutes of each meeting, which prevail over conflicting press-conference pages. Anchors are never set from the market reaction. Event perimeter: FOMC decisions on the policy rate, forward guidance and asset purchases; statements devoted exclusively to swap lines excluded."
2017-12-13,2017-12-13T19:00:00+00:00,include_primary,True,statement_page,https://www.federalreserve.gov/newsevents/pressreleases/monetary20171213a.htm,confirmed_at_release_bar,,verified,"Pinna, F.",2026-09-29,"promoted in bulk: time from page evidence, or from the documented regular schedule and not contradicted by the market","Dates from the Board's FOMC calendar pages. Release times from the statement or press-conference page, otherwise from the regular schedule documented in the Board's release of 13 March 2013; flagged dates checked against the minutes of each meeting, which prevail over conflicting press-conference pages. Anchors are never set from the market reaction. Event perimeter: FOMC decisions on the policy rate, forward guidance and asset purchases; statements devoted exclusively to swap lines excluded."
2018-01-31,2018-01-31T19:00:00+00:00,include_primary,True,statement_page,https://www.federalreserve.gov/newsevents/pressreleases/monetary20180131a.htm,no_visible_reaction,,verified,"Pinna, F.",2026-09-29,"promoted in bulk: time from page evidence, or from the documented regular schedule and not contradicted by the market","Dates from the Board's FOMC calendar pages. Release times from the statement or press-conference page, otherwise from the regular schedule documented in the Board's release of 13 March 2013; flagged dates checked against the minutes of each meeting, which prevail over conflicting press-conference pages. Anchors are never set from the market reaction. Event perimeter: FOMC decisions on the policy rate, forward guidance and asset purchases; statements devoted exclusively to swap lines excluded."
2018-03-21,2018-03-21T18:00:00+00:00,include_primary,True,statement_page,https://www.federalreserve.gov/newsevents/pressreleases/monetary20180321a.htm,reaction_only_after_release_bar,market_timing_disagreement,verified,"Pinna, F.",2026-09-29,"Release at 2:00 p.m. ET, stated on the statement page; the reaction extends into the following bars, which does not justify moving the anchor.","Dates from the Board's FOMC calendar pages. Release times from the statement or press-conference page, otherwise from the regular schedule documented in the Board's release of 13 March 2013; flagged dates checked against the minutes of each meeting, which prevail over conflicting press-conference pages. Anchors are never set from the market reaction. Event perimeter: FOMC decisions on the policy rate, forward guidance and asset purchases; statements devoted exclusively to swap lines excluded."
2018-05-02,2018-05-02T18:00:00+00:00,include_primary,True,statement_page,https://www.federalreserve.gov/newsevents/pressreleases/monetary20180502a.htm,no_visible_reaction,,verified,"Pinna, F.",2026-09-29,"promoted in bulk: time from page evidence, or from the documented regular schedule and not contradicted by the market","Dates from the Board's FOMC calendar pages. Release times from the statement or press-conference page, otherwise from the regular schedule documented in the Board's release of 13 March 2013; flagged dates checked against the minutes of each meeting, which prevail over conflicting press-conference pages. Anchors are never set from the market reaction. Event perimeter: FOMC decisions on the policy rate, forward guidance and asset purchases; statements devoted exclusively to swap lines excluded."
2018-06-13,2018-06-13T18:00:00+00:00,include_primary,True,statement_page,https://www.federalreserve.gov/newsevents/pressreleases/monetary20180613a.htm,confirmed_at_release_bar,,verified,"Pinna, F.",2026-09-29,"promoted in bulk: time from page evidence, or from the documented regular schedule and not contradicted by the market","Dates from the Board's FOMC calendar pages. Release times from the statement or press-conference page, otherwise from the regular schedule documented in the Board's release of 13 March 2013; flagged dates checked against the minutes of each meeting, which prevail over conflicting press-conference pages. Anchors are never set from the market reaction. Event perimeter: FOMC decisions on the policy rate, forward guidance and asset purchases; statements devoted exclusively to swap lines excluded."
2018-08-01,2018-08-01T18:00:00+00:00,include_primary,True,statement_page,https://www.federalreserve.gov/newsevents/pressreleases/monetary20180801a.htm,no_visible_reaction,,verified,"Pinna, F.",2026-09-29,"promoted in bulk: time from page evidence, or from the documented regular schedule and not contradicted by the market","Dates from the Board's FOMC calendar pages. Release times from the statement or press-conference page, otherwise from the regular schedule documented in the Board's release of 13 March 2013; flagged dates checked against the minutes of each meeting, which prevail over conflicting press-conference pages. Anchors are never set from the market reaction. Event perimeter: FOMC decisions on the policy rate, forward guidance and asset purchases; statements devoted exclusively to swap lines excluded."
2018-09-26,2018-09-26T18:00:00+00:00,include_primary,True,statement_page,https://www.federalreserve.gov/newsevents/pressreleases/monetary20180926a.htm,confirmed_at_release_bar,,verified,"Pinna, F.",2026-09-29,"promoted in bulk: time from page evidence, or from the documented regular schedule and not contradicted by the market","Dates from the Board's FOMC calendar pages. Release times from the statement or press-conference page, otherwise from the regular schedule documented in the Board's release of 13 March 2013; flagged dates checked against the minutes of each meeting, which prevail over conflicting press-conference pages. Anchors are never set from the market reaction. Event perimeter: FOMC decisions on the policy rate, forward guidance and asset purchases; statements devoted exclusively to swap lines excluded."
2018-11-08,2018-11-08T19:00:00+00:00,include_primary,True,statement_page,https://www.federalreserve.gov/newsevents/pressreleases/monetary20181108a.htm,no_visible_reaction,,verified,"Pinna, F.",2026-09-29,"promoted in bulk: time from page evidence, or from the documented regular schedule and not contradicted by the market","Dates from the Board's FOMC calendar pages. Release times from the statement or press-conference page, otherwise from the regular schedule documented in the Board's release of 13 March 2013; flagged dates checked against the minutes of each meeting, which prevail over conflicting press-conference pages. Anchors are never set from the market reaction. Event perimeter: FOMC decisions on the policy rate, forward guidance and asset purchases; statements devoted exclusively to swap lines excluded."
2018-12-19,2018-12-19T19:00:00+00:00,include_primary,True,statement_page,https://www.federalreserve.gov/newsevents/pressreleases/monetary20181219a.htm,confirmed_at_release_bar,,verified,"Pinna, F.",2026-09-29,"promoted in bulk: time from page evidence, or from the documented regular schedule and not contradicted by the market","Dates from the Board's FOMC calendar pages. Release times from the statement or press-conference page, otherwise from the regular schedule documented in the Board's release of 13 March 2013; flagged dates checked against the minutes of each meeting, which prevail over conflicting press-conference pages. Anchors are never set from the market reaction. Event perimeter: FOMC decisions on the policy rate, forward guidance and asset purchases; statements devoted exclusively to swap lines excluded."
2019-01-30,2019-01-30T19:00:00+00:00,include_primary,True,statement_page,https://www.federalreserve.gov/newsevents/pressreleases/monetary20190130a.htm,confirmed_at_release_bar,,verified,"Pinna, F.",2026-09-29,"promoted in bulk: time from page evidence, or from the documented regular schedule and not contradicted by the market","Dates from the Board's FOMC calendar pages. Release times from the statement or press-conference page, otherwise from the regular schedule documented in the Board's release of 13 March 2013; flagged dates checked against the minutes of each meeting, which prevail over conflicting press-conference pages. Anchors are never set from the market reaction. Event perimeter: FOMC decisions on the policy rate, forward guidance and asset purchases; statements devoted exclusively to swap lines excluded."
2019-03-20,2019-03-20T18:00:00+00:00,include_primary,True,statement_page,https://www.federalreserve.gov/newsevents/pressreleases/monetary20190320a.htm,confirmed_at_release_bar,,verified,"Pinna, F.",2026-09-29,"promoted in bulk: time from page evidence, or from the documented regular schedule and not contradicted by the market","Dates from the Board's FOMC calendar pages. Release times from the statement or press-conference page, otherwise from the regular schedule documented in the Board's release of 13 March 2013; flagged dates checked against the minutes of each meeting, which prevail over conflicting press-conference pages. Anchors are never set from the market reaction. Event perimeter: FOMC decisions on the policy rate, forward guidance and asset purchases; statements devoted exclusively to swap lines excluded."
2019-05-01,2019-05-01T18:00:00+00:00,include_primary,True,statement_page,https://www.federalreserve.gov/newsevents/pressreleases/monetary20190501a.htm,confirmed_at_release_bar,,verified,"Pinna, F.",2026-09-29,"promoted in bulk: time from page evidence, or from the documented regular schedule and not contradicted by the market","Dates from the Board's FOMC calendar pages. Release times from the statement or press-conference page, otherwise from the regular schedule documented in the Board's release of 13 March 2013; flagged dates checked against the minutes of each meeting, which prevail over conflicting press-conference pages. Anchors are never set from the market reaction. Event perimeter: FOMC decisions on the policy rate, forward guidance and asset purchases; statements devoted exclusively to swap lines excluded."
2019-06-19,2019-06-19T18:00:00+00:00,include_primary,True,statement_page,https://www.federalreserve.gov/newsevents/pressreleases/monetary20190619a.htm,confirmed_at_release_bar,,verified,"Pinna, F.",2026-09-29,"promoted in bulk: time from page evidence, or from the documented regular schedule and not contradicted by the market","Dates from the Board's FOMC calendar pages. Release times from the statement or press-conference page, otherwise from the regular schedule documented in the Board's release of 13 March 2013; flagged dates checked against the minutes of each meeting, which prevail over conflicting press-conference pages. Anchors are never set from the market reaction. Event perimeter: FOMC decisions on the policy rate, forward guidance and asset purchases; statements devoted exclusively to swap lines excluded."
2019-07-31,2019-07-31T18:00:00+00:00,include_primary,True,statement_page,https://www.federalreserve.gov/newsevents/pressreleases/monetary20190731a.htm,confirmed_at_release_bar,,verified,"Pinna, F.",2026-09-29,"promoted in bulk: time from page evidence, or from the documented regular schedule and not contradicted by the market","Dates from the Board's FOMC calendar pages. Release times from the statement or press-conference page, otherwise from the regular schedule documented in the Board's release of 13 March 2013; flagged dates checked against the minutes of each meeting, which prevail over conflicting press-conference pages. Anchors are never set from the market reaction. Event perimeter: FOMC decisions on the policy rate, forward guidance and asset purchases; statements devoted exclusively to swap lines excluded."
2019-09-18,2019-09-18T18:00:00+00:00,include_primary,True,statement_page,https://www.federalreserve.gov/newsevents/pressreleases/monetary20190918a.htm,confirmed_at_release_bar,,verified,"Pinna, F.",2026-09-29,"promoted in bulk: time from page evidence, or from the documented regular schedule and not contradicted by the market","Dates from the Board's FOMC calendar pages. Release times from the statement or press-conference page, otherwise from the regular schedule documented in the Board's release of 13 March 2013; flagged dates checked against the minutes of each meeting, which prevail over conflicting press-conference pages. Anchors are never set from the market reaction. Event perimeter: FOMC decisions on the policy rate, forward guidance and asset purchases; statements devoted exclusively to swap lines excluded."
2019-10-30,2019-10-30T18:00:00+00:00,include_primary,True,statement_page,https://www.federalreserve.gov/newsevents/pressreleases/monetary20191030a.htm,confirmed_at_release_bar,,verified,"Pinna, F.",2026-09-29,"promoted in bulk: time from page evidence, or from the documented regular schedule and not contradicted by the market","Dates from the Board's FOMC calendar pages. Release times from the statement or press-conference page, otherwise from the regular schedule documented in the Board's release of 13 March 2013; flagged dates checked against the minutes of each meeting, which prevail over conflicting press-conference pages. Anchors are never set from the market reaction. Event perimeter: FOMC decisions on the policy rate, forward guidance and asset purchases; statements devoted exclusively to swap lines excluded."
2019-12-11,2019-12-11T19:00:00+00:00,include_primary,True,statement_page,https://www.federalreserve.gov/newsevents/pressreleases/monetary20191211a.htm,no_visible_reaction,,verified,"Pinna, F.",2026-09-29,"promoted in bulk: time from page evidence, or from the documented regular schedule and not contradicted by the market","Dates from the Board's FOMC calendar pages. Release times from the statement or press-conference page, otherwise from the regular schedule documented in the Board's release of 13 March 2013; flagged dates checked against the minutes of each meeting, which prevail over conflicting press-conference pages. Anchors are never set from the market reaction. Event perimeter: FOMC decisions on the policy rate, forward guidance and asset purchases; statements devoted exclusively to swap lines excluded."
2020-01-29,2020-01-29T19:00:00+00:00,include_primary,True,statement_page,https://www.federalreserve.gov/newsevents/pressreleases/monetary20200129a.htm,no_visible_reaction,,verified,"Pinna, F.",2026-09-29,"promoted in bulk: time from page evidence, or from the documented regular schedule and not contradicted by the market","Dates from the Board's FOMC calendar pages. Release times from the statement or press-conference page, otherwise from the regular schedule documented in the Board's release of 13 March 2013; flagged dates checked against the minutes of each meeting, which prevail over conflicting press-conference pages. Anchors are never set from the market reaction. Event perimeter: FOMC decisions on the policy rate, forward guidance and asset purchases; statements devoted exclusively to swap lines excluded."
2020-03-03,2020-03-03T15:00:00+00:00,include_unscheduled,False,statement_page,https://www.federalreserve.gov/newsevents/pressreleases/monetary20200303a.htm,confirmed_at_release_bar,nonstandard_time_candidate_unscheduled,verified,"Pinna, F.",2026-09-29,"Unscheduled rate cut released at 10:00 a.m. EST (15:00 UTC), stated on the statement page; reported apart from the scheduled meetings.","Dates from the Board's FOMC calendar pages. Release times from the statement or press-conference page, otherwise from the regular schedule documented in the Board's release of 13 March 2013; flagged dates checked against the minutes of each meeting, which prevail over conflicting press-conference pages. Anchors are never set from the market reaction. Event perimeter: FOMC decisions on the policy rate, forward guidance and asset purchases; statements devoted exclusively to swap lines excluded."
2020-03-15,2020-03-15T21:00:00+00:00,exclude,False,statement_page,https://www.federalreserve.gov/newsevents/pressreleases/monetary20200315a.htm,no_market_data,weekend_announcement|nonstandard_time_candidate_unscheduled,verified,"Pinna, F.",2026-09-29,"Statement released at 5:00 p.m. EDT (21:00 UTC) on a Sunday, before the CME reopened: the immediate post-announcement window required by the design is not observable. A window at the reopening would measure a different response. Kept in the calendar with this reason.","Dates from the Board's FOMC calendar pages. Release times from the statement or press-conference page, otherwise from the regular schedule documented in the Board's release of 13 March 2013; flagged dates checked against the minutes of each meeting, which prevail over conflicting press-conference pages. Anchors are never set from the market reaction. Event perimeter: FOMC decisions on the policy rate, forward guidance and asset purchases; statements devoted exclusively to swap lines excluded."
2020-03-23,2020-03-23T12:00:00+00:00,include_unscheduled,False,statement_page,https://www.federalreserve.gov/newsevents/pressreleases/monetary20200323a.htm,confirmed_at_release_bar,nonstandard_time_candidate_unscheduled,verified,"Pinna, F.",2026-09-29,"Unscheduled statement on asset purchases and market functioning released at 8:00 a.m. EDT (12:00 UTC), stated on the statement page; reported apart from the scheduled meetings.","Dates from the Board's FOMC calendar pages. Release times from the statement or press-conference page, otherwise from the regular schedule documented in the Board's release of 13 March 2013; flagged dates checked against the minutes of each meeting, which prevail over conflicting press-conference pages. Anchors are never set from the market reaction. Event perimeter: FOMC decisions on the policy rate, forward guidance and asset purchases; statements devoted exclusively to swap lines excluded."
2020-04-29,2020-04-29T18:00:00+00:00,include_primary,True,statement_page,https://www.federalreserve.gov/newsevents/pressreleases/monetary20200429a.htm,no_visible_reaction,,verified,"Pinna, F.",2026-09-29,"promoted in bulk: time from page evidence, or from the documented regular schedule and not contradicted by the market","Dates from the Board's FOMC calendar pages. Release times from the statement or press-conference page, otherwise from the regular schedule documented in the Board's release of 13 March 2013; flagged dates checked against the minutes of each meeting, which prevail over conflicting press-conference pages. Anchors are never set from the market reaction. Event perimeter: FOMC decisions on the policy rate, forward guidance and asset purchases; statements devoted exclusively to swap lines excluded."
2020-06-10,2020-06-10T18:00:00+00:00,include_primary,True,statement_page,https://www.federalreserve.gov/newsevents/pressreleases/monetary20200610a.htm,confirmed_at_release_bar,,verified,"Pinna, F.",2026-09-29,"promoted in bulk: time from page evidence, or from the documented regular schedule and not contradicted by the market","Dates from the Board's FOMC calendar pages. Release times from the statement or press-conference page, otherwise from the regular schedule documented in the Board's release of 13 March 2013; flagged dates checked against the minutes of each meeting, which prevail over conflicting press-conference pages. Anchors are never set from the market reaction. Event perimeter: FOMC decisions on the policy rate, forward guidance and asset purchases; statements devoted exclusively to swap lines excluded."
2020-07-29,2020-07-29T18:00:00+00:00,include_primary,True,statement_page,https://www.federalreserve.gov/newsevents/pressreleases/monetary20200729a.htm,no_visible_reaction,,verified,"Pinna, F.",2026-09-29,"promoted in bulk: time from page evidence, or from the documented regular schedule and not contradicted by the market","Dates from the Board's FOMC calendar pages. Release times from the statement or press-conference page, otherwise from the regular schedule documented in the Board's release of 13 March 2013; flagged dates checked against the minutes of each meeting, which prevail over conflicting press-conference pages. Anchors are never set from the market reaction. Event perimeter: FOMC decisions on the policy rate, forward guidance and asset purchases; statements devoted exclusively to swap lines excluded."
2020-09-16,2020-09-16T18:00:00+00:00,include_primary,True,statement_page,https://www.federalreserve.gov/newsevents/pressreleases/monetary20200916a.htm,no_visible_reaction,,verified,"Pinna, F.",2026-09-29,"promoted in bulk: time from page evidence, or from the documented regular schedule and not contradicted by the market","Dates from the Board's FOMC calendar pages. Release times from the statement or press-conference page, otherwise from the regular schedule documented in the Board's release of 13 March 2013; flagged dates checked against the minutes of each meeting, which prevail over conflicting press-conference pages. Anchors are never set from the market reaction. Event perimeter: FOMC decisions on the policy rate, forward guidance and asset purchases; statements devoted exclusively to swap lines excluded."
2020-11-05,2020-11-05T19:00:00+00:00,include_primary,True,statement_page,https://www.federalreserve.gov/newsevents/pressreleases/monetary20201105a.htm,no_visible_reaction,,verified,"Pinna, F.",2026-09-29,"promoted in bulk: time from page evidence, or from the documented regular schedule and not contradicted by the market","Dates from the Board's FOMC calendar pages. Release times from the statement or press-conference page, otherwise from the regular schedule documented in the Board's release of 13 March 2013; flagged dates checked against the minutes of each meeting, which prevail over conflicting press-conference pages. Anchors are never set from the market reaction. Event perimeter: FOMC decisions on the policy rate, forward guidance and asset purchases; statements devoted exclusively to swap lines excluded."
2020-12-16,2020-12-16T19:00:00+00:00,include_primary,True,statement_page,https://www.federalreserve.gov/newsevents/pressreleases/monetary20201216a.htm,no_visible_reaction,,verified,"Pinna, F.",2026-09-29,"promoted in bulk: time from page evidence, or from the documented regular schedule and not contradicted by the market","Dates from the Board's FOMC calendar pages. Release times from the statement or press-conference page, otherwise from the regular schedule documented in the Board's release of 13 March 2013; flagged dates checked against the minutes of each meeting, which prevail over conflicting press-conference pages. Anchors are never set from the market reaction. Event perimeter: FOMC decisions on the policy rate, forward guidance and asset purchases; statements devoted exclusively to swap lines excluded."
2021-01-27,2021-01-27T19:00:00+00:00,include_primary,True,statement_page,https://www.federalreserve.gov/newsevents/pressreleases/monetary20210127a.htm,no_visible_reaction,,verified,"Pinna, F.",2026-09-29,"promoted in bulk: time from page evidence, or from the documented regular schedule and not contradicted by the market","Dates from the Board's FOMC calendar pages. Release times from the statement or press-conference page, otherwise from the regular schedule documented in the Board's release of 13 March 2013; flagged dates checked against the minutes of each meeting, which prevail over conflicting press-conference pages. Anchors are never set from the market reaction. Event perimeter: FOMC decisions on the policy rate, forward guidance and asset purchases; statements devoted exclusively to swap lines excluded."
2021-03-17,2021-03-17T18:00:00+00:00,include_primary,True,statement_page,https://www.federalreserve.gov/newsevents/pressreleases/monetary20210317a.htm,confirmed_at_release_bar,,verified,"Pinna, F.",2026-09-29,"promoted in bulk: time from page evidence, or from the documented regular schedule and not contradicted by the market","Dates from the Board's FOMC calendar pages. Release times from the statement or press-conference page, otherwise from the regular schedule documented in the Board's release of 13 March 2013; flagged dates checked against the minutes of each meeting, which prevail over conflicting press-conference pages. Anchors are never set from the market reaction. Event perimeter: FOMC decisions on the policy rate, forward guidance and asset purchases; statements devoted exclusively to swap lines excluded."
2021-04-28,2021-04-28T18:00:00+00:00,include_primary,True,statement_page,https://www.federalreserve.gov/newsevents/pressreleases/monetary20210428a.htm,confirmed_at_release_bar,,verified,"Pinna, F.",2026-09-29,"promoted in bulk: time from page evidence, or from the documented regular schedule and not contradicted by the market","Dates from the Board's FOMC calendar pages. Release times from the statement or press-conference page, otherwise from the regular schedule documented in the Board's release of 13 March 2013; flagged dates checked against the minutes of each meeting, which prevail over conflicting press-conference pages. Anchors are never set from the market reaction. Event perimeter: FOMC decisions on the policy rate, forward guidance and asset purchases; statements devoted exclusively to swap lines excluded."
2021-06-16,2021-06-16T18:00:00+00:00,include_primary,True,statement_page,https://www.federalreserve.gov/newsevents/pressreleases/monetary20210616a.htm,confirmed_at_release_bar,,verified,"Pinna, F.",2026-09-29,"promoted in bulk: time from page evidence, or from the documented regular schedule and not contradicted by the market","Dates from the Board's FOMC calendar pages. Release times from the statement or press-conference page, otherwise from the regular schedule documented in the Board's release of 13 March 2013; flagged dates checked against the minutes of each meeting, which prevail over conflicting press-conference pages. Anchors are never set from the market reaction. Event perimeter: FOMC decisions on the policy rate, forward guidance and asset purchases; statements devoted exclusively to swap lines excluded."
2021-07-28,2021-07-28T18:00:00+00:00,include_primary,True,statement_page,https://www.federalreserve.gov/newsevents/pressreleases/monetary20210728a.htm,confirmed_at_release_bar,,verified,"Pinna, F.",2026-09-29,"promoted in bulk: time from page evidence, or from the documented regular schedule and not contradicted by the market","Dates from the Board's FOMC calendar pages. Release times from the statement or press-conference page, otherwise from the regular schedule documented in the Board's release of 13 March 2013; flagged dates checked against the minutes of each meeting, which prevail over conflicting press-conference pages. Anchors are never set from the market reaction. Event perimeter: FOMC decisions on the policy rate, forward guidance and asset purchases; statements devoted exclusively to swap lines excluded."
2021-09-22,2021-09-22T18:00:00+00:00,include_primary,True,statement_page,https://www.federalreserve.gov/newsevents/pressreleases/monetary20210922a.htm,confirmed_at_release_bar,,verified,"Pinna, F.",2026-09-29,"promoted in bulk: time from page evidence, or from the documented regular schedule and not contradicted by the market","Dates from the Board's FOMC calendar pages. Release times from the statement or press-conference page, otherwise from the regular schedule documented in the Board's release of 13 March 2013; flagged dates checked against the minutes of each meeting, which prevail over conflicting press-conference pages. Anchors are never set from the market reaction. Event perimeter: FOMC decisions on the policy rate, forward guidance and asset purchases; statements devoted exclusively to swap lines excluded."
2021-11-03,2021-11-03T18:00:00+00:00,include_primary,True,statement_page,https://www.federalreserve.gov/newsevents/pressreleases/monetary20211103a.htm,confirmed_at_release_bar,,verified,"Pinna, F.",2026-09-29,"promoted in bulk: time from page evidence, or from the documented regular schedule and not contradicted by the market","Dates from the Board's FOMC calendar pages. Release times from the statement or press-conference page, otherwise from the regular schedule documented in the Board's release of 13 March 2013; flagged dates checked against the minutes of each meeting, which prevail over conflicting press-conference pages. Anchors are never set from the market reaction. Event perimeter: FOMC decisions on the policy rate, forward guidance and asset purchases; statements devoted exclusively to swap lines excluded."
2021-12-15,2021-12-15T19:00:00+00:00,include_primary,True,statement_page,https://www.federalreserve.gov/newsevents/pressreleases/monetary20211215a.htm,confirmed_at_release_bar,,verified,"Pinna, F.",2026-09-29,"promoted in bulk: time from page evidence, or from the documented regular schedule and not contradicted by the market","Dates from the Board's FOMC calendar pages. Release times from the statement or press-conference page, otherwise from the regular schedule documented in the Board's release of 13 March 2013; flagged dates checked against the minutes of each meeting, which prevail over conflicting press-conference pages. Anchors are never set from the market reaction. Event perimeter: FOMC decisions on the policy rate, forward guidance and asset purchases; statements devoted exclusively to swap lines excluded."
2022-01-26,2022-01-26T19:00:00+00:00,include_primary,True,statement_page,https://www.federalreserve.gov/newsevents/pressreleases/monetary20220126a.htm,confirmed_at_release_bar,,verified,"Pinna, F.",2026-09-29,"promoted in bulk: time from page evidence, or from the documented regular schedule and not contradicted by the market","Dates from the Board's FOMC calendar pages. Release times from the statement or press-conference page, otherwise from the regular schedule documented in the Board's release of 13 March 2013; flagged dates checked against the minutes of each meeting, which prevail over conflicting press-conference pages. Anchors are never set from the market reaction. Event perimeter: FOMC decisions on the policy rate, forward guidance and asset purchases; statements devoted exclusively to swap lines excluded."
2022-03-16,2022-03-16T18:00:00+00:00,include_primary,True,statement_page,https://www.federalreserve.gov/newsevents/pressreleases/monetary20220316a.htm,confirmed_at_release_bar,,verified,"Pinna, F.",2026-09-29,"promoted in bulk: time from page evidence, or from the documented regular schedule and not contradicted by the market","Dates from the Board's FOMC calendar pages. Release times from the statement or press-conference page, otherwise from the regular schedule documented in the Board's release of 13 March 2013; flagged dates checked against the minutes of each meeting, which prevail over conflicting press-conference pages. Anchors are never set from the market reaction. Event perimeter: FOMC decisions on the policy rate, forward guidance and asset purchases; statements devoted exclusively to swap lines excluded."
2022-05-04,2022-05-04T18:00:00+00:00,include_primary,True,statement_page,https://www.federalreserve.gov/newsevents/pressreleases/monetary20220504a.htm,no_visible_reaction,,verified,"Pinna, F.",2026-09-29,"promoted in bulk: time from page evidence, or from the documented regular schedule and not contradicted by the market","Dates from the Board's FOMC calendar pages. Release times from the statement or press-conference page, otherwise from the regular schedule documented in the Board's release of 13 March 2013; flagged dates checked against the minutes of each meeting, which prevail over conflicting press-conference pages. Anchors are never set from the market reaction. Event perimeter: FOMC decisions on the policy rate, forward guidance and asset purchases; statements devoted exclusively to swap lines excluded."
2022-06-15,2022-06-15T18:00:00+00:00,include_primary,True,statement_page,https://www.federalreserve.gov/newsevents/pressreleases/monetary20220615a.htm,confirmed_at_release_bar,,verified,"Pinna, F.",2026-09-29,"promoted in bulk: time from page evidence, or from the documented regular schedule and not contradicted by the market","Dates from the Board's FOMC calendar pages. Release times from the statement or press-conference page, otherwise from the regular schedule documented in the Board's release of 13 March 2013; flagged dates checked against the minutes of each meeting, which prevail over conflicting press-conference pages. Anchors are never set from the market reaction. Event perimeter: FOMC decisions on the policy rate, forward guidance and asset purchases; statements devoted exclusively to swap lines excluded."
2022-07-27,2022-07-27T18:00:00+00:00,include_primary,True,statement_page,https://www.federalreserve.gov/newsevents/pressreleases/monetary20220727a.htm,no_visible_reaction,,verified,"Pinna, F.",2026-09-29,"promoted in bulk: time from page evidence, or from the documented regular schedule and not contradicted by the market","Dates from the Board's FOMC calendar pages. Release times from the statement or press-conference page, otherwise from the regular schedule documented in the Board's release of 13 March 2013; flagged dates checked against the minutes of each meeting, which prevail over conflicting press-conference pages. Anchors are never set from the market reaction. Event perimeter: FOMC decisions on the policy rate, forward guidance and asset purchases; statements devoted exclusively to swap lines excluded."
2022-09-21,2022-09-21T18:00:00+00:00,include_primary,True,statement_page,https://www.federalreserve.gov/newsevents/pressreleases/monetary20220921a.htm,confirmed_at_release_bar,,verified,"Pinna, F.",2026-09-29,"promoted in bulk: time from page evidence, or from the documented regular schedule and not contradicted by the market","Dates from the Board's FOMC calendar pages. Release times from the statement or press-conference page, otherwise from the regular schedule documented in the Board's release of 13 March 2013; flagged dates checked against the minutes of each meeting, which prevail over conflicting press-conference pages. Anchors are never set from the market reaction. Event perimeter: FOMC decisions on the policy rate, forward guidance and asset purchases; statements devoted exclusively to swap lines excluded."
2022-11-02,2022-11-02T18:00:00+00:00,include_primary,True,statement_page,https://www.federalreserve.gov/newsevents/pressreleases/monetary20221102a.htm,confirmed_at_release_bar,,verified,"Pinna, F.",2026-09-29,"promoted in bulk: time from page evidence, or from the documented regular schedule and not contradicted by the market","Dates from the Board's FOMC calendar pages. Release times from the statement or press-conference page, otherwise from the regular schedule documented in the Board's release of 13 March 2013; flagged dates checked against the minutes of each meeting, which prevail over conflicting press-conference pages. Anchors are never set from the market reaction. Event perimeter: FOMC decisions on the policy rate, forward guidance and asset purchases; statements devoted exclusively to swap lines excluded."
2022-12-14,2022-12-14T19:00:00+00:00,include_primary,True,statement_page,https://www.federalreserve.gov/newsevents/pressreleases/monetary20221214a.htm,confirmed_at_release_bar,,verified,"Pinna, F.",2026-09-29,"promoted in bulk: time from page evidence, or from the documented regular schedule and not contradicted by the market","Dates from the Board's FOMC calendar pages. Release times from the statement or press-conference page, otherwise from the regular schedule documented in the Board's release of 13 March 2013; flagged dates checked against the minutes of each meeting, which prevail over conflicting press-conference pages. Anchors are never set from the market reaction. Event perimeter: FOMC decisions on the policy rate, forward guidance and asset purchases; statements devoted exclusively to swap lines excluded."
2023-02-01,2023-02-01T19:00:00+00:00,include_primary,True,statement_page,https://www.federalreserve.gov/newsevents/pressreleases/monetary20230201a.htm,confirmed_at_release_bar,,verified,"Pinna, F.",2026-09-29,"promoted in bulk: time from page evidence, or from the documented regular schedule and not contradicted by the market","Dates from the Board's FOMC calendar pages. Release times from the statement or press-conference page, otherwise from the regular schedule documented in the Board's release of 13 March 2013; flagged dates checked against the minutes of each meeting, which prevail over conflicting press-conference pages. Anchors are never set from the market reaction. Event perimeter: FOMC decisions on the policy rate, forward guidance and asset purchases; statements devoted exclusively to swap lines excluded."
2023-03-22,2023-03-22T18:00:00+00:00,include_primary,True,statement_page,https://www.federalreserve.gov/newsevents/pressreleases/monetary20230322a.htm,confirmed_at_release_bar,,verified,"Pinna, F.",2026-09-29,"promoted in bulk: time from page evidence, or from the documented regular schedule and not contradicted by the market","Dates from the Board's FOMC calendar pages. Release times from the statement or press-conference page, otherwise from the regular schedule documented in the Board's release of 13 March 2013; flagged dates checked against the minutes of each meeting, which prevail over conflicting press-conference pages. Anchors are never set from the market reaction. Event perimeter: FOMC decisions on the policy rate, forward guidance and asset purchases; statements devoted exclusively to swap lines excluded."
2023-05-03,2023-05-03T18:00:00+00:00,include_primary,True,statement_page,https://www.federalreserve.gov/newsevents/pressreleases/monetary20230503a.htm,no_visible_reaction,,verified,"Pinna, F.",2026-09-29,"promoted in bulk: time from page evidence, or from the documented regular schedule and not contradicted by the market","Dates from the Board's FOMC calendar pages. Release times from the statement or press-conference page, otherwise from the regular schedule documented in the Board's release of 13 March 2013; flagged dates checked against the minutes of each meeting, which prevail over conflicting press-conference pages. Anchors are never set from the market reaction. Event perimeter: FOMC decisions on the policy rate, forward guidance and asset purchases; statements devoted exclusively to swap lines excluded."
2023-06-14,2023-06-14T18:00:00+00:00,include_primary,True,statement_page,https://www.federalreserve.gov/newsevents/pressreleases/monetary20230614a.htm,confirmed_at_release_bar,,verified,"Pinna, F.",2026-09-29,"promoted in bulk: time from page evidence, or from the documented regular schedule and not contradicted by the market","Dates from the Board's FOMC calendar pages. Release times from the statement or press-conference page, otherwise from the regular schedule documented in the Board's release of 13 March 2013; flagged dates checked against the minutes of each meeting, which prevail over conflicting press-conference pages. Anchors are never set from the market reaction. Event perimeter: FOMC decisions on the policy rate, forward guidance and asset purchases; statements devoted exclusively to swap lines excluded."
2023-07-26,2023-07-26T18:00:00+00:00,include_primary,True,statement_page,https://www.federalreserve.gov/newsevents/pressreleases/monetary20230726a.htm,no_visible_reaction,,verified,"Pinna, F.",2026-09-29,"promoted in bulk: time from page evidence, or from the documented regular schedule and not contradicted by the market","Dates from the Board's FOMC calendar pages. Release times from the statement or press-conference page, otherwise from the regular schedule documented in the Board's release of 13 March 2013; flagged dates checked against the minutes of each meeting, which prevail over conflicting press-conference pages. Anchors are never set from the market reaction. Event perimeter: FOMC decisions on the policy rate, forward guidance and asset purchases; statements devoted exclusively to swap lines excluded."
2023-09-20,2023-09-20T18:00:00+00:00,include_primary,True,statement_page,https://www.federalreserve.gov/newsevents/pressreleases/monetary20230920a.htm,confirmed_at_release_bar,,verified,"Pinna, F.",2026-09-29,"promoted in bulk: time from page evidence, or from the documented regular schedule and not contradicted by the market","Dates from the Board's FOMC calendar pages. Release times from the statement or press-conference page, otherwise from the regular schedule documented in the Board's release of 13 March 2013; flagged dates checked against the minutes of each meeting, which prevail over conflicting press-conference pages. Anchors are never set from the market reaction. Event perimeter: FOMC decisions on the policy rate, forward guidance and asset purchases; statements devoted exclusively to swap lines excluded."
2023-11-01,2023-11-01T18:00:00+00:00,include_primary,True,statement_page,https://www.federalreserve.gov/newsevents/pressreleases/monetary20231101a.htm,confirmed_at_release_bar,,verified,"Pinna, F.",2026-09-29,"promoted in bulk: time from page evidence, or from the documented regular schedule and not contradicted by the market","Dates from the Board's FOMC calendar pages. Release times from the statement or press-conference page, otherwise from the regular schedule documented in the Board's release of 13 March 2013; flagged dates checked against the minutes of each meeting, which prevail over conflicting press-conference pages. Anchors are never set from the market reaction. Event perimeter: FOMC decisions on the policy rate, forward guidance and asset purchases; statements devoted exclusively to swap lines excluded."
2023-12-13,2023-12-13T19:00:00+00:00,include_primary,True,statement_page,https://www.federalreserve.gov/newsevents/pressreleases/monetary20231213a.htm,confirmed_at_release_bar,,verified,"Pinna, F.",2026-09-29,"promoted in bulk: time from page evidence, or from the documented regular schedule and not contradicted by the market","Dates from the Board's FOMC calendar pages. Release times from the statement or press-conference page, otherwise from the regular schedule documented in the Board's release of 13 March 2013; flagged dates checked against the minutes of each meeting, which prevail over conflicting press-conference pages. Anchors are never set from the market reaction. Event perimeter: FOMC decisions on the policy rate, forward guidance and asset purchases; statements devoted exclusively to swap lines excluded."
2024-01-31,2024-01-31T19:00:00+00:00,include_primary,True,statement_page,https://www.federalreserve.gov/newsevents/pressreleases/monetary20240131a.htm,confirmed_at_release_bar,,verified,"Pinna, F.",2026-09-29,"promoted in bulk: time from page evidence, or from the documented regular schedule and not contradicted by the market","Dates from the Board's FOMC calendar pages. Release times from the statement or press-conference page, otherwise from the regular schedule documented in the Board's release of 13 March 2013; flagged dates checked against the minutes of each meeting, which prevail over conflicting press-conference pages. Anchors are never set from the market reaction. Event perimeter: FOMC decisions on the policy rate, forward guidance and asset purchases; statements devoted exclusively to swap lines excluded."
2024-03-20,2024-03-20T18:00:00+00:00,include_primary,True,statement_page,https://www.federalreserve.gov/newsevents/pressreleases/monetary20240320a.htm,confirmed_at_release_bar,,verified,"Pinna, F.",2026-09-29,"promoted in bulk: time from page evidence, or from the documented regular schedule and not contradicted by the market","Dates from the Board's FOMC calendar pages. Release times from the statement or press-conference page, otherwise from the regular schedule documented in the Board's release of 13 March 2013; flagged dates checked against the minutes of each meeting, which prevail over conflicting press-conference pages. Anchors are never set from the market reaction. Event perimeter: FOMC decisions on the policy rate, forward guidance and asset purchases; statements devoted exclusively to swap lines excluded."
2024-05-01,2024-05-01T18:00:00+00:00,include_primary,True,statement_page,https://www.federalreserve.gov/newsevents/pressreleases/monetary20240501a.htm,confirmed_at_release_bar,,verified,"Pinna, F.",2026-09-29,"promoted in bulk: time from page evidence, or from the documented regular schedule and not contradicted by the market","Dates from the Board's FOMC calendar pages. Release times from the statement or press-conference page, otherwise from the regular schedule documented in the Board's release of 13 March 2013; flagged dates checked against the minutes of each meeting, which prevail over conflicting press-conference pages. Anchors are never set from the market reaction. Event perimeter: FOMC decisions on the policy rate, forward guidance and asset purchases; statements devoted exclusively to swap lines excluded."
2024-06-12,2024-06-12T18:00:00+00:00,include_primary,True,statement_page,https://www.federalreserve.gov/newsevents/pressreleases/monetary20240612a.htm,confirmed_at_release_bar,,verified,"Pinna, F.",2026-09-29,"promoted in bulk: time from page evidence, or from the documented regular schedule and not contradicted by the market","Dates from the Board's FOMC calendar pages. Release times from the statement or press-conference page, otherwise from the regular schedule documented in the Board's release of 13 March 2013; flagged dates checked against the minutes of each meeting, which prevail over conflicting press-conference pages. Anchors are never set from the market reaction. Event perimeter: FOMC decisions on the policy rate, forward guidance and asset purchases; statements devoted exclusively to swap lines excluded."
2024-07-31,2024-07-31T18:00:00+00:00,include_primary,True,statement_page,https://www.federalreserve.gov/newsevents/pressreleases/monetary20240731a.htm,no_visible_reaction,,verified,"Pinna, F.",2026-09-29,"promoted in bulk: time from page evidence, or from the documented regular schedule and not contradicted by the market","Dates from the Board's FOMC calendar pages. Release times from the statement or press-conference page, otherwise from the regular schedule documented in the Board's release of 13 March 2013; flagged dates checked against the minutes of each meeting, which prevail over conflicting press-conference pages. Anchors are never set from the market reaction. Event perimeter: FOMC decisions on the policy rate, forward guidance and asset purchases; statements devoted exclusively to swap lines excluded."
2024-09-18,2024-09-18T18:00:00+00:00,include_primary,True,statement_page,https://www.federalreserve.gov/newsevents/pressreleases/monetary20240918a.htm,confirmed_at_release_bar,,verified,"Pinna, F.",2026-09-29,"promoted in bulk: time from page evidence, or from the documented regular schedule and not contradicted by the market","Dates from the Board's FOMC calendar pages. Release times from the statement or press-conference page, otherwise from the regular schedule documented in the Board's release of 13 March 2013; flagged dates checked against the minutes of each meeting, which prevail over conflicting press-conference pages. Anchors are never set from the market reaction. Event perimeter: FOMC decisions on the policy rate, forward guidance and asset purchases; statements devoted exclusively to swap lines excluded."
2024-11-07,2024-11-07T19:00:00+00:00,include_primary,True,statement_page,https://www.federalreserve.gov/newsevents/pressreleases/monetary20241107a.htm,confirmed_at_release_bar,,verified,"Pinna, F.",2026-09-29,"promoted in bulk: time from page evidence, or from the documented regular schedule and not contradicted by the market","Dates from the Board's FOMC calendar pages. Release times from the statement or press-conference page, otherwise from the regular schedule documented in the Board's release of 13 March 2013; flagged dates checked against the minutes of each meeting, which prevail over conflicting press-conference pages. Anchors are never set from the market reaction. Event perimeter: FOMC decisions on the policy rate, forward guidance and asset purchases; statements devoted exclusively to swap lines excluded."
2024-12-18,2024-12-18T19:00:00+00:00,include_primary,True,statement_page,https://www.federalreserve.gov/newsevents/pressreleases/monetary20241218a.htm,confirmed_at_release_bar,,verified,"Pinna, F.",2026-09-29,"promoted in bulk: time from page evidence, or from the documented regular schedule and not contradicted by the market","Dates from the Board's FOMC calendar pages. Release times from the statement or press-conference page, otherwise from the regular schedule documented in the Board's release of 13 March 2013; flagged dates checked against the minutes of each meeting, which prevail over conflicting press-conference pages. Anchors are never set from the market reaction. Event perimeter: FOMC decisions on the policy rate, forward guidance and asset purchases; statements devoted exclusively to swap lines excluded."
2025-01-29,2025-01-29T19:00:00+00:00,include_primary,True,statement_page,https://www.federalreserve.gov/newsevents/pressreleases/monetary20250129a.htm,confirmed_at_release_bar,,verified,"Pinna, F.",2026-09-29,"promoted in bulk: time from page evidence, or from the documented regular schedule and not contradicted by the market","Dates from the Board's FOMC calendar pages. Release times from the statement or press-conference page, otherwise from the regular schedule documented in the Board's release of 13 March 2013; flagged dates checked against the minutes of each meeting, which prevail over conflicting press-conference pages. Anchors are never set from the market reaction. Event perimeter: FOMC decisions on the policy rate, forward guidance and asset purchases; statements devoted exclusively to swap lines excluded."
2025-03-19,2025-03-19T18:00:00+00:00,include_primary,True,statement_page,https://www.federalreserve.gov/newsevents/pressreleases/monetary20250319a.htm,confirmed_at_release_bar,,verified,"Pinna, F.",2026-09-29,"promoted in bulk: time from page evidence, or from the documented regular schedule and not contradicted by the market","Dates from the Board's FOMC calendar pages. Release times from the statement or press-conference page, otherwise from the regular schedule documented in the Board's release of 13 March 2013; flagged dates checked against the minutes of each meeting, which prevail over conflicting press-conference pages. Anchors are never set from the market reaction. Event perimeter: FOMC decisions on the policy rate, forward guidance and asset purchases; statements devoted exclusively to swap lines excluded."
2025-05-07,2025-05-07T18:00:00+00:00,include_primary,True,statement_page,https://www.federalreserve.gov/newsevents/pressreleases/monetary20250507a.htm,confirmed_at_release_bar,,verified,"Pinna, F.",2026-09-29,"promoted in bulk: time from page evidence, or from the documented regular schedule and not contradicted by the market","Dates from the Board's FOMC calendar pages. Release times from the statement or press-conference page, otherwise from the regular schedule documented in the Board's release of 13 March 2013; flagged dates checked against the minutes of each meeting, which prevail over conflicting press-conference pages. Anchors are never set from the market reaction. Event perimeter: FOMC decisions on the policy rate, forward guidance and asset purchases; statements devoted exclusively to swap lines excluded."
2025-06-18,2025-06-18T18:00:00+00:00,include_primary,True,statement_page,https://www.federalreserve.gov/newsevents/pressreleases/monetary20250618a.htm,confirmed_at_release_bar,,verified,"Pinna, F.",2026-09-29,"promoted in bulk: time from page evidence, or from the documented regular schedule and not contradicted by the market","Dates from the Board's FOMC calendar pages. Release times from the statement or press-conference page, otherwise from the regular schedule documented in the Board's release of 13 March 2013; flagged dates checked against the minutes of each meeting, which prevail over conflicting press-conference pages. Anchors are never set from the market reaction. Event perimeter: FOMC decisions on the policy rate, forward guidance and asset purchases; statements devoted exclusively to swap lines excluded."
2025-07-30,2025-07-30T18:00:00+00:00,include_primary,True,statement_page,https://www.federalreserve.gov/newsevents/pressreleases/monetary20250730a.htm,no_visible_reaction,,verified,"Pinna, F.",2026-09-29,"promoted in bulk: time from page evidence, or from the documented regular schedule and not contradicted by the market","Dates from the Board's FOMC calendar pages. Release times from the statement or press-conference page, otherwise from the regular schedule documented in the Board's release of 13 March 2013; flagged dates checked against the minutes of each meeting, which prevail over conflicting press-conference pages. Anchors are never set from the market reaction. Event perimeter: FOMC decisions on the policy rate, forward guidance and asset purchases; statements devoted exclusively to swap lines excluded."
2025-09-17,2025-09-17T18:00:00+00:00,include_primary,True,statement_page,https://www.federalreserve.gov/newsevents/pressreleases/monetary20250917a.htm,confirmed_at_release_bar,,verified,"Pinna, F.",2026-09-29,"promoted in bulk: time from page evidence, or from the documented regular schedule and not contradicted by the market","Dates from the Board's FOMC calendar pages. Release times from the statement or press-conference page, otherwise from the regular schedule documented in the Board's release of 13 March 2013; flagged dates checked against the minutes of each meeting, which prevail over conflicting press-conference pages. Anchors are never set from the market reaction. Event perimeter: FOMC decisions on the policy rate, forward guidance and asset purchases; statements devoted exclusively to swap lines excluded."
2025-10-29,2025-10-29T18:00:00+00:00,include_primary,True,statement_page,https://www.federalreserve.gov/newsevents/pressreleases/monetary20251029a.htm,no_visible_reaction,,verified,"Pinna, F.",2026-09-29,"promoted in bulk: time from page evidence, or from the documented regular schedule and not contradicted by the market","Dates from the Board's FOMC calendar pages. Release times from the statement or press-conference page, otherwise from the regular schedule documented in the Board's release of 13 March 2013; flagged dates checked against the minutes of each meeting, which prevail over conflicting press-conference pages. Anchors are never set from the market reaction. Event perimeter: FOMC decisions on the policy rate, forward guidance and asset purchases; statements devoted exclusively to swap lines excluded."
2025-12-10,2025-12-10T19:00:00+00:00,include_primary,True,statement_page,https://www.federalreserve.gov/newsevents/pressreleases/monetary20251210a.htm,confirmed_at_release_bar,,verified,"Pinna, F.",2026-09-29,"promoted in bulk: time from page evidence, or from the documented regular schedule and not contradicted by the market","Dates from the Board's FOMC calendar pages. Release times from the statement or press-conference page, otherwise from the regular schedule documented in the Board's release of 13 March 2013; flagged dates checked against the minutes of each meeting, which prevail over conflicting press-conference pages. Anchors are never set from the market reaction. Event perimeter: FOMC decisions on the policy rate, forward guidance and asset purchases; statements devoted exclusively to swap lines excluded."
2026-01-28,2026-01-28T19:00:00+00:00,include_primary,True,statement_page,https://www.federalreserve.gov/newsevents/pressreleases/monetary20260128a.htm,no_visible_reaction,,verified,"Pinna, F.",2026-09-29,"promoted in bulk: time from page evidence, or from the documented regular schedule and not contradicted by the market","Dates from the Board's FOMC calendar pages. Release times from the statement or press-conference page, otherwise from the regular schedule documented in the Board's release of 13 March 2013; flagged dates checked against the minutes of each meeting, which prevail over conflicting press-conference pages. Anchors are never set from the market reaction. Event perimeter: FOMC decisions on the policy rate, forward guidance and asset purchases; statements devoted exclusively to swap lines excluded."
2026-03-18,2026-03-18T18:00:00+00:00,include_primary,True,statement_page,https://www.federalreserve.gov/newsevents/pressreleases/monetary20260318a.htm,confirmed_at_release_bar,,verified,"Pinna, F.",2026-09-29,"promoted in bulk: time from page evidence, or from the documented regular schedule and not contradicted by the market","Dates from the Board's FOMC calendar pages. Release times from the statement or press-conference page, otherwise from the regular schedule documented in the Board's release of 13 March 2013; flagged dates checked against the minutes of each meeting, which prevail over conflicting press-conference pages. Anchors are never set from the market reaction. Event perimeter: FOMC decisions on the policy rate, forward guidance and asset purchases; statements devoted exclusively to swap lines excluded."
